source_row,actual_salt,predicted_salt,salt_identity_match,salt_descriptor_distance,salt_second_candidate,salt_second_distance,salt_margin
2,LiPF6,LiPF6,True,0.0,LiCF3SO3,2.3030468948764367,2.3030468948764367
3,LiPF6,LiPF6,True,0.0,LiCF3SO3,2.3030468948764367,2.3030468948764367
4,LiPF6,LiPF6,True,0.0,LiCF3SO3,2.3030468948764367,2.3030468948764367
5,LiPF6,LiPF6,True,0.0,LiCF3SO3,2.3030468948764367,2.3030468948764367
6,LiPF6,LiPF6,True,0.0,LiCF3SO3,2.3030468948764367,2.3030468948764367
7,LiPF6,LiPF6,True,0.0,LiCF3SO3,2.3030468948764367,2.3030468948764367
8,LiPF6,LiPF6,True,0.0,LiCF3SO3,2.3030468948764367,2.3030468948764367
9,LiPF6,LiPF6,True,0.0,LiCF3SO3,2.3030468948764367,2.3030468948764367
10,LiPF6,LiPF6,True,0.0,LiCF3SO3,2.3030468948764367,2.3030468948764367
11,LiPF6,LiPF6,True,0.0,LiCF3SO3,2.3030468948764367,2.3030468948764367
12,LiPF6,LiPF6,True,0.0,LiCF3SO3,2.3030468948764367,2.3030468948764367
13,LiPF6,LiPF6,True,0.0,LiCF3SO3,2.3030468948764367,2.3030468948764367
14,LiBF4,LiBF4,True,0.0,LiPF6,4.9577303274784965,4.9577303274784965
15,LiBF4,LiBF4,True,0.0,LiPF6,4.9577303274784965,4.9577303274784965
16,LiBF4,LiBF4,True,0.0,LiPF6,4.9577303274784965,4.9577303274784965
17,LiBF4,LiBF4,True,0.0,LiPF6,4.9577303274784965,4.9577303274784965
18,LiBF4,LiBF4,True,0.0,LiPF6,4.9577303274784965,4.9577303274784965
19,LiBF4,LiBF4,True,0.0,LiPF6,4.9577303274784965,4.9577303274784965
20,LiBF4,LiBF4,True,0.0,LiPF6,4.9577303274784965,4.9577303274784965
21,LiBF4,LiBF4,True,0.0,LiPF6,4.9577303274784965,4.9577303274784965
22,LiBF4,LiBF4,True,0.0,LiPF6,4.9577303274784965,4.9577303274784965
23,LiBF4,LiBF4,True,0.0,LiPF6,4.9577303274784965,4.9577303274784965
24,LiBF4,LiBF4,True,0.0,LiPF6,4.9577303274784965,4.9577303274784965
25,LiPF6,LiPF6,True,0.0,LiCF3SO3,2.3030468948764367,2.3030468948764367
26,LiPF6,LiPF6,True,0.0,LiCF3SO3,2.3030468948764367,2.3030468948764367
27,LiPF6,LiPF6,True,0.0,LiCF3SO3,2.3030468948764367,2.3030468948764367
28,LiPF6,LiPF6,True,0.0,LiCF3SO3,2.3030468948764367,2.3030468948764367
29,LiPF6,LiPF6,True,0.0,LiCF3SO3,2.3030468948764367,2.3030468948764367
30,LiPF6,LiPF6,True,0.0,LiCF3SO3,2.3030468948764367,2.3030468948764367
31,LiPF6,LiPF6,True,0.0,LiCF3SO3,2.3030468948764367,2.3030468948764367
32,LiPF6,LiPF6,True,0.0,LiCF3SO3,2.3030468948764367,2.3030468948764367
33,LiFSI,LiFSI,True,0.0,LiTFSI,0.21852459815773637,0.21852459815773637
34,LiFSI,LiFSI,True,0.0,LiTFSI,0.21852459815773637,0.21852459815773637
35,LiFSI,LiFSI,True,0.0,LiTFSI,0.21852459815773637,0.21852459815773637
36,LiFSI,LiFSI,True,0.0,LiTFSI,0.21852459815773637,0.21852459815773637
37,LiFSI,LiFSI,True,0.0,LiTFSI,0.21852459815773637,0.21852459815773637
38,LiFSI,LiFSI,True,0.0,LiTFSI,0.21852459815773637,0.21852459815773637
39,LiFSI,LiFSI,True,0.0,LiTFSI,0.21852459815773637,0.21852459815773637
40,LiFSI,LiFSI,True,0.0,LiTFSI,0.21852459815773637,0.21852459815773637
41,LiFSI,LiFSI,True,0.0,LiTFSI,0.21852459815773637,0.21852459815773637
42,LiFSI,LiFSI,True,0.0,LiTFSI,0.21852459815773637,0.21852459815773637
43,LiFSI,LiFSI,True,0.0,LiTFSI,0.21852459815773637,0.21852459815773637
44,LiFSI,LiFSI,True,0.0,LiTFSI,0.21852459815773637,0.21852459815773637
45,LiFSI,LiFSI,True,0.0,LiTFSI,0.21852459815773637,0.21852459815773637
46,LiFSI,LiFSI,True,0.0,LiTFSI,0.21852459815773637,0.21852459815773637
47,LiFSI,LiFSI,True,0.0,LiTFSI,0.21852459815773637,0.21852459815773637
48,LiFSI,LiFSI,True,0.0,LiTFSI,0.21852459815773637,0.21852459815773637
49,LiFSI,LiFSI,True,0.0,LiTFSI,0.21852459815773637,0.21852459815773637
50,LiFSI,LiFSI,True,0.0,LiTFSI,0.21852459815773637,0.21852459815773637
51,LiFSI,LiFSI,True,0.0,LiTFSI,0.21852459815773637,0.21852459815773637
52,LiPF6,LiPF6,True,0.0,LiCF3SO3,2.3030468948764367,2.3030468948764367
53,LiPF6,LiPF6,True,0.0,LiCF3SO3,2.3030468948764367,2.3030468948764367
54,LiPF6,LiPF6,True,0.0,LiCF3SO3,2.3030468948764367,2.3030468948764367
55,LiPF6,LiPF6,True,0.0,LiCF3SO3,2.3030468948764367,2.3030468948764367
56,LiPF6,LiPF6,True,0.0,LiCF3SO3,2.3030468948764367,2.3030468948764367
57,LiPF6,LiPF6,True,0.0,LiCF3SO3,2.3030468948764367,2.3030468948764367
58,LiPF6,LiPF6,True,0.0,LiCF3SO3,2.3030468948764367,2.3030468948764367
59,LiPF6,LiPF6,True,0.0,LiCF3SO3,2.3030468948764367,2.3030468948764367
60,LiPF6,LiPF6,True,0.0,LiCF3SO3,2.3030468948764367,2.3030468948764367
61,LiPF6,LiPF6,True,0.0,LiCF3SO3,2.3030468948764367,2.3030468948764367
62,LiBF4,LiBF4,True,0.0,LiPF6,4.9577303274784965,4.9577303274784965
63,LiBF4,LiBF4,True,0.0,LiPF6,4.9577303274784965,4.9577303274784965
64,LiBF4,LiBF4,True,0.0,LiPF6,4.9577303274784965,4.9577303274784965
65,LiBF4,LiBF4,True,0.0,LiPF6,4.9577303274784965,4.9577303274784965
66,LiBF4,LiBF4,True,0.0,LiPF6,4.9577303274784965,4.9577303274784965
67,LiBF4,LiBF4,True,0.0,LiPF6,4.9577303274784965,4.9577303274784965
68,LiBF4,LiBF4,True,0.0,LiPF6,4.9577303274784965,4.9577303274784965
69,LiBF4,LiBF4,True,0.0,LiPF6,4.9577303274784965,4.9577303274784965
70,LiBF4,LiBF4,True,0.0,LiPF6,4.9577303274784965,4.9577303274784965
71,LiBF4,LiBF4,True,0.0,LiPF6,4.9577303274784965,4.9577303274784965
72,LiBF4,LiBF4,True,0.0,LiPF6,4.9577303274784965,4.9577303274784965
73,LiBF4,LiBF4,True,0.0,LiPF6,4.9577303274784965,4.9577303274784965
74,LiBF4,LiBF4,True,0.0,LiPF6,4.9577303274784965,4.9577303274784965
75,LiBF4,LiBF4,True,0.0,LiPF6,4.9577303274784965,4.9577303274784965
76,LiBF4,LiBF4,True,0.0,LiPF6,4.9577303274784965,4.9577303274784965
77,LiBF4,LiBF4,True,0.0,LiPF6,4.9577303274784965,4.9577303274784965
78,LiBF4,LiBF4,True,0.0,LiPF6,4.9577303274784965,4.9577303274784965
79,LiBF4,LiBF4,True,0.0,LiPF6,4.9577303274784965,4.9577303274784965
80,LiBF4,LiBF4,True,0.0,LiPF6,4.9577303274784965,4.9577303274784965
81,LiBF4,LiBF4,True,0.0,LiPF6,4.9577303274784965,4.9577303274784965
82,LiTDI,LiTDI,True,0.0,LiPDI,0.16454178800535424,0.16454178800535424
83,LiTDI,LiTDI,True,0.0,LiPDI,0.16454178800535424,0.16454178800535424
84,LiTDI,LiTDI,True,0.0,LiPDI,0.16454178800535424,0.16454178800535424
85,LiTDI,LiTDI,True,0.0,LiPDI,0.16454178800535424,0.16454178800535424
86,LiTDI,LiTDI,True,0.0,LiPDI,0.16454178800535424,0.16454178800535424
87,LiTDI,LiTDI,True,0.0,LiPDI,0.16454178800535424,0.16454178800535424
88,LiTDI,LiTDI,True,0.0,LiPDI,0.16454178800535424,0.16454178800535424
89,LiTDI,LiTDI,True,0.0,LiPDI,0.16454178800535424,0.16454178800535424
90,LiTDI,LiTDI,True,0.0,LiPDI,0.16454178800535424,0.16454178800535424
91,LiTDI,LiTDI,True,0.0,LiPDI,0.16454178800535424,0.16454178800535424
92,LiTDI,LiTDI,True,0.0,LiPDI,0.16454178800535424,0.16454178800535424
93,LiTDI,LiTDI,True,0.0,LiPDI,0.16454178800535424,0.16454178800535424
94,LiTDI,LiTDI,True,0.0,LiPDI,0.16454178800535424,0.16454178800535424
95,LiPDI,LiPDI,True,0.0,LiTDI,0.16454178800535424,0.16454178800535424
96,LiPDI,LiPDI,True,0.0,LiTDI,0.16454178800535424,0.16454178800535424
97,LiPDI,LiPDI,True,0.0,LiTDI,0.16454178800535424,0.16454178800535424
98,LiPDI,LiPDI,True,0.0,LiTDI,0.16454178800535424,0.16454178800535424
99,LiPDI,LiPDI,True,0.0,LiTDI,0.16454178800535424,0.16454178800535424
100,LiPDI,LiPDI,True,0.0,LiTDI,0.16454178800535424,0.16454178800535424
101,LiPDI,LiPDI,True,0.0,LiTDI,0.16454178800535424,0.16454178800535424
102,LiPDI,LiPDI,True,0.0,LiTDI,0.16454178800535424,0.16454178800535424
103,LiPDI,LiPDI,True,0.0,LiTDI,0.16454178800535424,0.16454178800535424
104,LiPDI,LiPDI,True,0.0,LiTDI,0.16454178800535424,0.16454178800535424
105,LiPDI,LiPDI,True,0.0,LiTDI,0.16454178800535424,0.16454178800535424
106,LiPDI,LiPDI,True,0.0,LiTDI,0.16454178800535424,0.16454178800535424
107,LiPDI,LiPDI,True,0.0,LiTDI,0.16454178800535424,0.16454178800535424
108,LiPF6,LiPF6,True,0.0,LiCF3SO3,2.3030468948764367,2.3030468948764367
109,LiPF6,LiPF6,True,0.0,LiCF3SO3,2.3030468948764367,2.3030468948764367
110,LiPF6,LiPF6,True,0.0,LiCF3SO3,2.3030468948764367,2.3030468948764367
111,LiPF6,LiPF6,True,0.0,LiCF3SO3,2.3030468948764367,2.3030468948764367
112,LiPF6,LiPF6,True,0.0,LiCF3SO3,2.3030468948764367,2.3030468948764367
113,LiPF6,LiPF6,True,0.0,LiCF3SO3,2.3030468948764367,2.3030468948764367
114,LiPF6,LiPF6,True,0.0,LiCF3SO3,2.3030468948764367,2.3030468948764367
115,LiPF6,LiPF6,True,0.0,LiCF3SO3,2.3030468948764367,2.3030468948764367
116,LiPF6,LiPF6,True,0.0,LiCF3SO3,2.3030468948764367,2.3030468948764367
117,LiPF6,LiPF6,True,0.0,LiCF3SO3,2.3030468948764367,2.3030468948764367
118,LiPF6,LiPF6,True,0.0,LiCF3SO3,2.3030468948764367,2.3030468948764367
119,LiPF6,LiPF6,True,0.0,LiCF3SO3,2.3030468948764367,2.3030468948764367
120,LiPF6,LiPF6,True,0.0,LiCF3SO3,2.3030468948764367,2.3030468948764367
121,LiTFSI,LiTFSI,True,0.0,LiN(CF3SO2)2,0.08006247560491905,0.08006247560491905
122,LiTFSI,LiTFSI,True,0.0,LiN(CF3SO2)2,0.08006247560491905,0.08006247560491905
123,LiTFSI,LiTFSI,True,0.0,LiN(CF3SO2)2,0.08006247560491905,0.08006247560491905
124,LiTFSI,LiTFSI,True,0.0,LiN(CF3SO2)2,0.08006247560491905,0.08006247560491905
125,LiTFSI,LiTFSI,True,0.0,LiN(CF3SO2)2,0.08006247560491905,0.08006247560491905
126,LiTFSI,LiTFSI,True,0.0,LiN(CF3SO2)2,0.08006247560491905,0.08006247560491905
127,LiTFSI,LiTFSI,True,0.0,LiN(CF3SO2)2,0.08006247560491905,0.08006247560491905
128,LiTFSI,LiTFSI,True,0.0,LiN(CF3SO2)2,0.08006247560491905,0.08006247560491905
129,LiTFSI,LiTFSI,True,0.0,LiN(CF3SO2)2,0.08006247560491905,0.08006247560491905
130,LiTFSI,LiTFSI,True,0.0,LiN(CF3SO2)2,0.08006247560491905,0.08006247560491905
131,LiTFSI,LiTFSI,True,0.0,LiN(CF3SO2)2,0.08006247560491905,0.08006247560491905
132,LiPF6,LiPF6,True,0.0,LiCF3SO3,2.3030468948764367,2.3030468948764367
133,LiPF6,LiPF6,True,0.0,LiCF3SO3,2.3030468948764367,2.3030468948764367
134,LiPF6,LiPF6,True,0.0,LiCF3SO3,2.3030468948764367,2.3030468948764367
135,LiPF6,LiPF6,True,0.0,LiCF3SO3,2.3030468948764367,2.3030468948764367
136,LiPF6,LiPF6,True,0.0,LiCF3SO3,2.3030468948764367,2.3030468948764367
137,LiPF6,LiPF6,True,0.0,LiCF3SO3,2.3030468948764367,2.3030468948764367
138,LiPF6,LiPF6,True,0.0,LiCF3SO3,2.3030468948764367,2.3030468948764367
139,LiPF6,LiPF6,True,0.0,LiCF3SO3,2.3030468948764367,2.3030468948764367
140,LiPF6,LiPF6,True,0.0,LiCF3SO3,2.3030468948764367,2.3030468948764367
141,LiPF6,LiPF6,True,0.0,LiCF3SO3,2.3030468948764367,2.3030468948764367
142,LiPF6,LiPF6,True,0.0,LiCF3SO3,2.3030468948764367,2.3030468948764367
143,LiPF6,LiPF6,True,0.0,LiCF3SO3,2.3030468948764367,2.3030468948764367
144,LiPF6,LiPF6,True,0.0,LiCF3SO3,2.3030468948764367,2.3030468948764367
145,LiPF6,LiPF6,True,0.0,LiCF3SO3,2.3030468948764367,2.3030468948764367
146,LiPF6,LiPF6,True,0.0,LiCF3SO3,2.3030468948764367,2.3030468948764367
147,LiPF6,LiPF6,True,0.0,LiCF3SO3,2.3030468948764367,2.3030468948764367
148,LiPF6,LiPF6,True,0.0,LiCF3SO3,2.3030468948764367,2.3030468948764367
149,LiPF6,LiPF6,True,0.0,LiCF3SO3,2.3030468948764367,2.3030468948764367
150,LiPF6,LiPF6,True,0.0,LiCF3SO3,2.3030468948764367,2.3030468948764367
151,LiPF6,LiPF6,True,0.0,LiCF3SO3,2.3030468948764367,2.3030468948764367
152,LiPF6,LiPF6,True,0.0,LiCF3SO3,2.3030468948764367,2.3030468948764367
153,LiPF6,LiPF6,True,0.0,LiCF3SO3,2.3030468948764367,2.3030468948764367
154,LiPF6,LiPF6,True,0.0,LiCF3SO3,2.3030468948764367,2.3030468948764367
155,LiPF6,LiPF6,True,0.0,LiCF3SO3,2.3030468948764367,2.3030468948764367
156,LiPF6,LiPF6,True,0.0,LiCF3SO3,2.3030468948764367,2.3030468948764367
157,LiPF6,LiPF6,True,0.0,LiCF3SO3,2.3030468948764367,2.3030468948764367
158,LiPF6,LiPF6,True,0.0,LiCF3SO3,2.3030468948764367,2.3030468948764367
159,LiPF6,LiPF6,True,0.0,LiCF3SO3,2.3030468948764367,2.3030468948764367
160,LiPF6,LiPF6,True,0.0,LiCF3SO3,2.3030468948764367,2.3030468948764367
161,LiPF6,LiPF6,True,0.0,LiCF3SO3,2.3030468948764367,2.3030468948764367
162,LiPF6,LiPF6,True,0.0,LiCF3SO3,2.3030468948764367,2.3030468948764367
163,LiPF6,LiPF6,True,0.0,LiCF3SO3,2.3030468948764367,2.3030468948764367
164,LiPF6,LiPF6,True,0.0,LiCF3SO3,2.3030468948764367,2.3030468948764367
165,LiPF6,LiPF6,True,0.0,LiCF3SO3,2.3030468948764367,2.3030468948764367
166,LiPF6,LiPF6,True,0.0,LiCF3SO3,2.3030468948764367,2.3030468948764367
167,LiPF6,LiPF6,True,0.0,LiCF3SO3,2.3030468948764367,2.3030468948764367
168,LiPF6,LiPF6,True,0.0,LiCF3SO3,2.3030468948764367,2.3030468948764367
169,LiPF6,LiPF6,True,0.0,LiCF3SO3,2.3030468948764367,2.3030468948764367
170,LiPF6,LiPF6,True,0.0,LiCF3SO3,2.3030468948764367,2.3030468948764367
171,LiPF6,LiPF6,True,0.0,LiCF3SO3,2.3030468948764367,2.3030468948764367
172,LiPF6,LiPF6,True,0.0,LiCF3SO3,2.3030468948764367,2.3030468948764367
173,LiPF6,LiPF6,True,0.0,LiCF3SO3,2.3030468948764367,2.3030468948764367
174,LiPF6,LiPF6,True,0.0,LiCF3SO3,2.3030468948764367,2.3030468948764367
175,LiPF6,LiPF6,True,0.0,LiCF3SO3,2.3030468948764367,2.3030468948764367
176,LiPF6,LiPF6,True,0.0,LiCF3SO3,2.3030468948764367,2.3030468948764367
177,LiPF6,LiPF6,True,0.0,LiCF3SO3,2.3030468948764367,2.3030468948764367
178,LiPF6,LiPF6,True,0.0,LiCF3SO3,2.3030468948764367,2.3030468948764367
179,LiPF6,LiPF6,True,0.0,LiCF3SO3,2.3030468948764367,2.3030468948764367
180,LiPF6,LiPF6,True,0.0,LiCF3SO3,2.3030468948764367,2.3030468948764367
181,LiPF6,LiPF6,True,0.0,LiCF3SO3,2.3030468948764367,2.3030468948764367
182,LiPF6,LiPF6,True,0.0,LiCF3SO3,2.3030468948764367,2.3030468948764367
183,LiPF6,LiPF6,True,0.0,LiCF3SO3,2.3030468948764367,2.3030468948764367
184,LiPF6,LiPF6,True,0.0,LiCF3SO3,2.3030468948764367,2.3030468948764367
185,LiPF6,LiPF6,True,0.0,LiCF3SO3,2.3030468948764367,2.3030468948764367
186,LiPF6,LiPF6,True,0.0,LiCF3SO3,2.3030468948764367,2.3030468948764367
187,LiPF6,LiPF6,True,0.0,LiCF3SO3,2.3030468948764367,2.3030468948764367
188,LiPF6,LiPF6,True,0.0,LiCF3SO3,2.3030468948764367,2.3030468948764367
189,LiPF6,LiPF6,True,0.0,LiCF3SO3,2.3030468948764367,2.3030468948764367
190,LiPF6,LiPF6,True,0.0,LiCF3SO3,2.3030468948764367,2.3030468948764367
191,LiPF6,LiPF6,True,0.0,LiCF3SO3,2.3030468948764367,2.3030468948764367
192,LiPF6,LiPF6,True,0.0,LiCF3SO3,2.3030468948764367,2.3030468948764367
193,LiPF6,LiPF6,True,0.0,LiCF3SO3,2.3030468948764367,2.3030468948764367
194,LiPF6,LiPF6,True,0.0,LiCF3SO3,2.3030468948764367,2.3030468948764367
195,LiTFSI,LiTFSI,True,0.0,LiN(CF3SO2)2,0.08006247560491905,0.08006247560491905
196,LiTFSI,LiTFSI,True,0.0,LiN(CF3SO2)2,0.08006247560491905,0.08006247560491905
197,LiTFSI,LiTFSI,True,0.0,LiN(CF3SO2)2,0.08006247560491905,0.08006247560491905
198,LiTFSI,LiTFSI,True,0.0,LiN(CF3SO2)2,0.08006247560491905,0.08006247560491905
199,LiTFSI,LiTFSI,True,0.0,LiN(CF3SO2)2,0.08006247560491905,0.08006247560491905
200,LiTFSI,LiTFSI,True,0.0,LiN(CF3SO2)2,0.08006247560491905,0.08006247560491905
201,LiTFSI,LiTFSI,True,0.0,LiN(CF3SO2)2,0.08006247560491905,0.08006247560491905
202,LiTFSI,LiTFSI,True,0.0,LiN(CF3SO2)2,0.08006247560491905,0.08006247560491905
203,LiTFSI,LiTFSI,True,0.0,LiN(CF3SO2)2,0.08006247560491905,0.08006247560491905
204,LiTFSI,LiTFSI,True,0.0,LiN(CF3SO2)2,0.08006247560491905,0.08006247560491905
205,LiTFSI,LiTFSI,True,0.0,LiN(CF3SO2)2,0.08006247560491905,0.08006247560491905
206,LiTFSI,LiTFSI,True,0.0,LiN(CF3SO2)2,0.08006247560491905,0.08006247560491905
207,LiTFSI,LiTFSI,True,0.0,LiN(CF3SO2)2,0.08006247560491905,0.08006247560491905
208,LiTFSI,LiTFSI,True,0.0,LiN(CF3SO2)2,0.08006247560491905,0.08006247560491905
209,LiTFSI,LiTFSI,True,0.0,LiN(CF3SO2)2,0.08006247560491905,0.08006247560491905
210,LiTFSI,LiTFSI,True,0.0,LiN(CF3SO2)2,0.08006247560491905,0.08006247560491905
211,LiTFSI,LiTFSI,True,0.0,LiN(CF3SO2)2,0.08006247560491905,0.08006247560491905
212,LiTFSI,LiTFSI,True,0.0,LiN(CF3SO2)2,0.08006247560491905,0.08006247560491905
213,LiTFSI,LiTFSI,True,0.0,LiN(CF3SO2)2,0.08006247560491905,0.08006247560491905
214,LiTFSI,LiTFSI,True,0.0,LiN(CF3SO2)2,0.08006247560491905,0.08006247560491905
215,LiTFSI,LiTFSI,True,0.0,LiN(CF3SO2)2,0.08006247560491905,0.08006247560491905
216,LiTFSI,LiTFSI,True,0.0,LiN(CF3SO2)2,0.08006247560491905,0.08006247560491905
217,LiTFSI,LiTFSI,True,0.0,LiN(CF3SO2)2,0.08006247560491905,0.08006247560491905
218,LiTFSI,LiTFSI,True,0.0,LiN(CF3SO2)2,0.08006247560491905,0.08006247560491905
219,LiTFSI,LiTFSI,True,0.0,LiN(CF3SO2)2,0.08006247560491905,0.08006247560491905
220,LiTFSI,LiTFSI,True,0.0,LiN(CF3SO2)2,0.08006247560491905,0.08006247560491905
221,LiTFSI,LiTFSI,True,0.0,LiN(CF3SO2)2,0.08006247560491905,0.08006247560491905
222,LiTFSI,LiTFSI,True,0.0,LiN(CF3SO2)2,0.08006247560491905,0.08006247560491905
223,LiTFSI,LiTFSI,True,0.0,LiN(CF3SO2)2,0.08006247560491905,0.08006247560491905
224,LiTFSI,LiTFSI,True,0.0,LiN(CF3SO2)2,0.08006247560491905,0.08006247560491905
225,LiTFSI,LiTFSI,True,0.0,LiN(CF3SO2)2,0.08006247560491905,0.08006247560491905
226,LiTFSI,LiTFSI,True,0.0,LiN(CF3SO2)2,0.08006247560491905,0.08006247560491905
227,LiTFSI,LiTFSI,True,0.0,LiN(CF3SO2)2,0.08006247560491905,0.08006247560491905
228,LiTFSI,LiTFSI,True,0.0,LiN(CF3SO2)2,0.08006247560491905,0.08006247560491905
229,LiTFSI,LiTFSI,True,0.0,LiN(CF3SO2)2,0.08006247560491905,0.08006247560491905
230,LiTFSI,LiTFSI,True,0.0,LiN(CF3SO2)2,0.08006247560491905,0.08006247560491905
231,LiTFSI,LiTFSI,True,0.0,LiN(CF3SO2)2,0.08006247560491905,0.08006247560491905
232,LiTFSI,LiTFSI,True,0.0,LiN(CF3SO2)2,0.08006247560491905,0.08006247560491905
233,LiTFSI,LiTFSI,True,0.0,LiN(CF3SO2)2,0.08006247560491905,0.08006247560491905
234,LiTFSI,LiTFSI,True,0.0,LiN(CF3SO2)2,0.08006247560491905,0.08006247560491905
235,LiTFSI,LiTFSI,True,0.0,LiN(CF3SO2)2,0.08006247560491905,0.08006247560491905
236,LiTFSI,LiTFSI,True,0.0,LiN(CF3SO2)2,0.08006247560491905,0.08006247560491905
237,LiTFSI,LiTFSI,True,0.0,LiN(CF3SO2)2,0.08006247560491905,0.08006247560491905
238,LiTFSI,LiTFSI,True,0.0,LiN(CF3SO2)2,0.08006247560491905,0.08006247560491905
239,LiTFSI,LiTFSI,True,0.0,LiN(CF3SO2)2,0.08006247560491905,0.08006247560491905
240,LiTFSI,LiTFSI,True,0.0,LiN(CF3SO2)2,0.08006247560491905,0.08006247560491905
241,LiTFSI,LiTFSI,True,0.0,LiN(CF3SO2)2,0.08006247560491905,0.08006247560491905
242,LiTFSI,LiTFSI,True,0.0,LiN(CF3SO2)2,0.08006247560491905,0.08006247560491905
243,LiTFSI,LiTFSI,True,0.0,LiN(CF3SO2)2,0.08006247560491905,0.08006247560491905
244,LiTFSI,LiTFSI,True,0.0,LiN(CF3SO2)2,0.08006247560491905,0.08006247560491905
245,LiTFSI,LiTFSI,True,0.0,LiN(CF3SO2)2,0.08006247560491905,0.08006247560491905
246,LiTFSI,LiTFSI,True,0.0,LiN(CF3SO2)2,0.08006247560491905,0.08006247560491905
247,LiTFSI,LiTFSI,True,0.0,LiN(CF3SO2)2,0.08006247560491905,0.08006247560491905
248,LiTFSI,LiTFSI,True,0.0,LiN(CF3SO2)2,0.08006247560491905,0.08006247560491905
249,LiTFSI,LiTFSI,True,0.0,LiN(CF3SO2)2,0.08006247560491905,0.08006247560491905
250,LiTFSI,LiTFSI,True,0.0,LiN(CF3SO2)2,0.08006247560491905,0.08006247560491905
251,LiTFSI,LiTFSI,True,0.0,LiN(CF3SO2)2,0.08006247560491905,0.08006247560491905
252,LiPF6,LiPF6,True,0.0,LiCF3SO3,2.3030468948764367,2.3030468948764367
253,LiPF6,LiPF6,True,0.0,LiCF3SO3,2.3030468948764367,2.3030468948764367
254,LiPF6,LiPF6,True,0.0,LiCF3SO3,2.3030468948764367,2.3030468948764367
255,LiPF6,LiPF6,True,0.0,LiCF3SO3,2.3030468948764367,2.3030468948764367
256,LiPF6,LiPF6,True,0.0,LiCF3SO3,2.3030468948764367,2.3030468948764367
257,LiPF6,LiPF6,True,0.0,LiCF3SO3,2.3030468948764367,2.3030468948764367
258,LiPF6,LiPF6,True,0.0,LiCF3SO3,2.3030468948764367,2.3030468948764367
259,LiPF6,LiPF6,True,0.0,LiCF3SO3,2.3030468948764367,2.3030468948764367
260,LiPF6,LiPF6,True,0.0,LiCF3SO3,2.3030468948764367,2.3030468948764367
261,LiPF6,LiPF6,True,0.0,LiCF3SO3,2.3030468948764367,2.3030468948764367
262,LiPF6,LiPF6,True,0.0,LiCF3SO3,2.3030468948764367,2.3030468948764367
263,LiPF6,LiPF6,True,0.0,LiCF3SO3,2.3030468948764367,2.3030468948764367
264,LiPF6,LiPF6,True,0.0,LiCF3SO3,2.3030468948764367,2.3030468948764367
265,LiPF6,LiPF6,True,0.0,LiCF3SO3,2.3030468948764367,2.3030468948764367
266,LiPF6,LiPF6,True,0.0,LiCF3SO3,2.3030468948764367,2.3030468948764367
267,LiPF6,LiPF6,True,0.0,LiCF3SO3,2.3030468948764367,2.3030468948764367
268,LiPF6,LiPF6,True,0.0,LiCF3SO3,2.3030468948764367,2.3030468948764367
269,LiPF6,LiPF6,True,0.0,LiCF3SO3,2.3030468948764367,2.3030468948764367
270,LiPF6,LiPF6,True,0.0,LiCF3SO3,2.3030468948764367,2.3030468948764367
271,LiPF6,LiPF6,True,0.0,LiCF3SO3,2.3030468948764367,2.3030468948764367
272,LiPF6,LiPF6,True,0.0,LiCF3SO3,2.3030468948764367,2.3030468948764367
273,LiPF6,LiPF6,True,0.0,LiCF3SO3,2.3030468948764367,2.3030468948764367
274,LiPF6,LiPF6,True,0.0,LiCF3SO3,2.3030468948764367,2.3030468948764367
275,LiPF6,LiPF6,True,0.0,LiCF3SO3,2.3030468948764367,2.3030468948764367
276,LiPF6,LiPF6,True,0.0,LiCF3SO3,2.3030468948764367,2.3030468948764367
277,LiPF6,LiPF6,True,0.0,LiCF3SO3,2.3030468948764367,2.3030468948764367
278,LiPF6,LiPF6,True,0.0,LiCF3SO3,2.3030468948764367,2.3030468948764367
279,LiPF6,LiPF6,True,0.0,LiCF3SO3,2.3030468948764367,2.3030468948764367
280,LiPF6,LiPF6,True,0.0,LiCF3SO3,2.3030468948764367,2.3030468948764367
281,LiPF6,LiPF6,True,0.0,LiCF3SO3,2.3030468948764367,2.3030468948764367
282,LiPF6,LiPF6,True,0.0,LiCF3SO3,2.3030468948764367,2.3030468948764367
283,LiPF6,LiPF6,True,0.0,LiCF3SO3,2.3030468948764367,2.3030468948764367
284,LiPF6,LiPF6,True,0.0,LiCF3SO3,2.3030468948764367,2.3030468948764367
285,LiPF6,LiPF6,True,0.0,LiCF3SO3,2.3030468948764367,2.3030468948764367
286,LiPF6,LiPF6,True,0.0,LiCF3SO3,2.3030468948764367,2.3030468948764367
287,LiPF6,LiPF6,True,0.0,LiCF3SO3,2.3030468948764367,2.3030468948764367
288,LiPF6,LiPF6,True,0.0,LiCF3SO3,2.3030468948764367,2.3030468948764367
289,LiPF6,LiPF6,True,0.0,LiCF3SO3,2.3030468948764367,2.3030468948764367
290,LiPF6,LiPF6,True,0.0,LiCF3SO3,2.3030468948764367,2.3030468948764367
291,LiPF6,LiPF6,True,0.0,LiCF3SO3,2.3030468948764367,2.3030468948764367
292,LiClO4,LiClO4,True,0.0,LiBMB,1.8499410801428244,1.8499410801428244
293,LiClO4,LiClO4,True,0.0,LiBMB,1.8499410801428244,1.8499410801428244
294,LiClO4,LiClO4,True,0.0,LiBMB,1.8499410801428244,1.8499410801428244
295,LiClO4,LiClO4,True,0.0,LiBMB,1.8499410801428244,1.8499410801428244
296,LiClO4,LiClO4,True,0.0,LiBMB,1.8499410801428244,1.8499410801428244
297,LiClO4,LiClO4,True,0.0,LiBMB,1.8499410801428244,1.8499410801428244
298,LiClO4,LiClO4,True,0.0,LiBMB,1.8499410801428244,1.8499410801428244
299,LiClO4,LiClO4,True,0.0,LiBMB,1.8499410801428244,1.8499410801428244
300,LiClO4,LiClO4,True,0.0,LiBMB,1.8499410801428244,1.8499410801428244
301,LiClO4,LiClO4,True,0.0,LiBMB,1.8499410801428244,1.8499410801428244
302,LiClO4,LiClO4,True,0.0,LiBMB,1.8499410801428244,1.8499410801428244
303,LiClO4,LiClO4,True,0.0,LiBMB,1.8499410801428244,1.8499410801428244
304,LiClO4,LiClO4,True,0.0,LiBMB,1.8499410801428244,1.8499410801428244
305,LiClO4,LiClO4,True,0.0,LiBMB,1.8499410801428244,1.8499410801428244
306,LiClO4,LiClO4,True,0.0,LiBMB,1.8499410801428244,1.8499410801428244
307,LiClO4,LiClO4,True,0.0,LiBMB,1.8499410801428244,1.8499410801428244
308,LiClO4,LiClO4,True,0.0,LiBMB,1.8499410801428244,1.8499410801428244
309,LiClO4,LiClO4,True,0.0,LiBMB,1.8499410801428244,1.8499410801428244
310,LiClO4,LiClO4,True,0.0,LiBMB,1.8499410801428244,1.8499410801428244
311,LiClO4,LiClO4,True,0.0,LiBMB,1.8499410801428244,1.8499410801428244
312,LiClO4,LiClO4,True,0.0,LiBMB,1.8499410801428244,1.8499410801428244
313,LiClO4,LiClO4,True,0.0,LiBMB,1.8499410801428244,1.8499410801428244
314,LiClO4,LiClO4,True,0.0,LiBMB,1.8499410801428244,1.8499410801428244
315,LiClO4,LiClO4,True,0.0,LiBMB,1.8499410801428244,1.8499410801428244
316,LiClO4,LiClO4,True,0.0,LiBMB,1.8499410801428244,1.8499410801428244
317,LiClO4,LiClO4,True,0.0,LiBMB,1.8499410801428244,1.8499410801428244
318,LiClO4,LiClO4,True,0.0,LiBMB,1.8499410801428244,1.8499410801428244
319,LiClO4,LiClO4,True,0.0,LiBMB,1.8499410801428244,1.8499410801428244
320,LiClO4,LiClO4,True,0.0,LiBMB,1.8499410801428244,1.8499410801428244
321,LiClO4,LiClO4,True,0.0,LiBMB,1.8499410801428244,1.8499410801428244
322,LiClO4,LiClO4,True,0.0,LiBMB,1.8499410801428244,1.8499410801428244
323,LiClO4,LiClO4,True,0.0,LiBMB,1.8499410801428244,1.8499410801428244
324,LiClO4,LiClO4,True,0.0,LiBMB,1.8499410801428244,1.8499410801428244
325,LiClO4,LiClO4,True,0.0,LiBMB,1.8499410801428244,1.8499410801428244
326,LiClO4,LiClO4,True,0.0,LiBMB,1.8499410801428244,1.8499410801428244
327,LiClO4,LiClO4,True,0.0,LiBMB,1.8499410801428244,1.8499410801428244
328,LiClO4,LiClO4,True,0.0,LiBMB,1.8499410801428244,1.8499410801428244
329,LiClO4,LiClO4,True,0.0,LiBMB,1.8499410801428244,1.8499410801428244
330,LiClO4,LiClO4,True,0.0,LiBMB,1.8499410801428244,1.8499410801428244
331,LiClO4,LiClO4,True,0.0,LiBMB,1.8499410801428244,1.8499410801428244
332,LiClO4,LiClO4,True,0.0,LiBMB,1.8499410801428244,1.8499410801428244
333,LiClO4,LiClO4,True,0.0,LiBMB,1.8499410801428244,1.8499410801428244
334,LiClO4,LiClO4,True,0.0,LiBMB,1.8499410801428244,1.8499410801428244
335,LiClO4,LiClO4,True,0.0,LiBMB,1.8499410801428244,1.8499410801428244
336,LiClO4,LiClO4,True,0.0,LiBMB,1.8499410801428244,1.8499410801428244
337,LiClO4,LiClO4,True,0.0,LiBMB,1.8499410801428244,1.8499410801428244
338,LiClO4,LiClO4,True,0.0,LiBMB,1.8499410801428244,1.8499410801428244
339,LiClO4,LiClO4,True,0.0,LiBMB,1.8499410801428244,1.8499410801428244
340,LiClO4,LiClO4,True,0.0,LiBMB,1.8499410801428244,1.8499410801428244
341,LiClO4,LiClO4,True,0.0,LiBMB,1.8499410801428244,1.8499410801428244
342,LiClO4,LiClO4,True,0.0,LiBMB,1.8499410801428244,1.8499410801428244
343,LiClO4,LiClO4,True,0.0,LiBMB,1.8499410801428244,1.8499410801428244
344,LiClO4,LiClO4,True,0.0,LiBMB,1.8499410801428244,1.8499410801428244
345,LiClO4,LiClO4,True,0.0,LiBMB,1.8499410801428244,1.8499410801428244
346,LiClO4,LiClO4,True,0.0,LiBMB,1.8499410801428244,1.8499410801428244
347,LiClO4,LiClO4,True,0.0,LiBMB,1.8499410801428244,1.8499410801428244
348,LiClO4,LiClO4,True,0.0,LiBMB,1.8499410801428244,1.8499410801428244
349,LiClO4,LiClO4,True,0.0,LiBMB,1.8499410801428244,1.8499410801428244
350,LiClO4,LiClO4,True,0.0,LiBMB,1.8499410801428244,1.8499410801428244
351,LiClO4,LiClO4,True,0.0,LiBMB,1.8499410801428244,1.8499410801428244
352,LiClO4,LiClO4,True,0.0,LiBMB,1.8499410801428244,1.8499410801428244
353,LiClO4,LiClO4,True,0.0,LiBMB,1.8499410801428244,1.8499410801428244
354,LiClO4,LiClO4,True,0.0,LiBMB,1.8499410801428244,1.8499410801428244
355,LiClO4,LiClO4,True,0.0,LiBMB,1.8499410801428244,1.8499410801428244
356,LiClO4,LiClO4,True,0.0,LiBMB,1.8499410801428244,1.8499410801428244
357,LiClO4,LiClO4,True,0.0,LiBMB,1.8499410801428244,1.8499410801428244
358,LiClO4,LiClO4,True,0.0,LiBMB,1.8499410801428244,1.8499410801428244
359,LiClO4,LiClO4,True,0.0,LiBMB,1.8499410801428244,1.8499410801428244
360,LiClO4,LiClO4,True,0.0,LiBMB,1.8499410801428244,1.8499410801428244
361,LiClO4,LiClO4,True,0.0,LiBMB,1.8499410801428244,1.8499410801428244
362,LiAsF6,LiAsF6,True,1.1920928955078125e-07,LiBPFPB,0.5910008460230971,0.5910007268138076
363,LiAsF6,LiAsF6,True,1.1920928955078125e-07,LiBPFPB,0.5910008460230971,0.5910007268138076
364,LiAsF6,LiAsF6,True,1.1920928955078125e-07,LiBPFPB,0.5910008460230971,0.5910007268138076
365,LiAsF6,LiAsF6,True,1.1920928955078125e-07,LiBPFPB,0.5910008460230971,0.5910007268138076
366,LiAsF6,LiAsF6,True,1.1920928955078125e-07,LiBPFPB,0.5910008460230971,0.5910007268138076
367,LiAsF6,LiAsF6,True,1.1920928955078125e-07,LiBPFPB,0.5910008460230971,0.5910007268138076
368,LiAsF6,LiAsF6,True,1.1920928955078125e-07,LiBPFPB,0.5910008460230971,0.5910007268138076
369,LiAsF6,LiAsF6,True,1.1920928955078125e-07,LiBPFPB,0.5910008460230971,0.5910007268138076
370,LiAsF6,LiAsF6,True,1.1920928955078125e-07,LiBPFPB,0.5910008460230971,0.5910007268138076
371,LiAsF6,LiAsF6,True,1.1920928955078125e-07,LiBPFPB,0.5910008460230971,0.5910007268138076
372,LiAsF6,LiAsF6,True,1.1920928955078125e-07,LiBPFPB,0.5910008460230971,0.5910007268138076
373,LiAsF6,LiAsF6,True,1.1920928955078125e-07,LiBPFPB,0.5910008460230971,0.5910007268138076
374,LiAsF6,LiAsF6,True,1.1920928955078125e-07,LiBPFPB,0.5910008460230971,0.5910007268138076
375,LiAsF6,LiAsF6,True,1.1920928955078125e-07,LiBPFPB,0.5910008460230971,0.5910007268138076
376,LiAsF6,LiAsF6,True,1.1920928955078125e-07,LiBPFPB,0.5910008460230971,0.5910007268138076
377,LiAsF6,LiAsF6,True,1.1920928955078125e-07,LiBPFPB,0.5910008460230971,0.5910007268138076
378,LiAsF6,LiAsF6,True,1.1920928955078125e-07,LiBPFPB,0.5910008460230971,0.5910007268138076
379,LiAsF6,LiAsF6,True,1.1920928955078125e-07,LiBPFPB,0.5910008460230971,0.5910007268138076
380,LiAsF6,LiAsF6,True,1.1920928955078125e-07,LiBPFPB,0.5910008460230971,0.5910007268138076
381,LiAsF6,LiAsF6,True,1.1920928955078125e-07,LiBPFPB,0.5910008460230971,0.5910007268138076
382,LiAsF6,LiAsF6,True,1.1920928955078125e-07,LiBPFPB,0.5910008460230971,0.5910007268138076
383,LiAsF6,LiAsF6,True,1.1920928955078125e-07,LiBPFPB,0.5910008460230971,0.5910007268138076
384,LiAsF6,LiAsF6,True,1.1920928955078125e-07,LiBPFPB,0.5910008460230971,0.5910007268138076
385,LiAsF6,LiAsF6,True,1.1920928955078125e-07,LiBPFPB,0.5910008460230971,0.5910007268138076
386,LiAsF6,LiAsF6,True,1.1920928955078125e-07,LiBPFPB,0.5910008460230971,0.5910007268138076
387,LiAsF6,LiAsF6,True,1.1920928955078125e-07,LiBPFPB,0.5910008460230971,0.5910007268138076
388,LiAsF6,LiAsF6,True,1.1920928955078125e-07,LiBPFPB,0.5910008460230971,0.5910007268138076
389,LiAsF6,LiAsF6,True,1.1920928955078125e-07,LiBPFPB,0.5910008460230971,0.5910007268138076
390,LiAsF6,LiAsF6,True,1.1920928955078125e-07,LiBPFPB,0.5910008460230971,0.5910007268138076
391,LiAsF6,LiAsF6,True,1.1920928955078125e-07,LiBPFPB,0.5910008460230971,0.5910007268138076
392,LiAsF6,LiAsF6,True,1.1920928955078125e-07,LiBPFPB,0.5910008460230971,0.5910007268138076
393,LiAsF6,LiAsF6,True,1.1920928955078125e-07,LiBPFPB,0.5910008460230971,0.5910007268138076
394,LiAsF6,LiAsF6,True,1.1920928955078125e-07,LiBPFPB,0.5910008460230971,0.5910007268138076
395,LiAsF6,LiAsF6,True,1.1920928955078125e-07,LiBPFPB,0.5910008460230971,0.5910007268138076
396,LiAsF6,LiAsF6,True,1.1920928955078125e-07,LiBPFPB,0.5910008460230971,0.5910007268138076
397,LiAsF6,LiAsF6,True,1.1920928955078125e-07,LiBPFPB,0.5910008460230971,0.5910007268138076
398,LiAsF6,LiAsF6,True,1.1920928955078125e-07,LiBPFPB,0.5910008460230971,0.5910007268138076
399,LiAsF6,LiAsF6,True,1.1920928955078125e-07,LiBPFPB,0.5910008460230971,0.5910007268138076
400,LiAsF6,LiAsF6,True,1.1920928955078125e-07,LiBPFPB,0.5910008460230971,0.5910007268138076
401,LiAsF6,LiAsF6,True,1.1920928955078125e-07,LiBPFPB,0.5910008460230971,0.5910007268138076
402,LiAsF6,LiAsF6,True,1.1920928955078125e-07,LiBPFPB,0.5910008460230971,0.5910007268138076
403,LiAsF6,LiAsF6,True,1.1920928955078125e-07,LiBPFPB,0.5910008460230971,0.5910007268138076
404,LiAsF6,LiAsF6,True,1.1920928955078125e-07,LiBPFPB,0.5910008460230971,0.5910007268138076
405,LiAsF6,LiAsF6,True,1.1920928955078125e-07,LiBPFPB,0.5910008460230971,0.5910007268138076
406,LiAsF6,LiAsF6,True,1.1920928955078125e-07,LiBPFPB,0.5910008460230971,0.5910007268138076
407,LiPF6,LiPF6,True,0.0,LiCF3SO3,2.3030468948764367,2.3030468948764367
408,LiPF6,LiPF6,True,0.0,LiCF3SO3,2.3030468948764367,2.3030468948764367
409,LiPF6,LiPF6,True,0.0,LiCF3SO3,2.3030468948764367,2.3030468948764367
410,LiPF6,LiPF6,True,0.0,LiCF3SO3,2.3030468948764367,2.3030468948764367
411,LiPF6,LiPF6,True,0.0,LiCF3SO3,2.3030468948764367,2.3030468948764367
412,LiPF6,LiPF6,True,0.0,LiCF3SO3,2.3030468948764367,2.3030468948764367
413,LiPF6,LiPF6,True,0.0,LiCF3SO3,2.3030468948764367,2.3030468948764367
414,LiPF6,LiPF6,True,0.0,LiCF3SO3,2.3030468948764367,2.3030468948764367
415,LiPF6,LiPF6,True,0.0,LiCF3SO3,2.3030468948764367,2.3030468948764367
416,LiPF6,LiPF6,True,0.0,LiCF3SO3,2.3030468948764367,2.3030468948764367
417,LiPF6,LiPF6,True,0.0,LiCF3SO3,2.3030468948764367,2.3030468948764367
418,LiPF6,LiPF6,True,0.0,LiCF3SO3,2.3030468948764367,2.3030468948764367
419,LiPF6,LiPF6,True,0.0,LiCF3SO3,2.3030468948764367,2.3030468948764367
420,LiPF6,LiPF6,True,0.0,LiCF3SO3,2.3030468948764367,2.3030468948764367
421,LiPF6,LiPF6,True,0.0,LiCF3SO3,2.3030468948764367,2.3030468948764367
422,LiPF6,LiPF6,True,0.0,LiCF3SO3,2.3030468948764367,2.3030468948764367
423,LiPF6,LiPF6,True,0.0,LiCF3SO3,2.3030468948764367,2.3030468948764367
424,LiPF6,LiPF6,True,0.0,LiCF3SO3,2.3030468948764367,2.3030468948764367
425,LiPF6,LiPF6,True,0.0,LiCF3SO3,2.3030468948764367,2.3030468948764367
426,LiPF6,LiPF6,True,0.0,LiCF3SO3,2.3030468948764367,2.3030468948764367
427,LiPF6,LiPF6,True,0.0,LiCF3SO3,2.3030468948764367,2.3030468948764367
428,LiPF6,LiPF6,True,0.0,LiCF3SO3,2.3030468948764367,2.3030468948764367
429,LiPF6,LiPF6,True,0.0,LiCF3SO3,2.3030468948764367,2.3030468948764367
430,LiPF6,LiPF6,True,0.0,LiCF3SO3,2.3030468948764367,2.3030468948764367
431,LiPF6,LiPF6,True,0.0,LiCF3SO3,2.3030468948764367,2.3030468948764367
432,LiPF6,LiPF6,True,0.0,LiCF3SO3,2.3030468948764367,2.3030468948764367
433,LiPF6,LiPF6,True,0.0,LiCF3SO3,2.3030468948764367,2.3030468948764367
434,LiPF6,LiPF6,True,0.0,LiCF3SO3,2.3030468948764367,2.3030468948764367
435,LiPF6,LiPF6,True,0.0,LiCF3SO3,2.3030468948764367,2.3030468948764367
436,LiPF6,LiPF6,True,0.0,LiCF3SO3,2.3030468948764367,2.3030468948764367
437,LiPF6,LiPF6,True,0.0,LiCF3SO3,2.3030468948764367,2.3030468948764367
438,LiPF6,LiPF6,True,0.0,LiCF3SO3,2.3030468948764367,2.3030468948764367
439,LiPF6,LiPF6,True,0.0,LiCF3SO3,2.3030468948764367,2.3030468948764367
440,LiPF6,LiPF6,True,0.0,LiCF3SO3,2.3030468948764367,2.3030468948764367
441,LiPF6,LiPF6,True,0.0,LiCF3SO3,2.3030468948764367,2.3030468948764367
442,LiPF6,LiPF6,True,0.0,LiCF3SO3,2.3030468948764367,2.3030468948764367
443,LiPF6,LiPF6,True,0.0,LiCF3SO3,2.3030468948764367,2.3030468948764367
444,LiPF6,LiPF6,True,0.0,LiCF3SO3,2.3030468948764367,2.3030468948764367
445,LiPF6,LiPF6,True,0.0,LiCF3SO3,2.3030468948764367,2.3030468948764367
446,LiPF6,LiPF6,True,0.0,LiCF3SO3,2.3030468948764367,2.3030468948764367
447,LiPF6,LiPF6,True,0.0,LiCF3SO3,2.3030468948764367,2.3030468948764367
448,LiPF6,LiPF6,True,0.0,LiCF3SO3,2.3030468948764367,2.3030468948764367
449,LiPF6,LiPF6,True,0.0,LiCF3SO3,2.3030468948764367,2.3030468948764367
450,LiPF6,LiPF6,True,0.0,LiCF3SO3,2.3030468948764367,2.3030468948764367
451,LiPF6,LiPF6,True,0.0,LiCF3SO3,2.3030468948764367,2.3030468948764367
452,LiPF6,LiPF6,True,0.0,LiCF3SO3,2.3030468948764367,2.3030468948764367
453,LiPF6,LiPF6,True,0.0,LiCF3SO3,2.3030468948764367,2.3030468948764367
454,LiPF6,LiPF6,True,0.0,LiCF3SO3,2.3030468948764367,2.3030468948764367
455,LiPF6,LiPF6,True,0.0,LiCF3SO3,2.3030468948764367,2.3030468948764367
456,LiPF6,LiPF6,True,0.0,LiCF3SO3,2.3030468948764367,2.3030468948764367
457,LiPF6,LiPF6,True,0.0,LiCF3SO3,2.3030468948764367,2.3030468948764367
458,LiPF6,LiPF6,True,0.0,LiCF3SO3,2.3030468948764367,2.3030468948764367
459,LiPF6,LiPF6,True,0.0,LiCF3SO3,2.3030468948764367,2.3030468948764367
460,LiPF6,LiPF6,True,0.0,LiCF3SO3,2.3030468948764367,2.3030468948764367
461,LiPF6,LiPF6,True,0.0,LiCF3SO3,2.3030468948764367,2.3030468948764367
462,LiPF6,LiPF6,True,0.0,LiCF3SO3,2.3030468948764367,2.3030468948764367
463,LiBF4,LiBF4,True,0.0,LiPF6,4.9577303274784965,4.9577303274784965
464,LiBF4,LiBF4,True,0.0,LiPF6,4.9577303274784965,4.9577303274784965
465,LiBF4,LiBF4,True,0.0,LiPF6,4.9577303274784965,4.9577303274784965
466,LiBF4,LiBF4,True,0.0,LiPF6,4.9577303274784965,4.9577303274784965
467,LiBF4,LiBF4,True,0.0,LiPF6,4.9577303274784965,4.9577303274784965
468,LiBF4,LiBF4,True,0.0,LiPF6,4.9577303274784965,4.9577303274784965
469,LiBF4,LiBF4,True,0.0,LiPF6,4.9577303274784965,4.9577303274784965
470,LiBF4,LiBF4,True,0.0,LiPF6,4.9577303274784965,4.9577303274784965
471,LiBF4,LiBF4,True,0.0,LiPF6,4.9577303274784965,4.9577303274784965
472,LiBF4,LiBF4,True,0.0,LiPF6,4.9577303274784965,4.9577303274784965
473,LiBF4,LiBF4,True,0.0,LiPF6,4.9577303274784965,4.9577303274784965
474,LiBF4,LiBF4,True,0.0,LiPF6,4.9577303274784965,4.9577303274784965
475,LiBF4,LiBF4,True,0.0,LiPF6,4.9577303274784965,4.9577303274784965
476,LiBF4,LiBF4,True,0.0,LiPF6,4.9577303274784965,4.9577303274784965
477,LiBF4,LiBF4,True,0.0,LiPF6,4.9577303274784965,4.9577303274784965
478,LiBF4,LiBF4,True,0.0,LiPF6,4.9577303274784965,4.9577303274784965
479,LiBF4,LiBF4,True,0.0,LiPF6,4.9577303274784965,4.9577303274784965
480,LiBF4,LiBF4,True,0.0,LiPF6,4.9577303274784965,4.9577303274784965
481,LiBF4,LiBF4,True,0.0,LiPF6,4.9577303274784965,4.9577303274784965
482,LiBF4,LiBF4,True,0.0,LiPF6,4.9577303274784965,4.9577303274784965
483,LiBF4,LiBF4,True,0.0,LiPF6,4.9577303274784965,4.9577303274784965
484,LiBF4,LiBF4,True,0.0,LiPF6,4.9577303274784965,4.9577303274784965
485,LiBF4,LiBF4,True,0.0,LiPF6,4.9577303274784965,4.9577303274784965
486,LiBF4,LiBF4,True,0.0,LiPF6,4.9577303274784965,4.9577303274784965
487,LiBF4,LiBF4,True,0.0,LiPF6,4.9577303274784965,4.9577303274784965
488,LiBF4,LiBF4,True,0.0,LiPF6,4.9577303274784965,4.9577303274784965
489,LiBF4,LiBF4,True,0.0,LiPF6,4.9577303274784965,4.9577303274784965
490,LiBF4,LiBF4,True,0.0,LiPF6,4.9577303274784965,4.9577303274784965
491,LiBF4,LiBF4,True,0.0,LiPF6,4.9577303274784965,4.9577303274784965
492,LiBF4,LiBF4,True,0.0,LiPF6,4.9577303274784965,4.9577303274784965
493,LiBF4,LiBF4,True,0.0,LiPF6,4.9577303274784965,4.9577303274784965
494,LiBF4,LiBF4,True,0.0,LiPF6,4.9577303274784965,4.9577303274784965
495,LiBF4,LiBF4,True,0.0,LiPF6,4.9577303274784965,4.9577303274784965
496,LiBF4,LiBF4,True,0.0,LiPF6,4.9577303274784965,4.9577303274784965
497,LiBF4,LiBF4,True,0.0,LiPF6,4.9577303274784965,4.9577303274784965
498,LiBF4,LiBF4,True,0.0,LiPF6,4.9577303274784965,4.9577303274784965
499,LiBF4,LiBF4,True,0.0,LiPF6,4.9577303274784965,4.9577303274784965
500,LiBF4,LiBF4,True,0.0,LiPF6,4.9577303274784965,4.9577303274784965
501,LiBF4,LiBF4,True,0.0,LiPF6,4.9577303274784965,4.9577303274784965
502,LiBF4,LiBF4,True,0.0,LiPF6,4.9577303274784965,4.9577303274784965
503,LiBF4,LiBF4,True,0.0,LiPF6,4.9577303274784965,4.9577303274784965
504,LiBF4,LiBF4,True,0.0,LiPF6,4.9577303274784965,4.9577303274784965
505,LiBF4,LiBF4,True,0.0,LiPF6,4.9577303274784965,4.9577303274784965
506,LiBF4,LiBF4,True,0.0,LiPF6,4.9577303274784965,4.9577303274784965
507,LiBF4,LiBF4,True,0.0,LiPF6,4.9577303274784965,4.9577303274784965
508,LiBF4,LiBF4,True,0.0,LiPF6,4.9577303274784965,4.9577303274784965
509,LiBF4,LiBF4,True,0.0,LiPF6,4.9577303274784965,4.9577303274784965
510,LiBF4,LiBF4,True,0.0,LiPF6,4.9577303274784965,4.9577303274784965
511,LiBF4,LiBF4,True,0.0,LiPF6,4.9577303274784965,4.9577303274784965
512,LiBF4,LiBF4,True,0.0,LiPF6,4.9577303274784965,4.9577303274784965
513,LiBF4,LiBF4,True,0.0,LiPF6,4.9577303274784965,4.9577303274784965
514,LiBF4,LiBF4,True,0.0,LiPF6,4.9577303274784965,4.9577303274784965
515,LiBF4,LiBF4,True,0.0,LiPF6,4.9577303274784965,4.9577303274784965
516,LiBF4,LiBF4,True,0.0,LiPF6,4.9577303274784965,4.9577303274784965
517,LiBF4,LiBF4,True,0.0,LiPF6,4.9577303274784965,4.9577303274784965
518,LiBF4,LiBF4,True,0.0,LiPF6,4.9577303274784965,4.9577303274784965
519,LiBF4,LiBF4,True,0.0,LiPF6,4.9577303274784965,4.9577303274784965
520,LiBF4,LiBF4,True,0.0,LiPF6,4.9577303274784965,4.9577303274784965
521,LiBF4,LiBF4,True,0.0,LiPF6,4.9577303274784965,4.9577303274784965
522,LiBF4,LiBF4,True,0.0,LiPF6,4.9577303274784965,4.9577303274784965
523,LiBF4,LiBF4,True,0.0,LiPF6,4.9577303274784965,4.9577303274784965
524,LiBF4,LiBF4,True,0.0,LiPF6,4.9577303274784965,4.9577303274784965
525,LiBF4,LiBF4,True,0.0,LiPF6,4.9577303274784965,4.9577303274784965
526,LiBF4,LiBF4,True,0.0,LiPF6,4.9577303274784965,4.9577303274784965
527,LiPF6,LiPF6,True,0.0,LiCF3SO3,2.3030468948764367,2.3030468948764367
528,LiPF6,LiPF6,True,0.0,LiCF3SO3,2.3030468948764367,2.3030468948764367
529,LiPF6,LiPF6,True,0.0,LiCF3SO3,2.3030468948764367,2.3030468948764367
530,LiPF6,LiPF6,True,0.0,LiCF3SO3,2.3030468948764367,2.3030468948764367
531,LiPF6,LiPF6,True,0.0,LiCF3SO3,2.3030468948764367,2.3030468948764367
532,LiPF6,LiPF6,True,0.0,LiCF3SO3,2.3030468948764367,2.3030468948764367
533,LiPF6,LiPF6,True,0.0,LiCF3SO3,2.3030468948764367,2.3030468948764367
534,LiPF6,LiPF6,True,0.0,LiCF3SO3,2.3030468948764367,2.3030468948764367
535,LiPF6,LiPF6,True,0.0,LiCF3SO3,2.3030468948764367,2.3030468948764367
536,LiPF6,LiPF6,True,0.0,LiCF3SO3,2.3030468948764367,2.3030468948764367
537,LiPF6,LiPF6,True,0.0,LiCF3SO3,2.3030468948764367,2.3030468948764367
538,LiPF6,LiPF6,True,0.0,LiCF3SO3,2.3030468948764367,2.3030468948764367
539,LiPF6,LiPF6,True,0.0,LiCF3SO3,2.3030468948764367,2.3030468948764367
540,LiPF6,LiPF6,True,0.0,LiCF3SO3,2.3030468948764367,2.3030468948764367
541,LiPF6,LiPF6,True,0.0,LiCF3SO3,2.3030468948764367,2.3030468948764367
542,LiPF6,LiPF6,True,0.0,LiCF3SO3,2.3030468948764367,2.3030468948764367
543,LiPF6,LiPF6,True,0.0,LiCF3SO3,2.3030468948764367,2.3030468948764367
544,LiPF6,LiPF6,True,0.0,LiCF3SO3,2.3030468948764367,2.3030468948764367
545,LiPF6,LiPF6,True,0.0,LiCF3SO3,2.3030468948764367,2.3030468948764367
546,LiPF6,LiPF6,True,0.0,LiCF3SO3,2.3030468948764367,2.3030468948764367
547,LiPF6,LiPF6,True,0.0,LiCF3SO3,2.3030468948764367,2.3030468948764367
548,LiPF6,LiPF6,True,0.0,LiCF3SO3,2.3030468948764367,2.3030468948764367
549,LiPF6,LiPF6,True,0.0,LiCF3SO3,2.3030468948764367,2.3030468948764367
550,LiPF6,LiPF6,True,0.0,LiCF3SO3,2.3030468948764367,2.3030468948764367
551,LiPF6,LiPF6,True,0.0,LiCF3SO3,2.3030468948764367,2.3030468948764367
552,LiPF6,LiPF6,True,0.0,LiCF3SO3,2.3030468948764367,2.3030468948764367
553,LiPF6,LiPF6,True,0.0,LiCF3SO3,2.3030468948764367,2.3030468948764367
554,LiPF6,LiPF6,True,0.0,LiCF3SO3,2.3030468948764367,2.3030468948764367
555,LiPF6,LiPF6,True,0.0,LiCF3SO3,2.3030468948764367,2.3030468948764367
556,LiPF6,LiPF6,True,0.0,LiCF3SO3,2.3030468948764367,2.3030468948764367
557,LiPF6,LiPF6,True,0.0,LiCF3SO3,2.3030468948764367,2.3030468948764367
558,LiPF6,LiPF6,True,0.0,LiCF3SO3,2.3030468948764367,2.3030468948764367
559,LiPF6,LiPF6,True,0.0,LiCF3SO3,2.3030468948764367,2.3030468948764367
560,LiPF6,LiPF6,True,0.0,LiCF3SO3,2.3030468948764367,2.3030468948764367
561,LiPF6,LiPF6,True,0.0,LiCF3SO3,2.3030468948764367,2.3030468948764367
562,LiPF6,LiPF6,True,0.0,LiCF3SO3,2.3030468948764367,2.3030468948764367
563,LiPF6,LiPF6,True,0.0,LiCF3SO3,2.3030468948764367,2.3030468948764367
564,LiPF6,LiPF6,True,0.0,LiCF3SO3,2.3030468948764367,2.3030468948764367
565,LiPF6,LiPF6,True,0.0,LiCF3SO3,2.3030468948764367,2.3030468948764367
566,LiPF6,LiPF6,True,0.0,LiCF3SO3,2.3030468948764367,2.3030468948764367
567,LiPF6,LiPF6,True,0.0,LiCF3SO3,2.3030468948764367,2.3030468948764367
568,LiPF6,LiPF6,True,0.0,LiCF3SO3,2.3030468948764367,2.3030468948764367
569,LiPF6,LiPF6,True,0.0,LiCF3SO3,2.3030468948764367,2.3030468948764367
570,LiPF6,LiPF6,True,0.0,LiCF3SO3,2.3030468948764367,2.3030468948764367
571,LiPF6,LiPF6,True,0.0,LiCF3SO3,2.3030468948764367,2.3030468948764367
572,LiPF6,LiPF6,True,0.0,LiCF3SO3,2.3030468948764367,2.3030468948764367
573,LiPF6,LiPF6,True,0.0,LiCF3SO3,2.3030468948764367,2.3030468948764367
574,LiPF6,LiPF6,True,0.0,LiCF3SO3,2.3030468948764367,2.3030468948764367
575,LiPF6,LiPF6,True,0.0,LiCF3SO3,2.3030468948764367,2.3030468948764367
576,LiPF6,LiPF6,True,0.0,LiCF3SO3,2.3030468948764367,2.3030468948764367
577,LiPF6,LiPF6,True,0.0,LiCF3SO3,2.3030468948764367,2.3030468948764367
578,LiPF6,LiPF6,True,0.0,LiCF3SO3,2.3030468948764367,2.3030468948764367
579,LiPF6,LiPF6,True,0.0,LiCF3SO3,2.3030468948764367,2.3030468948764367
580,LiPF6,LiPF6,True,0.0,LiCF3SO3,2.3030468948764367,2.3030468948764367
581,LiPF6,LiPF6,True,0.0,LiCF3SO3,2.3030468948764367,2.3030468948764367
582,LiPF6,LiPF6,True,0.0,LiCF3SO3,2.3030468948764367,2.3030468948764367
583,LiPF6,LiPF6,True,0.0,LiCF3SO3,2.3030468948764367,2.3030468948764367
584,LiPF6,LiPF6,True,0.0,LiCF3SO3,2.3030468948764367,2.3030468948764367
585,LiPF6,LiPF6,True,0.0,LiCF3SO3,2.3030468948764367,2.3030468948764367
586,LiPF6,LiPF6,True,0.0,LiCF3SO3,2.3030468948764367,2.3030468948764367
587,LiPF6,LiPF6,True,0.0,LiCF3SO3,2.3030468948764367,2.3030468948764367
588,LiPF6,LiPF6,True,0.0,LiCF3SO3,2.3030468948764367,2.3030468948764367
589,LiPF6,LiPF6,True,0.0,LiCF3SO3,2.3030468948764367,2.3030468948764367
590,LiPF6,LiPF6,True,0.0,LiCF3SO3,2.3030468948764367,2.3030468948764367
591,LiPF6,LiPF6,True,0.0,LiCF3SO3,2.3030468948764367,2.3030468948764367
592,LiPF6,LiPF6,True,0.0,LiCF3SO3,2.3030468948764367,2.3030468948764367
593,LiPF6,LiPF6,True,0.0,LiCF3SO3,2.3030468948764367,2.3030468948764367
594,LiPF6,LiPF6,True,0.0,LiCF3SO3,2.3030468948764367,2.3030468948764367
595,LiPF6,LiPF6,True,0.0,LiCF3SO3,2.3030468948764367,2.3030468948764367
596,LiPF6,LiPF6,True,0.0,LiCF3SO3,2.3030468948764367,2.3030468948764367
597,LiPF6,LiPF6,True,0.0,LiCF3SO3,2.3030468948764367,2.3030468948764367
598,LiPF6,LiPF6,True,0.0,LiCF3SO3,2.3030468948764367,2.3030468948764367
599,LiPF6,LiPF6,True,0.0,LiCF3SO3,2.3030468948764367,2.3030468948764367
600,LiPF6,LiPF6,True,0.0,LiCF3SO3,2.3030468948764367,2.3030468948764367
601,LiPF6,LiPF6,True,0.0,LiCF3SO3,2.3030468948764367,2.3030468948764367
602,LiPF6,LiPF6,True,0.0,LiCF3SO3,2.3030468948764367,2.3030468948764367
603,LiPF6,LiPF6,True,0.0,LiCF3SO3,2.3030468948764367,2.3030468948764367
604,LiPF6,LiPF6,True,0.0,LiCF3SO3,2.3030468948764367,2.3030468948764367
605,LiPF6,LiPF6,True,0.0,LiCF3SO3,2.3030468948764367,2.3030468948764367
606,LiPF6,LiPF6,True,0.0,LiCF3SO3,2.3030468948764367,2.3030468948764367
607,LiPF6,LiPF6,True,0.0,LiCF3SO3,2.3030468948764367,2.3030468948764367
608,LiPF6,LiPF6,True,0.0,LiCF3SO3,2.3030468948764367,2.3030468948764367
609,LiPF6,LiPF6,True,0.0,LiCF3SO3,2.3030468948764367,2.3030468948764367
610,LiPF6,LiPF6,True,0.0,LiCF3SO3,2.3030468948764367,2.3030468948764367
611,LiPF6,LiPF6,True,0.0,LiCF3SO3,2.3030468948764367,2.3030468948764367
612,LiPF6,LiPF6,True,0.0,LiCF3SO3,2.3030468948764367,2.3030468948764367
613,LiPF6,LiPF6,True,0.0,LiCF3SO3,2.3030468948764367,2.3030468948764367
614,LiPF6,LiPF6,True,0.0,LiCF3SO3,2.3030468948764367,2.3030468948764367
615,LiBF4,LiBF4,True,0.0,LiPF6,4.9577303274784965,4.9577303274784965
616,LiBF4,LiBF4,True,0.0,LiPF6,4.9577303274784965,4.9577303274784965
617,LiBF4,LiBF4,True,0.0,LiPF6,4.9577303274784965,4.9577303274784965
618,LiBF4,LiBF4,True,0.0,LiPF6,4.9577303274784965,4.9577303274784965
619,LiBF4,LiBF4,True,0.0,LiPF6,4.9577303274784965,4.9577303274784965
620,LiBF4,LiBF4,True,0.0,LiPF6,4.9577303274784965,4.9577303274784965
621,LiBF4,LiBF4,True,0.0,LiPF6,4.9577303274784965,4.9577303274784965
622,LiBF4,LiBF4,True,0.0,LiPF6,4.9577303274784965,4.9577303274784965
623,LiBF4,LiBF4,True,0.0,LiPF6,4.9577303274784965,4.9577303274784965
624,LiBF4,LiBF4,True,0.0,LiPF6,4.9577303274784965,4.9577303274784965
625,LiBF4,LiBF4,True,0.0,LiPF6,4.9577303274784965,4.9577303274784965
626,LiBF4,LiBF4,True,0.0,LiPF6,4.9577303274784965,4.9577303274784965
627,LiBF4,LiBF4,True,0.0,LiPF6,4.9577303274784965,4.9577303274784965
628,LiBF4,LiBF4,True,0.0,LiPF6,4.9577303274784965,4.9577303274784965
629,LiBF4,LiBF4,True,0.0,LiPF6,4.9577303274784965,4.9577303274784965
630,LiBF4,LiBF4,True,0.0,LiPF6,4.9577303274784965,4.9577303274784965
631,LiBF4,LiBF4,True,0.0,LiPF6,4.9577303274784965,4.9577303274784965
632,LiBF4,LiBF4,True,0.0,LiPF6,4.9577303274784965,4.9577303274784965
633,LiBF4,LiBF4,True,0.0,LiPF6,4.9577303274784965,4.9577303274784965
634,LiBF4,LiBF4,True,0.0,LiPF6,4.9577303274784965,4.9577303274784965
635,LiBF4,LiBF4,True,0.0,LiPF6,4.9577303274784965,4.9577303274784965
636,LiBF4,LiBF4,True,0.0,LiPF6,4.9577303274784965,4.9577303274784965
637,LiBF4,LiBF4,True,0.0,LiPF6,4.9577303274784965,4.9577303274784965
638,LiBF4,LiBF4,True,0.0,LiPF6,4.9577303274784965,4.9577303274784965
639,LiBF4,LiBF4,True,0.0,LiPF6,4.9577303274784965,4.9577303274784965
640,LiBF4,LiBF4,True,0.0,LiPF6,4.9577303274784965,4.9577303274784965
641,LiBF4,LiBF4,True,0.0,LiPF6,4.9577303274784965,4.9577303274784965
642,LiBF4,LiBF4,True,0.0,LiPF6,4.9577303274784965,4.9577303274784965
643,LiBF4,LiBF4,True,0.0,LiPF6,4.9577303274784965,4.9577303274784965
644,LiBF4,LiBF4,True,0.0,LiPF6,4.9577303274784965,4.9577303274784965
645,LiBF4,LiBF4,True,0.0,LiPF6,4.9577303274784965,4.9577303274784965
646,LiBF4,LiBF4,True,0.0,LiPF6,4.9577303274784965,4.9577303274784965
647,LiPF6,LiPF6,True,0.0,LiCF3SO3,2.3030468948764367,2.3030468948764367
648,LiPF6,LiPF6,True,0.0,LiCF3SO3,2.3030468948764367,2.3030468948764367
649,LiPF6,LiPF6,True,0.0,LiCF3SO3,2.3030468948764367,2.3030468948764367
650,LiPF6,LiPF6,True,0.0,LiCF3SO3,2.3030468948764367,2.3030468948764367
651,LiPF6,LiPF6,True,0.0,LiCF3SO3,2.3030468948764367,2.3030468948764367
652,LiPF6,LiPF6,True,0.0,LiCF3SO3,2.3030468948764367,2.3030468948764367
653,LiPF6,LiPF6,True,0.0,LiCF3SO3,2.3030468948764367,2.3030468948764367
654,LiPF6,LiPF6,True,0.0,LiCF3SO3,2.3030468948764367,2.3030468948764367
655,LiPF6,LiPF6,True,0.0,LiCF3SO3,2.3030468948764367,2.3030468948764367
656,LiPF6,LiPF6,True,0.0,LiCF3SO3,2.3030468948764367,2.3030468948764367
657,LiPF6,LiPF6,True,0.0,LiCF3SO3,2.3030468948764367,2.3030468948764367
658,LiPF6,LiPF6,True,0.0,LiCF3SO3,2.3030468948764367,2.3030468948764367
659,LiPF6,LiPF6,True,0.0,LiCF3SO3,2.3030468948764367,2.3030468948764367
660,LiPF6,LiPF6,True,0.0,LiCF3SO3,2.3030468948764367,2.3030468948764367
661,LiPF6,LiPF6,True,0.0,LiCF3SO3,2.3030468948764367,2.3030468948764367
662,LiPF6,LiPF6,True,0.0,LiCF3SO3,2.3030468948764367,2.3030468948764367
663,LiPF6,LiPF6,True,0.0,LiCF3SO3,2.3030468948764367,2.3030468948764367
664,LiPF6,LiPF6,True,0.0,LiCF3SO3,2.3030468948764367,2.3030468948764367
665,LiPF6,LiPF6,True,0.0,LiCF3SO3,2.3030468948764367,2.3030468948764367
666,LiPF6,LiPF6,True,0.0,LiCF3SO3,2.3030468948764367,2.3030468948764367
667,LiPF6,LiPF6,True,0.0,LiCF3SO3,2.3030468948764367,2.3030468948764367
668,LiPF6,LiPF6,True,0.0,LiCF3SO3,2.3030468948764367,2.3030468948764367
669,LiPF6,LiPF6,True,0.0,LiCF3SO3,2.3030468948764367,2.3030468948764367
670,LiPF6,LiPF6,True,0.0,LiCF3SO3,2.3030468948764367,2.3030468948764367
671,LiPF6,LiPF6,True,0.0,LiCF3SO3,2.3030468948764367,2.3030468948764367
672,LiPF6,LiPF6,True,0.0,LiCF3SO3,2.3030468948764367,2.3030468948764367
673,LiPF6,LiPF6,True,0.0,LiCF3SO3,2.3030468948764367,2.3030468948764367
674,LiPF6,LiPF6,True,0.0,LiCF3SO3,2.3030468948764367,2.3030468948764367
675,LiPF6,LiPF6,True,0.0,LiCF3SO3,2.3030468948764367,2.3030468948764367
676,LiPF6,LiPF6,True,0.0,LiCF3SO3,2.3030468948764367,2.3030468948764367
677,LiPF6,LiPF6,True,0.0,LiCF3SO3,2.3030468948764367,2.3030468948764367
678,LiPF6,LiPF6,True,0.0,LiCF3SO3,2.3030468948764367,2.3030468948764367
679,LiPF6,LiPF6,True,0.0,LiCF3SO3,2.3030468948764367,2.3030468948764367
680,LiPF6,LiPF6,True,0.0,LiCF3SO3,2.3030468948764367,2.3030468948764367
681,LiPF6,LiPF6,True,0.0,LiCF3SO3,2.3030468948764367,2.3030468948764367
682,LiPF6,LiPF6,True,0.0,LiCF3SO3,2.3030468948764367,2.3030468948764367
683,LiPF6,LiPF6,True,0.0,LiCF3SO3,2.3030468948764367,2.3030468948764367
684,LiPF6,LiPF6,True,0.0,LiCF3SO3,2.3030468948764367,2.3030468948764367
685,LiPF6,LiPF6,True,0.0,LiCF3SO3,2.3030468948764367,2.3030468948764367
686,LiPF6,LiPF6,True,0.0,LiCF3SO3,2.3030468948764367,2.3030468948764367
687,LiPF6,LiPF6,True,0.0,LiCF3SO3,2.3030468948764367,2.3030468948764367
688,LiPF6,LiPF6,True,0.0,LiCF3SO3,2.3030468948764367,2.3030468948764367
689,LiPF6,LiPF6,True,0.0,LiCF3SO3,2.3030468948764367,2.3030468948764367
690,LiPF6,LiPF6,True,0.0,LiCF3SO3,2.3030468948764367,2.3030468948764367
691,LiPF6,LiPF6,True,0.0,LiCF3SO3,2.3030468948764367,2.3030468948764367
692,LiPF6,LiPF6,True,0.0,LiCF3SO3,2.3030468948764367,2.3030468948764367
693,LiPF6,LiPF6,True,0.0,LiCF3SO3,2.3030468948764367,2.3030468948764367
694,LiPF6,LiPF6,True,0.0,LiCF3SO3,2.3030468948764367,2.3030468948764367
695,LiPF6,LiPF6,True,0.0,LiCF3SO3,2.3030468948764367,2.3030468948764367
696,LiPF6,LiPF6,True,0.0,LiCF3SO3,2.3030468948764367,2.3030468948764367
697,LiPF6,LiPF6,True,0.0,LiCF3SO3,2.3030468948764367,2.3030468948764367
698,LiPF6,LiPF6,True,0.0,LiCF3SO3,2.3030468948764367,2.3030468948764367
699,LiPF6,LiPF6,True,0.0,LiCF3SO3,2.3030468948764367,2.3030468948764367
700,LiPF6,LiPF6,True,0.0,LiCF3SO3,2.3030468948764367,2.3030468948764367
701,LiPF6,LiPF6,True,0.0,LiCF3SO3,2.3030468948764367,2.3030468948764367
702,LiPF6,LiPF6,True,0.0,LiCF3SO3,2.3030468948764367,2.3030468948764367
703,LiPF6,LiPF6,True,0.0,LiCF3SO3,2.3030468948764367,2.3030468948764367
704,LiPF6,LiPF6,True,0.0,LiCF3SO3,2.3030468948764367,2.3030468948764367
705,LiPF6,LiPF6,True,0.0,LiCF3SO3,2.3030468948764367,2.3030468948764367
706,LiPF6,LiPF6,True,0.0,LiCF3SO3,2.3030468948764367,2.3030468948764367
707,LiPF6,LiPF6,True,0.0,LiCF3SO3,2.3030468948764367,2.3030468948764367
708,LiPF6,LiPF6,True,0.0,LiCF3SO3,2.3030468948764367,2.3030468948764367
709,LiPF6,LiPF6,True,0.0,LiCF3SO3,2.3030468948764367,2.3030468948764367
710,LiPF6,LiPF6,True,0.0,LiCF3SO3,2.3030468948764367,2.3030468948764367
711,LiPF6,LiPF6,True,0.0,LiCF3SO3,2.3030468948764367,2.3030468948764367
712,LiPF6,LiPF6,True,0.0,LiCF3SO3,2.3030468948764367,2.3030468948764367
713,LiPF6,LiPF6,True,0.0,LiCF3SO3,2.3030468948764367,2.3030468948764367
714,LiPF6,LiPF6,True,0.0,LiCF3SO3,2.3030468948764367,2.3030468948764367
715,LiPF6,LiPF6,True,0.0,LiCF3SO3,2.3030468948764367,2.3030468948764367
716,LiPF6,LiPF6,True,0.0,LiCF3SO3,2.3030468948764367,2.3030468948764367
717,LiPF6,LiPF6,True,0.0,LiCF3SO3,2.3030468948764367,2.3030468948764367
718,LiPF6,LiPF6,True,0.0,LiCF3SO3,2.3030468948764367,2.3030468948764367
719,LiPF6,LiPF6,True,0.0,LiCF3SO3,2.3030468948764367,2.3030468948764367
720,LiPF6,LiPF6,True,0.0,LiCF3SO3,2.3030468948764367,2.3030468948764367
721,LiPF6,LiPF6,True,0.0,LiCF3SO3,2.3030468948764367,2.3030468948764367
722,LiPF6,LiPF6,True,0.0,LiCF3SO3,2.3030468948764367,2.3030468948764367
723,LiPF6,LiPF6,True,0.0,LiCF3SO3,2.3030468948764367,2.3030468948764367
724,LiPF6,LiPF6,True,0.0,LiCF3SO3,2.3030468948764367,2.3030468948764367
725,LiPF6,LiPF6,True,0.0,LiCF3SO3,2.3030468948764367,2.3030468948764367
726,LiPF6,LiPF6,True,0.0,LiCF3SO3,2.3030468948764367,2.3030468948764367
727,LiPF6,LiPF6,True,0.0,LiCF3SO3,2.3030468948764367,2.3030468948764367
728,LiPF6,LiPF6,True,0.0,LiCF3SO3,2.3030468948764367,2.3030468948764367
729,LiPF6,LiPF6,True,0.0,LiCF3SO3,2.3030468948764367,2.3030468948764367
730,LiPF6,LiPF6,True,0.0,LiCF3SO3,2.3030468948764367,2.3030468948764367
731,LiPF6,LiPF6,True,0.0,LiCF3SO3,2.3030468948764367,2.3030468948764367
732,LiPF6,LiPF6,True,0.0,LiCF3SO3,2.3030468948764367,2.3030468948764367
733,LiPF6,LiPF6,True,0.0,LiCF3SO3,2.3030468948764367,2.3030468948764367
734,LiPF6,LiPF6,True,0.0,LiCF3SO3,2.3030468948764367,2.3030468948764367
735,LiPF6,LiPF6,True,0.0,LiCF3SO3,2.3030468948764367,2.3030468948764367
736,LiPF6,LiPF6,True,0.0,LiCF3SO3,2.3030468948764367,2.3030468948764367
737,LiPF6,LiPF6,True,0.0,LiCF3SO3,2.3030468948764367,2.3030468948764367
738,LiPF6,LiPF6,True,0.0,LiCF3SO3,2.3030468948764367,2.3030468948764367
739,LiPF6,LiPF6,True,0.0,LiCF3SO3,2.3030468948764367,2.3030468948764367
740,LiPF6,LiPF6,True,0.0,LiCF3SO3,2.3030468948764367,2.3030468948764367
741,LiPF6,LiPF6,True,0.0,LiCF3SO3,2.3030468948764367,2.3030468948764367
742,LiPF6,LiPF6,True,0.0,LiCF3SO3,2.3030468948764367,2.3030468948764367
743,LiPF6,LiPF6,True,0.0,LiCF3SO3,2.3030468948764367,2.3030468948764367
744,LiPF6,LiPF6,True,0.0,LiCF3SO3,2.3030468948764367,2.3030468948764367
745,LiPF6,LiPF6,True,0.0,LiCF3SO3,2.3030468948764367,2.3030468948764367
746,LiPF6,LiPF6,True,0.0,LiCF3SO3,2.3030468948764367,2.3030468948764367
747,LiPF6,LiPF6,True,0.0,LiCF3SO3,2.3030468948764367,2.3030468948764367
748,LiPF6,LiPF6,True,0.0,LiCF3SO3,2.3030468948764367,2.3030468948764367
749,LiPF6,LiPF6,True,0.0,LiCF3SO3,2.3030468948764367,2.3030468948764367
750,LiPF6,LiPF6,True,0.0,LiCF3SO3,2.3030468948764367,2.3030468948764367
751,LiPF6,LiPF6,True,0.0,LiCF3SO3,2.3030468948764367,2.3030468948764367
752,LiPF6,LiPF6,True,0.0,LiCF3SO3,2.3030468948764367,2.3030468948764367
753,LiPF6,LiPF6,True,0.0,LiCF3SO3,2.3030468948764367,2.3030468948764367
754,LiPF6,LiPF6,True,0.0,LiCF3SO3,2.3030468948764367,2.3030468948764367
755,LiPF6,LiPF6,True,0.0,LiCF3SO3,2.3030468948764367,2.3030468948764367
756,LiPF6,LiPF6,True,0.0,LiCF3SO3,2.3030468948764367,2.3030468948764367
757,LiPF6,LiPF6,True,0.0,LiCF3SO3,2.3030468948764367,2.3030468948764367
758,LiPF6,LiPF6,True,0.0,LiCF3SO3,2.3030468948764367,2.3030468948764367
759,LiPF6,LiPF6,True,0.0,LiCF3SO3,2.3030468948764367,2.3030468948764367
760,LiPF6,LiPF6,True,0.0,LiCF3SO3,2.3030468948764367,2.3030468948764367
761,LiPF6,LiPF6,True,0.0,LiCF3SO3,2.3030468948764367,2.3030468948764367
762,LiPF6,LiPF6,True,0.0,LiCF3SO3,2.3030468948764367,2.3030468948764367
763,LiPF6,LiPF6,True,0.0,LiCF3SO3,2.3030468948764367,2.3030468948764367
764,LiPF6,LiPF6,True,0.0,LiCF3SO3,2.3030468948764367,2.3030468948764367
765,LiPF6,LiPF6,True,0.0,LiCF3SO3,2.3030468948764367,2.3030468948764367
766,LiPF6,LiPF6,True,0.0,LiCF3SO3,2.3030468948764367,2.3030468948764367
767,LiPF6,LiPF6,True,0.0,LiCF3SO3,2.3030468948764367,2.3030468948764367
768,LiPF6,LiPF6,True,0.0,LiCF3SO3,2.3030468948764367,2.3030468948764367
769,LiPF6,LiPF6,True,0.0,LiCF3SO3,2.3030468948764367,2.3030468948764367
770,LiPF6,LiPF6,True,0.0,LiCF3SO3,2.3030468948764367,2.3030468948764367
771,LiPF6,LiPF6,True,0.0,LiCF3SO3,2.3030468948764367,2.3030468948764367
772,LiPF6,LiPF6,True,0.0,LiCF3SO3,2.3030468948764367,2.3030468948764367
773,LiPF6,LiPF6,True,0.0,LiCF3SO3,2.3030468948764367,2.3030468948764367
774,LiPF6,LiPF6,True,0.0,LiCF3SO3,2.3030468948764367,2.3030468948764367
775,LiPF6,LiPF6,True,0.0,LiCF3SO3,2.3030468948764367,2.3030468948764367
776,LiPF6,LiPF6,True,0.0,LiCF3SO3,2.3030468948764367,2.3030468948764367
777,LiPF6,LiPF6,True,0.0,LiCF3SO3,2.3030468948764367,2.3030468948764367
778,LiPF6,LiPF6,True,0.0,LiCF3SO3,2.3030468948764367,2.3030468948764367
779,LiPF6,LiPF6,True,0.0,LiCF3SO3,2.3030468948764367,2.3030468948764367
780,LiPF6,LiPF6,True,0.0,LiCF3SO3,2.3030468948764367,2.3030468948764367
781,LiPF6,LiPF6,True,0.0,LiCF3SO3,2.3030468948764367,2.3030468948764367
782,LiPF6,LiPF6,True,0.0,LiCF3SO3,2.3030468948764367,2.3030468948764367
783,LiPF6,LiPF6,True,0.0,LiCF3SO3,2.3030468948764367,2.3030468948764367
784,LiPF6,LiPF6,True,0.0,LiCF3SO3,2.3030468948764367,2.3030468948764367
785,LiPF6,LiPF6,True,0.0,LiCF3SO3,2.3030468948764367,2.3030468948764367
786,LiPF6,LiPF6,True,0.0,LiCF3SO3,2.3030468948764367,2.3030468948764367
787,LiPF6,LiPF6,True,0.0,LiCF3SO3,2.3030468948764367,2.3030468948764367
788,LiPF6,LiPF6,True,0.0,LiCF3SO3,2.3030468948764367,2.3030468948764367
789,LiPF6,LiPF6,True,0.0,LiCF3SO3,2.3030468948764367,2.3030468948764367
790,LiPF6,LiPF6,True,0.0,LiCF3SO3,2.3030468948764367,2.3030468948764367
791,LiPF6,LiPF6,True,0.0,LiCF3SO3,2.3030468948764367,2.3030468948764367
792,LiPF6,LiPF6,True,0.0,LiCF3SO3,2.3030468948764367,2.3030468948764367
793,LiPF6,LiPF6,True,0.0,LiCF3SO3,2.3030468948764367,2.3030468948764367
794,LiPF6,LiPF6,True,0.0,LiCF3SO3,2.3030468948764367,2.3030468948764367
795,LiPF6,LiPF6,True,0.0,LiCF3SO3,2.3030468948764367,2.3030468948764367
796,LiPF6,LiPF6,True,0.0,LiCF3SO3,2.3030468948764367,2.3030468948764367
797,LiPF6,LiPF6,True,0.0,LiCF3SO3,2.3030468948764367,2.3030468948764367
798,LiPF6,LiPF6,True,0.0,LiCF3SO3,2.3030468948764367,2.3030468948764367
799,LiPF6,LiPF6,True,0.0,LiCF3SO3,2.3030468948764367,2.3030468948764367
800,LiPF6,LiPF6,True,0.0,LiCF3SO3,2.3030468948764367,2.3030468948764367
801,LiPF6,LiPF6,True,0.0,LiCF3SO3,2.3030468948764367,2.3030468948764367
802,LiPF6,LiPF6,True,0.0,LiCF3SO3,2.3030468948764367,2.3030468948764367
803,LiPF6,LiPF6,True,0.0,LiCF3SO3,2.3030468948764367,2.3030468948764367
804,LiPF6,LiPF6,True,0.0,LiCF3SO3,2.3030468948764367,2.3030468948764367
805,LiPF6,LiPF6,True,0.0,LiCF3SO3,2.3030468948764367,2.3030468948764367
806,LiPF6,LiPF6,True,0.0,LiCF3SO3,2.3030468948764367,2.3030468948764367
807,LiPF6,LiPF6,True,0.0,LiCF3SO3,2.3030468948764367,2.3030468948764367
808,LiPF6,LiPF6,True,0.0,LiCF3SO3,2.3030468948764367,2.3030468948764367
809,LiPF6,LiPF6,True,0.0,LiCF3SO3,2.3030468948764367,2.3030468948764367
810,LiPF6,LiPF6,True,0.0,LiCF3SO3,2.3030468948764367,2.3030468948764367
811,LiPF6,LiPF6,True,0.0,LiCF3SO3,2.3030468948764367,2.3030468948764367
812,LiPF6,LiPF6,True,0.0,LiCF3SO3,2.3030468948764367,2.3030468948764367
813,LiPF6,LiPF6,True,0.0,LiCF3SO3,2.3030468948764367,2.3030468948764367
814,LiPF6,LiPF6,True,0.0,LiCF3SO3,2.3030468948764367,2.3030468948764367
815,LiPF6,LiPF6,True,0.0,LiCF3SO3,2.3030468948764367,2.3030468948764367
816,LiPF6,LiPF6,True,0.0,LiCF3SO3,2.3030468948764367,2.3030468948764367
817,LiPF6,LiPF6,True,0.0,LiCF3SO3,2.3030468948764367,2.3030468948764367
818,LiPF6,LiPF6,True,0.0,LiCF3SO3,2.3030468948764367,2.3030468948764367
819,LiPF6,LiPF6,True,0.0,LiCF3SO3,2.3030468948764367,2.3030468948764367
820,LiPF6,LiPF6,True,0.0,LiCF3SO3,2.3030468948764367,2.3030468948764367
821,LiPF6,LiPF6,True,0.0,LiCF3SO3,2.3030468948764367,2.3030468948764367
822,LiPF6,LiPF6,True,0.0,LiCF3SO3,2.3030468948764367,2.3030468948764367
823,LiPF6,LiPF6,True,0.0,LiCF3SO3,2.3030468948764367,2.3030468948764367
824,LiPF6,LiPF6,True,0.0,LiCF3SO3,2.3030468948764367,2.3030468948764367
825,LiPF6,LiPF6,True,0.0,LiCF3SO3,2.3030468948764367,2.3030468948764367
826,LiPF6,LiPF6,True,0.0,LiCF3SO3,2.3030468948764367,2.3030468948764367
827,LiPF6,LiPF6,True,0.0,LiCF3SO3,2.3030468948764367,2.3030468948764367
828,LiPF6,LiPF6,True,0.0,LiCF3SO3,2.3030468948764367,2.3030468948764367
829,LiPF6,LiPF6,True,0.0,LiCF3SO3,2.3030468948764367,2.3030468948764367
830,LiPF6,LiPF6,True,0.0,LiCF3SO3,2.3030468948764367,2.3030468948764367
831,LiPF6,LiPF6,True,0.0,LiCF3SO3,2.3030468948764367,2.3030468948764367
832,LiPF6,LiPF6,True,0.0,LiCF3SO3,2.3030468948764367,2.3030468948764367
833,LiPF6,LiPF6,True,0.0,LiCF3SO3,2.3030468948764367,2.3030468948764367
834,LiPF6,LiPF6,True,0.0,LiCF3SO3,2.3030468948764367,2.3030468948764367
835,LiPF6,LiPF6,True,0.0,LiCF3SO3,2.3030468948764367,2.3030468948764367
836,LiPF6,LiPF6,True,0.0,LiCF3SO3,2.3030468948764367,2.3030468948764367
837,LiPF6,LiPF6,True,0.0,LiCF3SO3,2.3030468948764367,2.3030468948764367
838,LiPF6,LiPF6,True,0.0,LiCF3SO3,2.3030468948764367,2.3030468948764367
839,LiPF6,LiPF6,True,0.0,LiCF3SO3,2.3030468948764367,2.3030468948764367
840,LiPF6,LiPF6,True,0.0,LiCF3SO3,2.3030468948764367,2.3030468948764367
841,LiPF6,LiPF6,True,0.0,LiCF3SO3,2.3030468948764367,2.3030468948764367
842,LiPF6,LiPF6,True,0.0,LiCF3SO3,2.3030468948764367,2.3030468948764367
843,LiPF6,LiPF6,True,0.0,LiCF3SO3,2.3030468948764367,2.3030468948764367
844,LiPF6,LiPF6,True,0.0,LiCF3SO3,2.3030468948764367,2.3030468948764367
845,LiPF6,LiPF6,True,0.0,LiCF3SO3,2.3030468948764367,2.3030468948764367
846,LiPF6,LiPF6,True,0.0,LiCF3SO3,2.3030468948764367,2.3030468948764367
847,LiPF6,LiPF6,True,0.0,LiCF3SO3,2.3030468948764367,2.3030468948764367
848,LiPF6,LiPF6,True,0.0,LiCF3SO3,2.3030468948764367,2.3030468948764367
849,LiPF6,LiPF6,True,0.0,LiCF3SO3,2.3030468948764367,2.3030468948764367
850,LiPF6,LiPF6,True,0.0,LiCF3SO3,2.3030468948764367,2.3030468948764367
851,LiPF6,LiPF6,True,0.0,LiCF3SO3,2.3030468948764367,2.3030468948764367
852,LiPF6,LiPF6,True,0.0,LiCF3SO3,2.3030468948764367,2.3030468948764367
853,LiPF6,LiPF6,True,0.0,LiCF3SO3,2.3030468948764367,2.3030468948764367
854,LiPF6,LiPF6,True,0.0,LiCF3SO3,2.3030468948764367,2.3030468948764367
855,LiPF6,LiPF6,True,0.0,LiCF3SO3,2.3030468948764367,2.3030468948764367
856,LiPF6,LiPF6,True,0.0,LiCF3SO3,2.3030468948764367,2.3030468948764367
857,LiPF6,LiPF6,True,0.0,LiCF3SO3,2.3030468948764367,2.3030468948764367
858,LiPF6,LiPF6,True,0.0,LiCF3SO3,2.3030468948764367,2.3030468948764367
859,LiPF6,LiPF6,True,0.0,LiCF3SO3,2.3030468948764367,2.3030468948764367
860,LiPF6,LiPF6,True,0.0,LiCF3SO3,2.3030468948764367,2.3030468948764367
861,LiPF6,LiPF6,True,0.0,LiCF3SO3,2.3030468948764367,2.3030468948764367
862,LiPF6,LiPF6,True,0.0,LiCF3SO3,2.3030468948764367,2.3030468948764367
863,LiPF6,LiPF6,True,0.0,LiCF3SO3,2.3030468948764367,2.3030468948764367
864,LiPF6,LiPF6,True,0.0,LiCF3SO3,2.3030468948764367,2.3030468948764367
865,LiPF6,LiPF6,True,0.0,LiCF3SO3,2.3030468948764367,2.3030468948764367
866,LiPF6,LiPF6,True,0.0,LiCF3SO3,2.3030468948764367,2.3030468948764367
867,LiPF6,LiPF6,True,0.0,LiCF3SO3,2.3030468948764367,2.3030468948764367
868,LiPF6,LiPF6,True,0.0,LiCF3SO3,2.3030468948764367,2.3030468948764367
869,LiPF6,LiPF6,True,0.0,LiCF3SO3,2.3030468948764367,2.3030468948764367
870,LiPF6,LiPF6,True,0.0,LiCF3SO3,2.3030468948764367,2.3030468948764367
871,LiPF6,LiPF6,True,0.0,LiCF3SO3,2.3030468948764367,2.3030468948764367
872,LiPF6,LiPF6,True,0.0,LiCF3SO3,2.3030468948764367,2.3030468948764367
873,LiPF6,LiPF6,True,0.0,LiCF3SO3,2.3030468948764367,2.3030468948764367
874,LiPF6,LiPF6,True,0.0,LiCF3SO3,2.3030468948764367,2.3030468948764367
875,LiPF6,LiPF6,True,0.0,LiCF3SO3,2.3030468948764367,2.3030468948764367
876,LiPF6,LiPF6,True,0.0,LiCF3SO3,2.3030468948764367,2.3030468948764367
877,LiPF6,LiPF6,True,0.0,LiCF3SO3,2.3030468948764367,2.3030468948764367
878,LiPF6,LiPF6,True,0.0,LiCF3SO3,2.3030468948764367,2.3030468948764367
879,LiPF6,LiPF6,True,0.0,LiCF3SO3,2.3030468948764367,2.3030468948764367
880,LiPF6,LiPF6,True,0.0,LiCF3SO3,2.3030468948764367,2.3030468948764367
881,LiPF6,LiPF6,True,0.0,LiCF3SO3,2.3030468948764367,2.3030468948764367
882,LiPF6,LiPF6,True,0.0,LiCF3SO3,2.3030468948764367,2.3030468948764367
883,LiPF6,LiPF6,True,0.0,LiCF3SO3,2.3030468948764367,2.3030468948764367
884,LiPF6,LiPF6,True,0.0,LiCF3SO3,2.3030468948764367,2.3030468948764367
885,LiPF6,LiPF6,True,0.0,LiCF3SO3,2.3030468948764367,2.3030468948764367
886,LiPF6,LiPF6,True,0.0,LiCF3SO3,2.3030468948764367,2.3030468948764367
887,LiPF6,LiPF6,True,0.0,LiCF3SO3,2.3030468948764367,2.3030468948764367
888,LiPF6,LiPF6,True,0.0,LiCF3SO3,2.3030468948764367,2.3030468948764367
889,LiPF6,LiPF6,True,0.0,LiCF3SO3,2.3030468948764367,2.3030468948764367
890,LiPF6,LiPF6,True,0.0,LiCF3SO3,2.3030468948764367,2.3030468948764367
891,LiPF6,LiPF6,True,0.0,LiCF3SO3,2.3030468948764367,2.3030468948764367
892,LiPF6,LiPF6,True,0.0,LiCF3SO3,2.3030468948764367,2.3030468948764367
893,LiPF6,LiPF6,True,0.0,LiCF3SO3,2.3030468948764367,2.3030468948764367
894,LiPF6,LiPF6,True,0.0,LiCF3SO3,2.3030468948764367,2.3030468948764367
895,LiPF6,LiPF6,True,0.0,LiCF3SO3,2.3030468948764367,2.3030468948764367
896,LiPF6,LiPF6,True,0.0,LiCF3SO3,2.3030468948764367,2.3030468948764367
897,LiPF6,LiPF6,True,0.0,LiCF3SO3,2.3030468948764367,2.3030468948764367
898,LiPF6,LiPF6,True,0.0,LiCF3SO3,2.3030468948764367,2.3030468948764367
899,LiPF6,LiPF6,True,0.0,LiCF3SO3,2.3030468948764367,2.3030468948764367
900,LiPF6,LiPF6,True,0.0,LiCF3SO3,2.3030468948764367,2.3030468948764367
901,LiPF6,LiPF6,True,0.0,LiCF3SO3,2.3030468948764367,2.3030468948764367
902,LiPF6,LiPF6,True,0.0,LiCF3SO3,2.3030468948764367,2.3030468948764367
903,LiPF6,LiPF6,True,0.0,LiCF3SO3,2.3030468948764367,2.3030468948764367
904,LiPF6,LiPF6,True,0.0,LiCF3SO3,2.3030468948764367,2.3030468948764367
905,LiPF6,LiPF6,True,0.0,LiCF3SO3,2.3030468948764367,2.3030468948764367
906,LiPF6,LiPF6,True,0.0,LiCF3SO3,2.3030468948764367,2.3030468948764367
907,LiPF6,LiPF6,True,0.0,LiCF3SO3,2.3030468948764367,2.3030468948764367
908,LiPF6,LiPF6,True,0.0,LiCF3SO3,2.3030468948764367,2.3030468948764367
909,LiPF6,LiPF6,True,0.0,LiCF3SO3,2.3030468948764367,2.3030468948764367
910,LiPF6,LiPF6,True,0.0,LiCF3SO3,2.3030468948764367,2.3030468948764367
911,LiPF6,LiPF6,True,0.0,LiCF3SO3,2.3030468948764367,2.3030468948764367
912,LiPF6,LiPF6,True,0.0,LiCF3SO3,2.3030468948764367,2.3030468948764367
913,LiPF6,LiPF6,True,0.0,LiCF3SO3,2.3030468948764367,2.3030468948764367
914,LiPF6,LiPF6,True,0.0,LiCF3SO3,2.3030468948764367,2.3030468948764367
915,LiPF6,LiPF6,True,0.0,LiCF3SO3,2.3030468948764367,2.3030468948764367
916,LiPF6,LiPF6,True,0.0,LiCF3SO3,2.3030468948764367,2.3030468948764367
917,LiPF6,LiPF6,True,0.0,LiCF3SO3,2.3030468948764367,2.3030468948764367
918,LiPF6,LiPF6,True,0.0,LiCF3SO3,2.3030468948764367,2.3030468948764367
919,LiPF6,LiPF6,True,0.0,LiCF3SO3,2.3030468948764367,2.3030468948764367
920,LiPF6,LiPF6,True,0.0,LiCF3SO3,2.3030468948764367,2.3030468948764367
921,LiPF6,LiPF6,True,0.0,LiCF3SO3,2.3030468948764367,2.3030468948764367
922,LiPF6,LiPF6,True,0.0,LiCF3SO3,2.3030468948764367,2.3030468948764367
923,LiPF6,LiPF6,True,0.0,LiCF3SO3,2.3030468948764367,2.3030468948764367
924,LiPF6,LiPF6,True,0.0,LiCF3SO3,2.3030468948764367,2.3030468948764367
925,LiPF6,LiPF6,True,0.0,LiCF3SO3,2.3030468948764367,2.3030468948764367
926,LiPF6,LiPF6,True,0.0,LiCF3SO3,2.3030468948764367,2.3030468948764367
927,LiPF6,LiPF6,True,0.0,LiCF3SO3,2.3030468948764367,2.3030468948764367
928,LiPF6,LiPF6,True,0.0,LiCF3SO3,2.3030468948764367,2.3030468948764367
929,LiPF6,LiPF6,True,0.0,LiCF3SO3,2.3030468948764367,2.3030468948764367
930,LiPF6,LiPF6,True,0.0,LiCF3SO3,2.3030468948764367,2.3030468948764367
931,LiPF6,LiPF6,True,0.0,LiCF3SO3,2.3030468948764367,2.3030468948764367
932,LiPF6,LiPF6,True,0.0,LiCF3SO3,2.3030468948764367,2.3030468948764367
933,LiPF6,LiPF6,True,0.0,LiCF3SO3,2.3030468948764367,2.3030468948764367
934,LiPF6,LiPF6,True,0.0,LiCF3SO3,2.3030468948764367,2.3030468948764367
935,LiPF6,LiPF6,True,0.0,LiCF3SO3,2.3030468948764367,2.3030468948764367
936,LiPF6,LiPF6,True,0.0,LiCF3SO3,2.3030468948764367,2.3030468948764367
937,LiPF6,LiPF6,True,0.0,LiCF3SO3,2.3030468948764367,2.3030468948764367
938,LiPF6,LiPF6,True,0.0,LiCF3SO3,2.3030468948764367,2.3030468948764367
939,LiPF6,LiPF6,True,0.0,LiCF3SO3,2.3030468948764367,2.3030468948764367
940,LiPF6,LiPF6,True,0.0,LiCF3SO3,2.3030468948764367,2.3030468948764367
941,LiPF6,LiPF6,True,0.0,LiCF3SO3,2.3030468948764367,2.3030468948764367
942,LiPF6,LiPF6,True,0.0,LiCF3SO3,2.3030468948764367,2.3030468948764367
943,LiPF6,LiPF6,True,0.0,LiCF3SO3,2.3030468948764367,2.3030468948764367
944,LiPF6,LiPF6,True,0.0,LiCF3SO3,2.3030468948764367,2.3030468948764367
945,LiPF6,LiPF6,True,0.0,LiCF3SO3,2.3030468948764367,2.3030468948764367
946,LiPF6,LiPF6,True,0.0,LiCF3SO3,2.3030468948764367,2.3030468948764367
947,LiPF6,LiPF6,True,0.0,LiCF3SO3,2.3030468948764367,2.3030468948764367
948,LiPF6,LiPF6,True,0.0,LiCF3SO3,2.3030468948764367,2.3030468948764367
949,LiPF6,LiPF6,True,0.0,LiCF3SO3,2.3030468948764367,2.3030468948764367
950,LiPF6,LiPF6,True,0.0,LiCF3SO3,2.3030468948764367,2.3030468948764367
951,LiPF6,LiPF6,True,0.0,LiCF3SO3,2.3030468948764367,2.3030468948764367
952,LiPF6,LiPF6,True,0.0,LiCF3SO3,2.3030468948764367,2.3030468948764367
953,LiPF6,LiPF6,True,0.0,LiCF3SO3,2.3030468948764367,2.3030468948764367
954,LiPF6,LiPF6,True,0.0,LiCF3SO3,2.3030468948764367,2.3030468948764367
955,LiPF6,LiPF6,True,0.0,LiCF3SO3,2.3030468948764367,2.3030468948764367
956,LiPF6,LiPF6,True,0.0,LiCF3SO3,2.3030468948764367,2.3030468948764367
957,LiPF6,LiPF6,True,0.0,LiCF3SO3,2.3030468948764367,2.3030468948764367
958,LiPF6,LiPF6,True,0.0,LiCF3SO3,2.3030468948764367,2.3030468948764367
959,LiPF6,LiPF6,True,0.0,LiCF3SO3,2.3030468948764367,2.3030468948764367
960,LiPF6,LiPF6,True,0.0,LiCF3SO3,2.3030468948764367,2.3030468948764367
961,LiPF6,LiPF6,True,0.0,LiCF3SO3,2.3030468948764367,2.3030468948764367
962,LiPF6,LiPF6,True,0.0,LiCF3SO3,2.3030468948764367,2.3030468948764367
963,LiPF6,LiPF6,True,0.0,LiCF3SO3,2.3030468948764367,2.3030468948764367
964,LiPF6,LiPF6,True,0.0,LiCF3SO3,2.3030468948764367,2.3030468948764367
965,LiPF6,LiPF6,True,0.0,LiCF3SO3,2.3030468948764367,2.3030468948764367
966,LiPF6,LiPF6,True,0.0,LiCF3SO3,2.3030468948764367,2.3030468948764367
967,LiPF6,LiPF6,True,0.0,LiCF3SO3,2.3030468948764367,2.3030468948764367
968,LiPF6,LiPF6,True,0.0,LiCF3SO3,2.3030468948764367,2.3030468948764367
969,LiPF6,LiPF6,True,0.0,LiCF3SO3,2.3030468948764367,2.3030468948764367
970,LiPF6,LiPF6,True,0.0,LiCF3SO3,2.3030468948764367,2.3030468948764367
971,LiPF6,LiPF6,True,0.0,LiCF3SO3,2.3030468948764367,2.3030468948764367
972,LiPF6,LiPF6,True,0.0,LiCF3SO3,2.3030468948764367,2.3030468948764367
973,LiPF6,LiPF6,True,0.0,LiCF3SO3,2.3030468948764367,2.3030468948764367
974,LiPF6,LiPF6,True,0.0,LiCF3SO3,2.3030468948764367,2.3030468948764367
975,LiPF6,LiPF6,True,0.0,LiCF3SO3,2.3030468948764367,2.3030468948764367
976,LiPF6,LiPF6,True,0.0,LiCF3SO3,2.3030468948764367,2.3030468948764367
977,LiPF6,LiPF6,True,0.0,LiCF3SO3,2.3030468948764367,2.3030468948764367
978,LiPF6,LiPF6,True,0.0,LiCF3SO3,2.3030468948764367,2.3030468948764367
979,LiPF6,LiPF6,True,0.0,LiCF3SO3,2.3030468948764367,2.3030468948764367
980,LiPF6,LiPF6,True,0.0,LiCF3SO3,2.3030468948764367,2.3030468948764367
981,LiPF6,LiPF6,True,0.0,LiCF3SO3,2.3030468948764367,2.3030468948764367
982,LiPF6,LiPF6,True,0.0,LiCF3SO3,2.3030468948764367,2.3030468948764367
983,LiPF6,LiPF6,True,0.0,LiCF3SO3,2.3030468948764367,2.3030468948764367
984,LiPF6,LiPF6,True,0.0,LiCF3SO3,2.3030468948764367,2.3030468948764367
985,LiPF6,LiPF6,True,0.0,LiCF3SO3,2.3030468948764367,2.3030468948764367
986,LiPF6,LiPF6,True,0.0,LiCF3SO3,2.3030468948764367,2.3030468948764367
987,LiPF6,LiPF6,True,0.0,LiCF3SO3,2.3030468948764367,2.3030468948764367
988,LiPF6,LiPF6,True,0.0,LiCF3SO3,2.3030468948764367,2.3030468948764367
989,LiPF6,LiPF6,True,0.0,LiCF3SO3,2.3030468948764367,2.3030468948764367
990,LiPF6,LiPF6,True,0.0,LiCF3SO3,2.3030468948764367,2.3030468948764367
991,LiPF6,LiPF6,True,0.0,LiCF3SO3,2.3030468948764367,2.3030468948764367
992,LiPF6,LiPF6,True,0.0,LiCF3SO3,2.3030468948764367,2.3030468948764367
993,LiPF6,LiPF6,True,0.0,LiCF3SO3,2.3030468948764367,2.3030468948764367
994,LiPF6,LiPF6,True,0.0,LiCF3SO3,2.3030468948764367,2.3030468948764367
995,LiPF6,LiPF6,True,0.0,LiCF3SO3,2.3030468948764367,2.3030468948764367
996,LiPF6,LiPF6,True,0.0,LiCF3SO3,2.3030468948764367,2.3030468948764367
997,LiPF6,LiPF6,True,0.0,LiCF3SO3,2.3030468948764367,2.3030468948764367
998,LiPF6,LiPF6,True,0.0,LiCF3SO3,2.3030468948764367,2.3030468948764367
999,LiPF6,LiPF6,True,0.0,LiCF3SO3,2.3030468948764367,2.3030468948764367
1000,LiPF6,LiPF6,True,0.0,LiCF3SO3,2.3030468948764367,2.3030468948764367
1001,LiPF6,LiPF6,True,0.0,LiCF3SO3,2.3030468948764367,2.3030468948764367
1002,LiPF6,LiPF6,True,0.0,LiCF3SO3,2.3030468948764367,2.3030468948764367
1003,LiPF6,LiPF6,True,0.0,LiCF3SO3,2.3030468948764367,2.3030468948764367
1004,LiPF6,LiPF6,True,0.0,LiCF3SO3,2.3030468948764367,2.3030468948764367
1005,LiPF6,LiPF6,True,0.0,LiCF3SO3,2.3030468948764367,2.3030468948764367
1006,LiPF6,LiPF6,True,0.0,LiCF3SO3,2.3030468948764367,2.3030468948764367
1007,LiPF6,LiPF6,True,0.0,LiCF3SO3,2.3030468948764367,2.3030468948764367
1008,LiPF6,LiPF6,True,0.0,LiCF3SO3,2.3030468948764367,2.3030468948764367
1009,LiPF6,LiPF6,True,0.0,LiCF3SO3,2.3030468948764367,2.3030468948764367
1010,LiPF6,LiPF6,True,0.0,LiCF3SO3,2.3030468948764367,2.3030468948764367
1011,LiPF6,LiPF6,True,0.0,LiCF3SO3,2.3030468948764367,2.3030468948764367
1012,LiPF6,LiPF6,True,0.0,LiCF3SO3,2.3030468948764367,2.3030468948764367
1013,LiPF6,LiPF6,True,0.0,LiCF3SO3,2.3030468948764367,2.3030468948764367
1014,LiPF6,LiPF6,True,0.0,LiCF3SO3,2.3030468948764367,2.3030468948764367
1015,LiPF6,LiPF6,True,0.0,LiCF3SO3,2.3030468948764367,2.3030468948764367
1016,LiPF6,LiPF6,True,0.0,LiCF3SO3,2.3030468948764367,2.3030468948764367
1017,LiPF6,LiPF6,True,0.0,LiCF3SO3,2.3030468948764367,2.3030468948764367
1018,LiPF6,LiPF6,True,0.0,LiCF3SO3,2.3030468948764367,2.3030468948764367
1019,LiPF6,LiPF6,True,0.0,LiCF3SO3,2.3030468948764367,2.3030468948764367
1020,LiPF6,LiPF6,True,0.0,LiCF3SO3,2.3030468948764367,2.3030468948764367
1021,LiPF6,LiPF6,True,0.0,LiCF3SO3,2.3030468948764367,2.3030468948764367
1022,LiPF6,LiPF6,True,0.0,LiCF3SO3,2.3030468948764367,2.3030468948764367
1023,LiPF6,LiPF6,True,0.0,LiCF3SO3,2.3030468948764367,2.3030468948764367
1024,LiPF6,LiPF6,True,0.0,LiCF3SO3,2.3030468948764367,2.3030468948764367
1025,LiPF6,LiPF6,True,0.0,LiCF3SO3,2.3030468948764367,2.3030468948764367
1026,LiPF6,LiPF6,True,0.0,LiCF3SO3,2.3030468948764367,2.3030468948764367
1027,LiPF6,LiPF6,True,0.0,LiCF3SO3,2.3030468948764367,2.3030468948764367
1028,LiPF6,LiPF6,True,0.0,LiCF3SO3,2.3030468948764367,2.3030468948764367
1029,LiPF6,LiPF6,True,0.0,LiCF3SO3,2.3030468948764367,2.3030468948764367
1030,LiPF6,LiPF6,True,0.0,LiCF3SO3,2.3030468948764367,2.3030468948764367
1031,LiPF6,LiPF6,True,0.0,LiCF3SO3,2.3030468948764367,2.3030468948764367
1032,LiPF6,LiPF6,True,0.0,LiCF3SO3,2.3030468948764367,2.3030468948764367
1033,LiPF6,LiPF6,True,0.0,LiCF3SO3,2.3030468948764367,2.3030468948764367
1034,LiPF6,LiPF6,True,0.0,LiCF3SO3,2.3030468948764367,2.3030468948764367
1035,LiPF6,LiPF6,True,0.0,LiCF3SO3,2.3030468948764367,2.3030468948764367
1036,LiPF6,LiPF6,True,0.0,LiCF3SO3,2.3030468948764367,2.3030468948764367
1037,LiPF6,LiPF6,True,0.0,LiCF3SO3,2.3030468948764367,2.3030468948764367
1038,LiPF6,LiPF6,True,0.0,LiCF3SO3,2.3030468948764367,2.3030468948764367
1039,LiPF6,LiPF6,True,0.0,LiCF3SO3,2.3030468948764367,2.3030468948764367
1040,LiPF6,LiPF6,True,0.0,LiCF3SO3,2.3030468948764367,2.3030468948764367
1041,LiPF6,LiPF6,True,0.0,LiCF3SO3,2.3030468948764367,2.3030468948764367
1042,LiPF6,LiPF6,True,0.0,LiCF3SO3,2.3030468948764367,2.3030468948764367
1043,LiPF6,LiPF6,True,0.0,LiCF3SO3,2.3030468948764367,2.3030468948764367
1044,LiPF6,LiPF6,True,0.0,LiCF3SO3,2.3030468948764367,2.3030468948764367
1045,LiPF6,LiPF6,True,0.0,LiCF3SO3,2.3030468948764367,2.3030468948764367
1046,LiPF6,LiPF6,True,0.0,LiCF3SO3,2.3030468948764367,2.3030468948764367
1047,LiPF6,LiPF6,True,0.0,LiCF3SO3,2.3030468948764367,2.3030468948764367
1048,LiPF6,LiPF6,True,0.0,LiCF3SO3,2.3030468948764367,2.3030468948764367
1049,LiPF6,LiPF6,True,0.0,LiCF3SO3,2.3030468948764367,2.3030468948764367
1050,LiPF6,LiPF6,True,0.0,LiCF3SO3,2.3030468948764367,2.3030468948764367
1051,LiPF6,LiPF6,True,0.0,LiCF3SO3,2.3030468948764367,2.3030468948764367
1052,LiPF6,LiPF6,True,0.0,LiCF3SO3,2.3030468948764367,2.3030468948764367
1053,LiPF6,LiPF6,True,0.0,LiCF3SO3,2.3030468948764367,2.3030468948764367
1054,LiPF6,LiPF6,True,0.0,LiCF3SO3,2.3030468948764367,2.3030468948764367
1055,LiPF6,LiPF6,True,0.0,LiCF3SO3,2.3030468948764367,2.3030468948764367
1056,LiPF6,LiPF6,True,0.0,LiCF3SO3,2.3030468948764367,2.3030468948764367
1057,LiPF6,LiPF6,True,0.0,LiCF3SO3,2.3030468948764367,2.3030468948764367
1058,LiPF6,LiPF6,True,0.0,LiCF3SO3,2.3030468948764367,2.3030468948764367
1059,LiPF6,LiPF6,True,0.0,LiCF3SO3,2.3030468948764367,2.3030468948764367
1060,LiPF6,LiPF6,True,0.0,LiCF3SO3,2.3030468948764367,2.3030468948764367
1061,LiPF6,LiPF6,True,0.0,LiCF3SO3,2.3030468948764367,2.3030468948764367
1062,LiPF6,LiPF6,True,0.0,LiCF3SO3,2.3030468948764367,2.3030468948764367
1063,LiPF6,LiPF6,True,0.0,LiCF3SO3,2.3030468948764367,2.3030468948764367
1064,LiPF6,LiPF6,True,0.0,LiCF3SO3,2.3030468948764367,2.3030468948764367
1065,LiPF6,LiPF6,True,0.0,LiCF3SO3,2.3030468948764367,2.3030468948764367
1066,LiPF6,LiPF6,True,0.0,LiCF3SO3,2.3030468948764367,2.3030468948764367
1067,LiPF6,LiPF6,True,0.0,LiCF3SO3,2.3030468948764367,2.3030468948764367
1068,LiPF6,LiPF6,True,0.0,LiCF3SO3,2.3030468948764367,2.3030468948764367
1069,LiPF6,LiPF6,True,0.0,LiCF3SO3,2.3030468948764367,2.3030468948764367
1070,LiPF6,LiPF6,True,0.0,LiCF3SO3,2.3030468948764367,2.3030468948764367
1071,LiPF6,LiPF6,True,0.0,LiCF3SO3,2.3030468948764367,2.3030468948764367
1072,LiPF6,LiPF6,True,0.0,LiCF3SO3,2.3030468948764367,2.3030468948764367
1073,LiPF6,LiPF6,True,0.0,LiCF3SO3,2.3030468948764367,2.3030468948764367
1074,LiPF6,LiPF6,True,0.0,LiCF3SO3,2.3030468948764367,2.3030468948764367
1075,LiPF6,LiPF6,True,0.0,LiCF3SO3,2.3030468948764367,2.3030468948764367
1076,LiPF6,LiPF6,True,0.0,LiCF3SO3,2.3030468948764367,2.3030468948764367
1077,LiPF6,LiPF6,True,0.0,LiCF3SO3,2.3030468948764367,2.3030468948764367
1078,LiPF6,LiPF6,True,0.0,LiCF3SO3,2.3030468948764367,2.3030468948764367
1079,LiPF6,LiPF6,True,0.0,LiCF3SO3,2.3030468948764367,2.3030468948764367
1080,LiPF6,LiPF6,True,0.0,LiCF3SO3,2.3030468948764367,2.3030468948764367
1081,LiPF6,LiPF6,True,0.0,LiCF3SO3,2.3030468948764367,2.3030468948764367
1082,LiPF6,LiPF6,True,0.0,LiCF3SO3,2.3030468948764367,2.3030468948764367
1083,LiPF6,LiPF6,True,0.0,LiCF3SO3,2.3030468948764367,2.3030468948764367
1084,LiPF6,LiPF6,True,0.0,LiCF3SO3,2.3030468948764367,2.3030468948764367
1085,LiPF6,LiPF6,True,0.0,LiCF3SO3,2.3030468948764367,2.3030468948764367
1086,LiPF6,LiPF6,True,0.0,LiCF3SO3,2.3030468948764367,2.3030468948764367
1087,LiPF6,LiPF6,True,0.0,LiCF3SO3,2.3030468948764367,2.3030468948764367
1088,LiPF6,LiPF6,True,0.0,LiCF3SO3,2.3030468948764367,2.3030468948764367
1089,LiPF6,LiPF6,True,0.0,LiCF3SO3,2.3030468948764367,2.3030468948764367
1090,LiPF6,LiPF6,True,0.0,LiCF3SO3,2.3030468948764367,2.3030468948764367
1091,LiPF6,LiPF6,True,0.0,LiCF3SO3,2.3030468948764367,2.3030468948764367
1092,LiPF6,LiPF6,True,0.0,LiCF3SO3,2.3030468948764367,2.3030468948764367
1093,LiPF6,LiPF6,True,0.0,LiCF3SO3,2.3030468948764367,2.3030468948764367
1094,LiPF6,LiPF6,True,0.0,LiCF3SO3,2.3030468948764367,2.3030468948764367
1095,LiPF6,LiPF6,True,0.0,LiCF3SO3,2.3030468948764367,2.3030468948764367
1096,LiPF6,LiPF6,True,0.0,LiCF3SO3,2.3030468948764367,2.3030468948764367
1097,LiPF6,LiPF6,True,0.0,LiCF3SO3,2.3030468948764367,2.3030468948764367
1098,LiPF6,LiPF6,True,0.0,LiCF3SO3,2.3030468948764367,2.3030468948764367
1099,LiPF6,LiPF6,True,0.0,LiCF3SO3,2.3030468948764367,2.3030468948764367
1100,LiPF6,LiPF6,True,0.0,LiCF3SO3,2.3030468948764367,2.3030468948764367
1101,LiPF6,LiPF6,True,0.0,LiCF3SO3,2.3030468948764367,2.3030468948764367
1102,LiPF6,LiPF6,True,0.0,LiCF3SO3,2.3030468948764367,2.3030468948764367
1103,LiPF6,LiPF6,True,0.0,LiCF3SO3,2.3030468948764367,2.3030468948764367
1104,LiPF6,LiPF6,True,0.0,LiCF3SO3,2.3030468948764367,2.3030468948764367
1105,LiPF6,LiPF6,True,0.0,LiCF3SO3,2.3030468948764367,2.3030468948764367
1106,LiPF6,LiPF6,True,0.0,LiCF3SO3,2.3030468948764367,2.3030468948764367
1107,LiPF6,LiPF6,True,0.0,LiCF3SO3,2.3030468948764367,2.3030468948764367
1108,LiPF6,LiPF6,True,0.0,LiCF3SO3,2.3030468948764367,2.3030468948764367
1109,LiPF6,LiPF6,True,0.0,LiCF3SO3,2.3030468948764367,2.3030468948764367
1110,LiPF6,LiPF6,True,0.0,LiCF3SO3,2.3030468948764367,2.3030468948764367
1111,LiPF6,LiPF6,True,0.0,LiCF3SO3,2.3030468948764367,2.3030468948764367
1112,LiPF6,LiPF6,True,0.0,LiCF3SO3,2.3030468948764367,2.3030468948764367
1113,LiPF6,LiPF6,True,0.0,LiCF3SO3,2.3030468948764367,2.3030468948764367
1114,LiPF6,LiPF6,True,0.0,LiCF3SO3,2.3030468948764367,2.3030468948764367
1115,LiPF6,LiPF6,True,0.0,LiCF3SO3,2.3030468948764367,2.3030468948764367
1116,LiPF6,LiPF6,True,0.0,LiCF3SO3,2.3030468948764367,2.3030468948764367
1117,LiPF6,LiPF6,True,0.0,LiCF3SO3,2.3030468948764367,2.3030468948764367
1118,LiPF6,LiPF6,True,0.0,LiCF3SO3,2.3030468948764367,2.3030468948764367
1119,LiPF6,LiPF6,True,0.0,LiCF3SO3,2.3030468948764367,2.3030468948764367
1120,LiPF6,LiPF6,True,0.0,LiCF3SO3,2.3030468948764367,2.3030468948764367
1121,LiPF6,LiPF6,True,0.0,LiCF3SO3,2.3030468948764367,2.3030468948764367
1122,LiPF6,LiPF6,True,0.0,LiCF3SO3,2.3030468948764367,2.3030468948764367
1123,LiPF6,LiPF6,True,0.0,LiCF3SO3,2.3030468948764367,2.3030468948764367
1124,LiPF6,LiPF6,True,0.0,LiCF3SO3,2.3030468948764367,2.3030468948764367
1125,LiPF6,LiPF6,True,0.0,LiCF3SO3,2.3030468948764367,2.3030468948764367
1126,LiPF6,LiPF6,True,0.0,LiCF3SO3,2.3030468948764367,2.3030468948764367
1127,LiPF6,LiPF6,True,0.0,LiCF3SO3,2.3030468948764367,2.3030468948764367
1128,LiPF6,LiPF6,True,0.0,LiCF3SO3,2.3030468948764367,2.3030468948764367
1129,LiPF6,LiPF6,True,0.0,LiCF3SO3,2.3030468948764367,2.3030468948764367
1130,LiPF6,LiPF6,True,0.0,LiCF3SO3,2.3030468948764367,2.3030468948764367
1131,LiPF6,LiPF6,True,0.0,LiCF3SO3,2.3030468948764367,2.3030468948764367
1132,LiPF6,LiPF6,True,0.0,LiCF3SO3,2.3030468948764367,2.3030468948764367
1133,LiPF6,LiPF6,True,0.0,LiCF3SO3,2.3030468948764367,2.3030468948764367
1134,LiPF6,LiPF6,True,0.0,LiCF3SO3,2.3030468948764367,2.3030468948764367
1135,LiPF6,LiPF6,True,0.0,LiCF3SO3,2.3030468948764367,2.3030468948764367
1136,LiPF6,LiPF6,True,0.0,LiCF3SO3,2.3030468948764367,2.3030468948764367
1137,LiPF6,LiPF6,True,0.0,LiCF3SO3,2.3030468948764367,2.3030468948764367
1138,LiPF6,LiPF6,True,0.0,LiCF3SO3,2.3030468948764367,2.3030468948764367
1139,LiPF6,LiPF6,True,0.0,LiCF3SO3,2.3030468948764367,2.3030468948764367
1140,LiPF6,LiPF6,True,0.0,LiCF3SO3,2.3030468948764367,2.3030468948764367
1141,LiPF6,LiPF6,True,0.0,LiCF3SO3,2.3030468948764367,2.3030468948764367
1142,LiPF6,LiPF6,True,0.0,LiCF3SO3,2.3030468948764367,2.3030468948764367
1143,LiPF6,LiPF6,True,0.0,LiCF3SO3,2.3030468948764367,2.3030468948764367
1144,LiPF6,LiPF6,True,0.0,LiCF3SO3,2.3030468948764367,2.3030468948764367
1145,LiPF6,LiPF6,True,0.0,LiCF3SO3,2.3030468948764367,2.3030468948764367
1146,LiPF6,LiPF6,True,0.0,LiCF3SO3,2.3030468948764367,2.3030468948764367
1147,LiPF6,LiPF6,True,0.0,LiCF3SO3,2.3030468948764367,2.3030468948764367
1148,LiPF6,LiPF6,True,0.0,LiCF3SO3,2.3030468948764367,2.3030468948764367
1149,LiPF6,LiPF6,True,0.0,LiCF3SO3,2.3030468948764367,2.3030468948764367
1150,LiPF6,LiPF6,True,0.0,LiCF3SO3,2.3030468948764367,2.3030468948764367
1151,LiPF6,LiPF6,True,0.0,LiCF3SO3,2.3030468948764367,2.3030468948764367
1152,LiPF6,LiPF6,True,0.0,LiCF3SO3,2.3030468948764367,2.3030468948764367
1153,LiPF6,LiPF6,True,0.0,LiCF3SO3,2.3030468948764367,2.3030468948764367
1154,LiPF6,LiPF6,True,0.0,LiCF3SO3,2.3030468948764367,2.3030468948764367
1155,LiPF6,LiPF6,True,0.0,LiCF3SO3,2.3030468948764367,2.3030468948764367
1156,LiPF6,LiPF6,True,0.0,LiCF3SO3,2.3030468948764367,2.3030468948764367
1157,LiPF6,LiPF6,True,0.0,LiCF3SO3,2.3030468948764367,2.3030468948764367
1158,LiPF6,LiPF6,True,0.0,LiCF3SO3,2.3030468948764367,2.3030468948764367
1159,LiPF6,LiPF6,True,0.0,LiCF3SO3,2.3030468948764367,2.3030468948764367
1160,LiPF6,LiPF6,True,0.0,LiCF3SO3,2.3030468948764367,2.3030468948764367
1161,LiPF6,LiPF6,True,0.0,LiCF3SO3,2.3030468948764367,2.3030468948764367
1162,LiPF6,LiPF6,True,0.0,LiCF3SO3,2.3030468948764367,2.3030468948764367
1163,LiPF6,LiPF6,True,0.0,LiCF3SO3,2.3030468948764367,2.3030468948764367
1164,LiPF6,LiPF6,True,0.0,LiCF3SO3,2.3030468948764367,2.3030468948764367
1165,LiPF6,LiPF6,True,0.0,LiCF3SO3,2.3030468948764367,2.3030468948764367
1166,LiPF6,LiPF6,True,0.0,LiCF3SO3,2.3030468948764367,2.3030468948764367
1167,LiPF6,LiPF6,True,0.0,LiCF3SO3,2.3030468948764367,2.3030468948764367
1168,LiPF6,LiPF6,True,0.0,LiCF3SO3,2.3030468948764367,2.3030468948764367
1169,LiPF6,LiPF6,True,0.0,LiCF3SO3,2.3030468948764367,2.3030468948764367
1170,LiPF6,LiPF6,True,0.0,LiCF3SO3,2.3030468948764367,2.3030468948764367
1171,LiPF6,LiPF6,True,0.0,LiCF3SO3,2.3030468948764367,2.3030468948764367
1172,LiPF6,LiPF6,True,0.0,LiCF3SO3,2.3030468948764367,2.3030468948764367
1173,LiPF6,LiPF6,True,0.0,LiCF3SO3,2.3030468948764367,2.3030468948764367
1174,LiPF6,LiPF6,True,0.0,LiCF3SO3,2.3030468948764367,2.3030468948764367
1175,LiPF6,LiPF6,True,0.0,LiCF3SO3,2.3030468948764367,2.3030468948764367
1176,LiPF6,LiPF6,True,0.0,LiCF3SO3,2.3030468948764367,2.3030468948764367
1177,LiPF6,LiPF6,True,0.0,LiCF3SO3,2.3030468948764367,2.3030468948764367
1178,LiPF6,LiPF6,True,0.0,LiCF3SO3,2.3030468948764367,2.3030468948764367
1179,LiPF6,LiPF6,True,0.0,LiCF3SO3,2.3030468948764367,2.3030468948764367
1180,LiPF6,LiPF6,True,0.0,LiCF3SO3,2.3030468948764367,2.3030468948764367
1181,LiPF6,LiPF6,True,0.0,LiCF3SO3,2.3030468948764367,2.3030468948764367
1182,LiPF6,LiPF6,True,0.0,LiCF3SO3,2.3030468948764367,2.3030468948764367
1183,LiPF6,LiPF6,True,0.0,LiCF3SO3,2.3030468948764367,2.3030468948764367
1184,LiPF6,LiPF6,True,0.0,LiCF3SO3,2.3030468948764367,2.3030468948764367
1185,LiPF6,LiPF6,True,0.0,LiCF3SO3,2.3030468948764367,2.3030468948764367
1186,LiPF6,LiPF6,True,0.0,LiCF3SO3,2.3030468948764367,2.3030468948764367
1187,LiPF6,LiPF6,True,0.0,LiCF3SO3,2.3030468948764367,2.3030468948764367
1188,LiPF6,LiPF6,True,0.0,LiCF3SO3,2.3030468948764367,2.3030468948764367
1189,LiPF6,LiPF6,True,0.0,LiCF3SO3,2.3030468948764367,2.3030468948764367
1190,LiPF6,LiPF6,True,0.0,LiCF3SO3,2.3030468948764367,2.3030468948764367
1191,LiPF6,LiPF6,True,0.0,LiCF3SO3,2.3030468948764367,2.3030468948764367
1192,LiPF6,LiPF6,True,0.0,LiCF3SO3,2.3030468948764367,2.3030468948764367
1193,LiPF6,LiPF6,True,0.0,LiCF3SO3,2.3030468948764367,2.3030468948764367
1194,LiPF6,LiPF6,True,0.0,LiCF3SO3,2.3030468948764367,2.3030468948764367
1195,LiPF6,LiPF6,True,0.0,LiCF3SO3,2.3030468948764367,2.3030468948764367
1196,LiPF6,LiPF6,True,0.0,LiCF3SO3,2.3030468948764367,2.3030468948764367
1197,LiPF6,LiPF6,True,0.0,LiCF3SO3,2.3030468948764367,2.3030468948764367
1198,LiPF6,LiPF6,True,0.0,LiCF3SO3,2.3030468948764367,2.3030468948764367
1199,LiPF6,LiPF6,True,0.0,LiCF3SO3,2.3030468948764367,2.3030468948764367
1200,LiPF6,LiPF6,True,0.0,LiCF3SO3,2.3030468948764367,2.3030468948764367
1201,LiPF6,LiPF6,True,0.0,LiCF3SO3,2.3030468948764367,2.3030468948764367
1202,LiPF6,LiPF6,True,0.0,LiCF3SO3,2.3030468948764367,2.3030468948764367
1203,LiPF6,LiPF6,True,0.0,LiCF3SO3,2.3030468948764367,2.3030468948764367
1204,LiPF6,LiPF6,True,0.0,LiCF3SO3,2.3030468948764367,2.3030468948764367
1205,LiPF6,LiPF6,True,0.0,LiCF3SO3,2.3030468948764367,2.3030468948764367
1206,LiPF6,LiPF6,True,0.0,LiCF3SO3,2.3030468948764367,2.3030468948764367
1207,LiPF6,LiPF6,True,0.0,LiCF3SO3,2.3030468948764367,2.3030468948764367
1208,LiPF6,LiPF6,True,0.0,LiCF3SO3,2.3030468948764367,2.3030468948764367
1209,LiPF6,LiPF6,True,0.0,LiCF3SO3,2.3030468948764367,2.3030468948764367
1210,LiPF6,LiPF6,True,0.0,LiCF3SO3,2.3030468948764367,2.3030468948764367
1211,LiPF6,LiPF6,True,0.0,LiCF3SO3,2.3030468948764367,2.3030468948764367
1212,LiPF6,LiPF6,True,0.0,LiCF3SO3,2.3030468948764367,2.3030468948764367
1213,LiPF6,LiPF6,True,0.0,LiCF3SO3,2.3030468948764367,2.3030468948764367
1214,LiPF6,LiPF6,True,0.0,LiCF3SO3,2.3030468948764367,2.3030468948764367
1215,LiPF6,LiPF6,True,0.0,LiCF3SO3,2.3030468948764367,2.3030468948764367
1216,LiPF6,LiPF6,True,0.0,LiCF3SO3,2.3030468948764367,2.3030468948764367
1217,LiPF6,LiPF6,True,0.0,LiCF3SO3,2.3030468948764367,2.3030468948764367
1218,LiPF6,LiPF6,True,0.0,LiCF3SO3,2.3030468948764367,2.3030468948764367
1219,LiPF6,LiPF6,True,0.0,LiCF3SO3,2.3030468948764367,2.3030468948764367
1220,LiPF6,LiPF6,True,0.0,LiCF3SO3,2.3030468948764367,2.3030468948764367
1221,LiPF6,LiPF6,True,0.0,LiCF3SO3,2.3030468948764367,2.3030468948764367
1222,LiPF6,LiPF6,True,0.0,LiCF3SO3,2.3030468948764367,2.3030468948764367
1223,LiPF6,LiPF6,True,0.0,LiCF3SO3,2.3030468948764367,2.3030468948764367
1224,LiPF6,LiPF6,True,0.0,LiCF3SO3,2.3030468948764367,2.3030468948764367
1225,LiPF6,LiPF6,True,0.0,LiCF3SO3,2.3030468948764367,2.3030468948764367
1226,LiPF6,LiPF6,True,0.0,LiCF3SO3,2.3030468948764367,2.3030468948764367
1227,LiPF6,LiPF6,True,0.0,LiCF3SO3,2.3030468948764367,2.3030468948764367
1228,LiPF6,LiPF6,True,0.0,LiCF3SO3,2.3030468948764367,2.3030468948764367
1229,LiPF6,LiPF6,True,0.0,LiCF3SO3,2.3030468948764367,2.3030468948764367
1230,LiPF6,LiPF6,True,0.0,LiCF3SO3,2.3030468948764367,2.3030468948764367
1231,LiPF6,LiPF6,True,0.0,LiCF3SO3,2.3030468948764367,2.3030468948764367
1232,LiPF6,LiPF6,True,0.0,LiCF3SO3,2.3030468948764367,2.3030468948764367
1233,LiPF6,LiPF6,True,0.0,LiCF3SO3,2.3030468948764367,2.3030468948764367
1234,LiPF6,LiPF6,True,0.0,LiCF3SO3,2.3030468948764367,2.3030468948764367
1235,LiPF6,LiPF6,True,0.0,LiCF3SO3,2.3030468948764367,2.3030468948764367
1236,LiPF6,LiPF6,True,0.0,LiCF3SO3,2.3030468948764367,2.3030468948764367
1237,LiPF6,LiPF6,True,0.0,LiCF3SO3,2.3030468948764367,2.3030468948764367
1238,LiPF6,LiPF6,True,0.0,LiCF3SO3,2.3030468948764367,2.3030468948764367
1239,LiPF6,LiPF6,True,0.0,LiCF3SO3,2.3030468948764367,2.3030468948764367
1240,LiPF6,LiPF6,True,0.0,LiCF3SO3,2.3030468948764367,2.3030468948764367
1241,LiPF6,LiPF6,True,0.0,LiCF3SO3,2.3030468948764367,2.3030468948764367
1242,LiPF6,LiPF6,True,0.0,LiCF3SO3,2.3030468948764367,2.3030468948764367
1243,LiPF6,LiPF6,True,0.0,LiCF3SO3,2.3030468948764367,2.3030468948764367
1244,LiPF6,LiPF6,True,0.0,LiCF3SO3,2.3030468948764367,2.3030468948764367
1245,LiPF6,LiPF6,True,0.0,LiCF3SO3,2.3030468948764367,2.3030468948764367
1246,LiPF6,LiPF6,True,0.0,LiCF3SO3,2.3030468948764367,2.3030468948764367
1247,LiPF6,LiPF6,True,0.0,LiCF3SO3,2.3030468948764367,2.3030468948764367
1248,LiPF6,LiPF6,True,0.0,LiCF3SO3,2.3030468948764367,2.3030468948764367
1249,LiPF6,LiPF6,True,0.0,LiCF3SO3,2.3030468948764367,2.3030468948764367
1250,LiPF6,LiPF6,True,0.0,LiCF3SO3,2.3030468948764367,2.3030468948764367
1251,LiPF6,LiPF6,True,0.0,LiCF3SO3,2.3030468948764367,2.3030468948764367
1252,LiPF6,LiPF6,True,0.0,LiCF3SO3,2.3030468948764367,2.3030468948764367
1253,LiPF6,LiPF6,True,0.0,LiCF3SO3,2.3030468948764367,2.3030468948764367
1254,LiPF6,LiPF6,True,0.0,LiCF3SO3,2.3030468948764367,2.3030468948764367
1255,LiPF6,LiPF6,True,0.0,LiCF3SO3,2.3030468948764367,2.3030468948764367
1256,LiPF6,LiPF6,True,0.0,LiCF3SO3,2.3030468948764367,2.3030468948764367
1257,LiPF6,LiPF6,True,0.0,LiCF3SO3,2.3030468948764367,2.3030468948764367
1258,LiPF6,LiPF6,True,0.0,LiCF3SO3,2.3030468948764367,2.3030468948764367
1259,LiPF6,LiPF6,True,0.0,LiCF3SO3,2.3030468948764367,2.3030468948764367
1260,LiPF6,LiPF6,True,0.0,LiCF3SO3,2.3030468948764367,2.3030468948764367
1261,LiPF6,LiPF6,True,0.0,LiCF3SO3,2.3030468948764367,2.3030468948764367
1262,LiPF6,LiPF6,True,0.0,LiCF3SO3,2.3030468948764367,2.3030468948764367
1263,LiPF6,LiPF6,True,0.0,LiCF3SO3,2.3030468948764367,2.3030468948764367
1264,LiPF6,LiPF6,True,0.0,LiCF3SO3,2.3030468948764367,2.3030468948764367
1265,LiPF6,LiPF6,True,0.0,LiCF3SO3,2.3030468948764367,2.3030468948764367
1266,LiPF6,LiPF6,True,0.0,LiCF3SO3,2.3030468948764367,2.3030468948764367
1267,LiPF6,LiPF6,True,0.0,LiCF3SO3,2.3030468948764367,2.3030468948764367
1268,LiPF6,LiPF6,True,0.0,LiCF3SO3,2.3030468948764367,2.3030468948764367
1269,LiPF6,LiPF6,True,0.0,LiCF3SO3,2.3030468948764367,2.3030468948764367
1270,LiPF6,LiPF6,True,0.0,LiCF3SO3,2.3030468948764367,2.3030468948764367
1271,LiPF6,LiPF6,True,0.0,LiCF3SO3,2.3030468948764367,2.3030468948764367
1272,LiPF6,LiPF6,True,0.0,LiCF3SO3,2.3030468948764367,2.3030468948764367
1273,LiPF6,LiPF6,True,0.0,LiCF3SO3,2.3030468948764367,2.3030468948764367
1274,LiPF6,LiPF6,True,0.0,LiCF3SO3,2.3030468948764367,2.3030468948764367
1275,LiPF6,LiPF6,True,0.0,LiCF3SO3,2.3030468948764367,2.3030468948764367
1276,LiPF6,LiPF6,True,0.0,LiCF3SO3,2.3030468948764367,2.3030468948764367
1277,LiPF6,LiPF6,True,0.0,LiCF3SO3,2.3030468948764367,2.3030468948764367
1278,LiPF6,LiPF6,True,0.0,LiCF3SO3,2.3030468948764367,2.3030468948764367
1279,LiPF6,LiPF6,True,0.0,LiCF3SO3,2.3030468948764367,2.3030468948764367
1280,LiPF6,LiPF6,True,0.0,LiCF3SO3,2.3030468948764367,2.3030468948764367
1281,LiPF6,LiPF6,True,0.0,LiCF3SO3,2.3030468948764367,2.3030468948764367
1282,LiPF6,LiPF6,True,0.0,LiCF3SO3,2.3030468948764367,2.3030468948764367
1283,LiPF6,LiPF6,True,0.0,LiCF3SO3,2.3030468948764367,2.3030468948764367
1284,LiPF6,LiPF6,True,0.0,LiCF3SO3,2.3030468948764367,2.3030468948764367
1285,LiPF6,LiPF6,True,0.0,LiCF3SO3,2.3030468948764367,2.3030468948764367
1286,LiPF6,LiPF6,True,0.0,LiCF3SO3,2.3030468948764367,2.3030468948764367
1287,LiPF6,LiPF6,True,0.0,LiCF3SO3,2.3030468948764367,2.3030468948764367
1288,LiPF6,LiPF6,True,0.0,LiCF3SO3,2.3030468948764367,2.3030468948764367
1289,LiPF6,LiPF6,True,0.0,LiCF3SO3,2.3030468948764367,2.3030468948764367
1290,LiPF6,LiPF6,True,0.0,LiCF3SO3,2.3030468948764367,2.3030468948764367
1291,LiPF6,LiPF6,True,0.0,LiCF3SO3,2.3030468948764367,2.3030468948764367
1292,LiPF6,LiPF6,True,0.0,LiCF3SO3,2.3030468948764367,2.3030468948764367
1293,LiPF6,LiPF6,True,0.0,LiCF3SO3,2.3030468948764367,2.3030468948764367
1294,LiPF6,LiPF6,True,0.0,LiCF3SO3,2.3030468948764367,2.3030468948764367
1295,LiPF6,LiPF6,True,0.0,LiCF3SO3,2.3030468948764367,2.3030468948764367
1296,LiPF6,LiPF6,True,0.0,LiCF3SO3,2.3030468948764367,2.3030468948764367
1297,LiPF6,LiPF6,True,0.0,LiCF3SO3,2.3030468948764367,2.3030468948764367
1298,LiPF6,LiPF6,True,0.0,LiCF3SO3,2.3030468948764367,2.3030468948764367
1299,LiPF6,LiPF6,True,0.0,LiCF3SO3,2.3030468948764367,2.3030468948764367
1300,LiPF6,LiPF6,True,0.0,LiCF3SO3,2.3030468948764367,2.3030468948764367
1301,LiPF6,LiPF6,True,0.0,LiCF3SO3,2.3030468948764367,2.3030468948764367
1302,LiPF6,LiPF6,True,0.0,LiCF3SO3,2.3030468948764367,2.3030468948764367
1303,LiPF6,LiPF6,True,0.0,LiCF3SO3,2.3030468948764367,2.3030468948764367
1304,LiPF6,LiPF6,True,0.0,LiCF3SO3,2.3030468948764367,2.3030468948764367
1305,LiPF6,LiPF6,True,0.0,LiCF3SO3,2.3030468948764367,2.3030468948764367
1306,LiPF6,LiPF6,True,0.0,LiCF3SO3,2.3030468948764367,2.3030468948764367
1307,LiPF6,LiPF6,True,0.0,LiCF3SO3,2.3030468948764367,2.3030468948764367
1308,LiPF6,LiPF6,True,0.0,LiCF3SO3,2.3030468948764367,2.3030468948764367
1309,LiPF6,LiPF6,True,0.0,LiCF3SO3,2.3030468948764367,2.3030468948764367
1310,LiPF6,LiPF6,True,0.0,LiCF3SO3,2.3030468948764367,2.3030468948764367
1311,LiPF6,LiPF6,True,0.0,LiCF3SO3,2.3030468948764367,2.3030468948764367
1312,LiPF6,LiPF6,True,0.0,LiCF3SO3,2.3030468948764367,2.3030468948764367
1313,LiPF6,LiPF6,True,0.0,LiCF3SO3,2.3030468948764367,2.3030468948764367
1314,LiPF6,LiPF6,True,0.0,LiCF3SO3,2.3030468948764367,2.3030468948764367
1315,LiPF6,LiPF6,True,0.0,LiCF3SO3,2.3030468948764367,2.3030468948764367
1316,LiPF6,LiPF6,True,0.0,LiCF3SO3,2.3030468948764367,2.3030468948764367
1317,LiPF6,LiPF6,True,0.0,LiCF3SO3,2.3030468948764367,2.3030468948764367
1318,LiPF6,LiPF6,True,0.0,LiCF3SO3,2.3030468948764367,2.3030468948764367
1319,LiPF6,LiPF6,True,0.0,LiCF3SO3,2.3030468948764367,2.3030468948764367
1320,LiPF6,LiPF6,True,0.0,LiCF3SO3,2.3030468948764367,2.3030468948764367
1321,LiPF6,LiPF6,True,0.0,LiCF3SO3,2.3030468948764367,2.3030468948764367
1322,LiPF6,LiPF6,True,0.0,LiCF3SO3,2.3030468948764367,2.3030468948764367
1323,LiPF6,LiPF6,True,0.0,LiCF3SO3,2.3030468948764367,2.3030468948764367
1324,LiPF6,LiPF6,True,0.0,LiCF3SO3,2.3030468948764367,2.3030468948764367
1325,LiPF6,LiPF6,True,0.0,LiCF3SO3,2.3030468948764367,2.3030468948764367
1326,LiPF6,LiPF6,True,0.0,LiCF3SO3,2.3030468948764367,2.3030468948764367
1327,LiPF6,LiPF6,True,0.0,LiCF3SO3,2.3030468948764367,2.3030468948764367
1328,LiPF6,LiPF6,True,0.0,LiCF3SO3,2.3030468948764367,2.3030468948764367
1329,LiPF6,LiPF6,True,0.0,LiCF3SO3,2.3030468948764367,2.3030468948764367
1330,LiPF6,LiPF6,True,0.0,LiCF3SO3,2.3030468948764367,2.3030468948764367
1331,LiPF6,LiPF6,True,0.0,LiCF3SO3,2.3030468948764367,2.3030468948764367
1332,LiPF6,LiPF6,True,0.0,LiCF3SO3,2.3030468948764367,2.3030468948764367
1333,LiPF6,LiPF6,True,0.0,LiCF3SO3,2.3030468948764367,2.3030468948764367
1334,LiPF6,LiPF6,True,0.0,LiCF3SO3,2.3030468948764367,2.3030468948764367
1335,LiPF6,LiPF6,True,0.0,LiCF3SO3,2.3030468948764367,2.3030468948764367
1336,LiPF6,LiPF6,True,0.0,LiCF3SO3,2.3030468948764367,2.3030468948764367
1337,LiPF6,LiPF6,True,0.0,LiCF3SO3,2.3030468948764367,2.3030468948764367
1338,LiPF6,LiPF6,True,0.0,LiCF3SO3,2.3030468948764367,2.3030468948764367
1339,LiPF6,LiPF6,True,0.0,LiCF3SO3,2.3030468948764367,2.3030468948764367
1340,LiPF6,LiPF6,True,0.0,LiCF3SO3,2.3030468948764367,2.3030468948764367
1341,LiPF6,LiPF6,True,0.0,LiCF3SO3,2.3030468948764367,2.3030468948764367
1342,LiPF6,LiPF6,True,0.0,LiCF3SO3,2.3030468948764367,2.3030468948764367
1343,LiPF6,LiPF6,True,0.0,LiCF3SO3,2.3030468948764367,2.3030468948764367
1344,LiPF6,LiPF6,True,0.0,LiCF3SO3,2.3030468948764367,2.3030468948764367
1345,LiPF6,LiPF6,True,0.0,LiCF3SO3,2.3030468948764367,2.3030468948764367
1346,LiPF6,LiPF6,True,0.0,LiCF3SO3,2.3030468948764367,2.3030468948764367
1347,LiPF6,LiPF6,True,0.0,LiCF3SO3,2.3030468948764367,2.3030468948764367
1348,LiPF6,LiPF6,True,0.0,LiCF3SO3,2.3030468948764367,2.3030468948764367
1349,LiPF6,LiPF6,True,0.0,LiCF3SO3,2.3030468948764367,2.3030468948764367
1350,LiPF6,LiPF6,True,0.0,LiCF3SO3,2.3030468948764367,2.3030468948764367
1351,LiPF6,LiPF6,True,0.0,LiCF3SO3,2.3030468948764367,2.3030468948764367
1352,LiPF6,LiPF6,True,0.0,LiCF3SO3,2.3030468948764367,2.3030468948764367
1353,LiPF6,LiPF6,True,0.0,LiCF3SO3,2.3030468948764367,2.3030468948764367
1354,LiPF6,LiPF6,True,0.0,LiCF3SO3,2.3030468948764367,2.3030468948764367
1355,LiPF6,LiPF6,True,0.0,LiCF3SO3,2.3030468948764367,2.3030468948764367
1356,LiPF6,LiPF6,True,0.0,LiCF3SO3,2.3030468948764367,2.3030468948764367
1357,LiPF6,LiPF6,True,0.0,LiCF3SO3,2.3030468948764367,2.3030468948764367
1358,LiPF6,LiPF6,True,0.0,LiCF3SO3,2.3030468948764367,2.3030468948764367
1359,LiPF6,LiPF6,True,0.0,LiCF3SO3,2.3030468948764367,2.3030468948764367
1360,LiPF6,LiPF6,True,0.0,LiCF3SO3,2.3030468948764367,2.3030468948764367
1361,LiPF6,LiPF6,True,0.0,LiCF3SO3,2.3030468948764367,2.3030468948764367
1362,LiPF6,LiPF6,True,0.0,LiCF3SO3,2.3030468948764367,2.3030468948764367
1363,LiPF6,LiPF6,True,0.0,LiCF3SO3,2.3030468948764367,2.3030468948764367
1364,LiPF6,LiPF6,True,0.0,LiCF3SO3,2.3030468948764367,2.3030468948764367
1365,LiPF6,LiPF6,True,0.0,LiCF3SO3,2.3030468948764367,2.3030468948764367
1366,LiPF6,LiPF6,True,0.0,LiCF3SO3,2.3030468948764367,2.3030468948764367
1367,LiPF6,LiPF6,True,0.0,LiCF3SO3,2.3030468948764367,2.3030468948764367
1368,LiPF6,LiPF6,True,0.0,LiCF3SO3,2.3030468948764367,2.3030468948764367
1369,LiPF6,LiPF6,True,0.0,LiCF3SO3,2.3030468948764367,2.3030468948764367
1370,LiPF6,LiPF6,True,0.0,LiCF3SO3,2.3030468948764367,2.3030468948764367
1371,LiPF6,LiPF6,True,0.0,LiCF3SO3,2.3030468948764367,2.3030468948764367
1372,LiPF6,LiPF6,True,0.0,LiCF3SO3,2.3030468948764367,2.3030468948764367
1373,LiPF6,LiPF6,True,0.0,LiCF3SO3,2.3030468948764367,2.3030468948764367
1374,LiPF6,LiPF6,True,0.0,LiCF3SO3,2.3030468948764367,2.3030468948764367
1375,LiPF6,LiPF6,True,0.0,LiCF3SO3,2.3030468948764367,2.3030468948764367
1376,LiPF6,LiPF6,True,0.0,LiCF3SO3,2.3030468948764367,2.3030468948764367
1377,LiPF6,LiPF6,True,0.0,LiCF3SO3,2.3030468948764367,2.3030468948764367
1378,LiPF6,LiPF6,True,0.0,LiCF3SO3,2.3030468948764367,2.3030468948764367
1379,LiPF6,LiPF6,True,0.0,LiCF3SO3,2.3030468948764367,2.3030468948764367
1380,LiPF6,LiPF6,True,0.0,LiCF3SO3,2.3030468948764367,2.3030468948764367
1381,LiPF6,LiPF6,True,0.0,LiCF3SO3,2.3030468948764367,2.3030468948764367
1382,LiPF6,LiPF6,True,0.0,LiCF3SO3,2.3030468948764367,2.3030468948764367
1383,LiPF6,LiPF6,True,0.0,LiCF3SO3,2.3030468948764367,2.3030468948764367
1384,LiPF6,LiPF6,True,0.0,LiCF3SO3,2.3030468948764367,2.3030468948764367
1385,LiPF6,LiPF6,True,0.0,LiCF3SO3,2.3030468948764367,2.3030468948764367
1386,LiPF6,LiPF6,True,0.0,LiCF3SO3,2.3030468948764367,2.3030468948764367
1387,LiPF6,LiPF6,True,0.0,LiCF3SO3,2.3030468948764367,2.3030468948764367
1388,LiPF6,LiPF6,True,0.0,LiCF3SO3,2.3030468948764367,2.3030468948764367
1389,LiPF6,LiPF6,True,0.0,LiCF3SO3,2.3030468948764367,2.3030468948764367
1390,LiPF6,LiPF6,True,0.0,LiCF3SO3,2.3030468948764367,2.3030468948764367
1391,LiPF6,LiPF6,True,0.0,LiCF3SO3,2.3030468948764367,2.3030468948764367
1392,LiPF6,LiPF6,True,0.0,LiCF3SO3,2.3030468948764367,2.3030468948764367
1393,LiPF6,LiPF6,True,0.0,LiCF3SO3,2.3030468948764367,2.3030468948764367
1394,LiPF6,LiPF6,True,0.0,LiCF3SO3,2.3030468948764367,2.3030468948764367
1395,LiPF6,LiPF6,True,0.0,LiCF3SO3,2.3030468948764367,2.3030468948764367
1396,LiPF6,LiPF6,True,0.0,LiCF3SO3,2.3030468948764367,2.3030468948764367
1397,LiPF6,LiPF6,True,0.0,LiCF3SO3,2.3030468948764367,2.3030468948764367
1398,LiPF6,LiPF6,True,0.0,LiCF3SO3,2.3030468948764367,2.3030468948764367
1399,LiPF6,LiPF6,True,0.0,LiCF3SO3,2.3030468948764367,2.3030468948764367
1400,LiPF6,LiPF6,True,0.0,LiCF3SO3,2.3030468948764367,2.3030468948764367
1401,LiPF6,LiPF6,True,0.0,LiCF3SO3,2.3030468948764367,2.3030468948764367
1402,LiPF6,LiPF6,True,0.0,LiCF3SO3,2.3030468948764367,2.3030468948764367
1403,LiPF6,LiPF6,True,0.0,LiCF3SO3,2.3030468948764367,2.3030468948764367
1404,LiPF6,LiPF6,True,0.0,LiCF3SO3,2.3030468948764367,2.3030468948764367
1405,LiPF6,LiPF6,True,0.0,LiCF3SO3,2.3030468948764367,2.3030468948764367
1406,LiPF6,LiPF6,True,0.0,LiCF3SO3,2.3030468948764367,2.3030468948764367
1407,LiPF6,LiPF6,True,0.0,LiCF3SO3,2.3030468948764367,2.3030468948764367
1408,LiPF6,LiPF6,True,0.0,LiCF3SO3,2.3030468948764367,2.3030468948764367
1409,LiPF6,LiPF6,True,0.0,LiCF3SO3,2.3030468948764367,2.3030468948764367
1410,LiPF6,LiPF6,True,0.0,LiCF3SO3,2.3030468948764367,2.3030468948764367
1411,LiPF6,LiPF6,True,0.0,LiCF3SO3,2.3030468948764367,2.3030468948764367
1412,LiPF6,LiPF6,True,0.0,LiCF3SO3,2.3030468948764367,2.3030468948764367
1413,LiPF6,LiPF6,True,0.0,LiCF3SO3,2.3030468948764367,2.3030468948764367
1414,LiPF6,LiPF6,True,0.0,LiCF3SO3,2.3030468948764367,2.3030468948764367
1415,LiPF6,LiPF6,True,0.0,LiCF3SO3,2.3030468948764367,2.3030468948764367
1416,LiPF6,LiPF6,True,0.0,LiCF3SO3,2.3030468948764367,2.3030468948764367
1417,LiPF6,LiPF6,True,0.0,LiCF3SO3,2.3030468948764367,2.3030468948764367
1418,LiPF6,LiPF6,True,0.0,LiCF3SO3,2.3030468948764367,2.3030468948764367
1419,LiPF6,LiPF6,True,0.0,LiCF3SO3,2.3030468948764367,2.3030468948764367
1420,LiPF6,LiPF6,True,0.0,LiCF3SO3,2.3030468948764367,2.3030468948764367
1421,LiPF6,LiPF6,True,0.0,LiCF3SO3,2.3030468948764367,2.3030468948764367
1422,LiPF6,LiPF6,True,0.0,LiCF3SO3,2.3030468948764367,2.3030468948764367
1423,LiPF6,LiPF6,True,0.0,LiCF3SO3,2.3030468948764367,2.3030468948764367
1424,LiPF6,LiPF6,True,0.0,LiCF3SO3,2.3030468948764367,2.3030468948764367
1425,LiPF6,LiPF6,True,0.0,LiCF3SO3,2.3030468948764367,2.3030468948764367
1426,LiPF6,LiPF6,True,0.0,LiCF3SO3,2.3030468948764367,2.3030468948764367
1427,LiPF6,LiPF6,True,0.0,LiCF3SO3,2.3030468948764367,2.3030468948764367
1428,LiPF6,LiPF6,True,0.0,LiCF3SO3,2.3030468948764367,2.3030468948764367
1429,LiPF6,LiPF6,True,0.0,LiCF3SO3,2.3030468948764367,2.3030468948764367
1430,LiPF6,LiPF6,True,0.0,LiCF3SO3,2.3030468948764367,2.3030468948764367
1431,LiPF6,LiPF6,True,0.0,LiCF3SO3,2.3030468948764367,2.3030468948764367
1432,LiPF6,LiPF6,True,0.0,LiCF3SO3,2.3030468948764367,2.3030468948764367
1433,LiPF6,LiPF6,True,0.0,LiCF3SO3,2.3030468948764367,2.3030468948764367
1434,LiPF6,LiPF6,True,0.0,LiCF3SO3,2.3030468948764367,2.3030468948764367
1435,LiPF6,LiPF6,True,0.0,LiCF3SO3,2.3030468948764367,2.3030468948764367
1436,LiPF6,LiPF6,True,0.0,LiCF3SO3,2.3030468948764367,2.3030468948764367
1437,LiPF6,LiPF6,True,0.0,LiCF3SO3,2.3030468948764367,2.3030468948764367
1438,LiPF6,LiPF6,True,0.0,LiCF3SO3,2.3030468948764367,2.3030468948764367
1439,LiPF6,LiPF6,True,0.0,LiCF3SO3,2.3030468948764367,2.3030468948764367
1440,LiPF6,LiPF6,True,0.0,LiCF3SO3,2.3030468948764367,2.3030468948764367
1441,LiPF6,LiPF6,True,0.0,LiCF3SO3,2.3030468948764367,2.3030468948764367
1442,LiPF6,LiPF6,True,0.0,LiCF3SO3,2.3030468948764367,2.3030468948764367
1443,LiPF6,LiPF6,True,0.0,LiCF3SO3,2.3030468948764367,2.3030468948764367
1444,LiPF6,LiPF6,True,0.0,LiCF3SO3,2.3030468948764367,2.3030468948764367
1445,LiPF6,LiPF6,True,0.0,LiCF3SO3,2.3030468948764367,2.3030468948764367
1446,LiPF6,LiPF6,True,0.0,LiCF3SO3,2.3030468948764367,2.3030468948764367
1447,LiPF6,LiPF6,True,0.0,LiCF3SO3,2.3030468948764367,2.3030468948764367
1448,LiPF6,LiPF6,True,0.0,LiCF3SO3,2.3030468948764367,2.3030468948764367
1449,LiPF6,LiPF6,True,0.0,LiCF3SO3,2.3030468948764367,2.3030468948764367
1450,LiPF6,LiPF6,True,0.0,LiCF3SO3,2.3030468948764367,2.3030468948764367
1451,LiPF6,LiPF6,True,0.0,LiCF3SO3,2.3030468948764367,2.3030468948764367
1452,LiPF6,LiPF6,True,0.0,LiCF3SO3,2.3030468948764367,2.3030468948764367
1453,LiPF6,LiPF6,True,0.0,LiCF3SO3,2.3030468948764367,2.3030468948764367
1454,LiPF6,LiPF6,True,0.0,LiCF3SO3,2.3030468948764367,2.3030468948764367
1455,LiPF6,LiPF6,True,0.0,LiCF3SO3,2.3030468948764367,2.3030468948764367
1456,LiPF6,LiPF6,True,0.0,LiCF3SO3,2.3030468948764367,2.3030468948764367
1457,LiPF6,LiPF6,True,0.0,LiCF3SO3,2.3030468948764367,2.3030468948764367
1458,LiPF6,LiPF6,True,0.0,LiCF3SO3,2.3030468948764367,2.3030468948764367
1459,LiPF6,LiPF6,True,0.0,LiCF3SO3,2.3030468948764367,2.3030468948764367
1460,LiPF6,LiPF6,True,0.0,LiCF3SO3,2.3030468948764367,2.3030468948764367
1461,LiPF6,LiPF6,True,0.0,LiCF3SO3,2.3030468948764367,2.3030468948764367
1462,LiPF6,LiPF6,True,0.0,LiCF3SO3,2.3030468948764367,2.3030468948764367
1463,LiPF6,LiPF6,True,0.0,LiCF3SO3,2.3030468948764367,2.3030468948764367
1464,LiPF6,LiPF6,True,0.0,LiCF3SO3,2.3030468948764367,2.3030468948764367
1465,LiPF6,LiPF6,True,0.0,LiCF3SO3,2.3030468948764367,2.3030468948764367
1466,LiPF6,LiPF6,True,0.0,LiCF3SO3,2.3030468948764367,2.3030468948764367
1467,LiPF6,LiPF6,True,0.0,LiCF3SO3,2.3030468948764367,2.3030468948764367
1468,LiPF6,LiPF6,True,0.0,LiCF3SO3,2.3030468948764367,2.3030468948764367
1469,LiPF6,LiPF6,True,0.0,LiCF3SO3,2.3030468948764367,2.3030468948764367
1470,LiPF6,LiPF6,True,0.0,LiCF3SO3,2.3030468948764367,2.3030468948764367
1471,LiPF6,LiPF6,True,0.0,LiCF3SO3,2.3030468948764367,2.3030468948764367
1472,LiPF6,LiPF6,True,0.0,LiCF3SO3,2.3030468948764367,2.3030468948764367
1473,LiPF6,LiPF6,True,0.0,LiCF3SO3,2.3030468948764367,2.3030468948764367
1474,LiPF6,LiPF6,True,0.0,LiCF3SO3,2.3030468948764367,2.3030468948764367
1475,LiPF6,LiPF6,True,0.0,LiCF3SO3,2.3030468948764367,2.3030468948764367
1476,LiPF6,LiPF6,True,0.0,LiCF3SO3,2.3030468948764367,2.3030468948764367
1477,LiPF6,LiPF6,True,0.0,LiCF3SO3,2.3030468948764367,2.3030468948764367
1478,LiPF6,LiPF6,True,0.0,LiCF3SO3,2.3030468948764367,2.3030468948764367
1479,LiPF6,LiPF6,True,0.0,LiCF3SO3,2.3030468948764367,2.3030468948764367
1480,LiPF6,LiPF6,True,0.0,LiCF3SO3,2.3030468948764367,2.3030468948764367
1481,LiPF6,LiPF6,True,0.0,LiCF3SO3,2.3030468948764367,2.3030468948764367
1482,LiPF6,LiPF6,True,0.0,LiCF3SO3,2.3030468948764367,2.3030468948764367
1483,LiPF6,LiPF6,True,0.0,LiCF3SO3,2.3030468948764367,2.3030468948764367
1484,LiPF6,LiPF6,True,0.0,LiCF3SO3,2.3030468948764367,2.3030468948764367
1485,LiPF6,LiPF6,True,0.0,LiCF3SO3,2.3030468948764367,2.3030468948764367
1486,LiPF6,LiPF6,True,0.0,LiCF3SO3,2.3030468948764367,2.3030468948764367
1487,LiPF6,LiPF6,True,0.0,LiCF3SO3,2.3030468948764367,2.3030468948764367
1488,LiPF6,LiPF6,True,0.0,LiCF3SO3,2.3030468948764367,2.3030468948764367
1489,LiPF6,LiPF6,True,0.0,LiCF3SO3,2.3030468948764367,2.3030468948764367
1490,LiPF6,LiPF6,True,0.0,LiCF3SO3,2.3030468948764367,2.3030468948764367
1491,LiPF6,LiPF6,True,0.0,LiCF3SO3,2.3030468948764367,2.3030468948764367
1492,LiPF6,LiPF6,True,0.0,LiCF3SO3,2.3030468948764367,2.3030468948764367
1493,LiPF6,LiPF6,True,0.0,LiCF3SO3,2.3030468948764367,2.3030468948764367
1494,LiPF6,LiPF6,True,0.0,LiCF3SO3,2.3030468948764367,2.3030468948764367
1495,LiPF6,LiPF6,True,0.0,LiCF3SO3,2.3030468948764367,2.3030468948764367
1496,LiPF6,LiPF6,True,0.0,LiCF3SO3,2.3030468948764367,2.3030468948764367
1497,LiPF6,LiPF6,True,0.0,LiCF3SO3,2.3030468948764367,2.3030468948764367
1498,LiPF6,LiPF6,True,0.0,LiCF3SO3,2.3030468948764367,2.3030468948764367
1499,LiPF6,LiPF6,True,0.0,LiCF3SO3,2.3030468948764367,2.3030468948764367
1500,LiPF6,LiPF6,True,0.0,LiCF3SO3,2.3030468948764367,2.3030468948764367
1501,LiPF6,LiPF6,True,0.0,LiCF3SO3,2.3030468948764367,2.3030468948764367
1502,LiPF6,LiPF6,True,0.0,LiCF3SO3,2.3030468948764367,2.3030468948764367
1503,LiPF6,LiPF6,True,0.0,LiCF3SO3,2.3030468948764367,2.3030468948764367
1504,LiPF6,LiPF6,True,0.0,LiCF3SO3,2.3030468948764367,2.3030468948764367
1505,LiPF6,LiPF6,True,0.0,LiCF3SO3,2.3030468948764367,2.3030468948764367
1506,LiPF6,LiPF6,True,0.0,LiCF3SO3,2.3030468948764367,2.3030468948764367
1507,LiPF6,LiPF6,True,0.0,LiCF3SO3,2.3030468948764367,2.3030468948764367
1508,LiPF6,LiPF6,True,0.0,LiCF3SO3,2.3030468948764367,2.3030468948764367
1509,LiPF6,LiPF6,True,0.0,LiCF3SO3,2.3030468948764367,2.3030468948764367
1510,LiPF6,LiPF6,True,0.0,LiCF3SO3,2.3030468948764367,2.3030468948764367
1511,LiPF6,LiPF6,True,0.0,LiCF3SO3,2.3030468948764367,2.3030468948764367
1512,LiPF6,LiPF6,True,0.0,LiCF3SO3,2.3030468948764367,2.3030468948764367
1513,LiPF6,LiPF6,True,0.0,LiCF3SO3,2.3030468948764367,2.3030468948764367
1514,LiPF6,LiPF6,True,0.0,LiCF3SO3,2.3030468948764367,2.3030468948764367
1515,LiPF6,LiPF6,True,0.0,LiCF3SO3,2.3030468948764367,2.3030468948764367
1516,LiPF6,LiPF6,True,0.0,LiCF3SO3,2.3030468948764367,2.3030468948764367
1517,LiPF6,LiPF6,True,0.0,LiCF3SO3,2.3030468948764367,2.3030468948764367
1518,LiPF6,LiPF6,True,0.0,LiCF3SO3,2.3030468948764367,2.3030468948764367
1519,LiPF6,LiPF6,True,0.0,LiCF3SO3,2.3030468948764367,2.3030468948764367
1520,LiPF6,LiPF6,True,0.0,LiCF3SO3,2.3030468948764367,2.3030468948764367
1521,LiPF6,LiPF6,True,0.0,LiCF3SO3,2.3030468948764367,2.3030468948764367
1522,LiPF6,LiPF6,True,0.0,LiCF3SO3,2.3030468948764367,2.3030468948764367
1523,LiPF6,LiPF6,True,0.0,LiCF3SO3,2.3030468948764367,2.3030468948764367
1524,LiPF6,LiPF6,True,0.0,LiCF3SO3,2.3030468948764367,2.3030468948764367
1525,LiPF6,LiPF6,True,0.0,LiCF3SO3,2.3030468948764367,2.3030468948764367
1526,LiPF6,LiPF6,True,0.0,LiCF3SO3,2.3030468948764367,2.3030468948764367
1527,LiPF6,LiPF6,True,0.0,LiCF3SO3,2.3030468948764367,2.3030468948764367
1528,LiPF6,LiPF6,True,0.0,LiCF3SO3,2.3030468948764367,2.3030468948764367
1529,LiPF6,LiPF6,True,0.0,LiCF3SO3,2.3030468948764367,2.3030468948764367
1530,LiPF6,LiPF6,True,0.0,LiCF3SO3,2.3030468948764367,2.3030468948764367
1531,LiPF6,LiPF6,True,0.0,LiCF3SO3,2.3030468948764367,2.3030468948764367
1532,LiPF6,LiPF6,True,0.0,LiCF3SO3,2.3030468948764367,2.3030468948764367
1533,LiPF6,LiPF6,True,0.0,LiCF3SO3,2.3030468948764367,2.3030468948764367
1534,LiPF6,LiPF6,True,0.0,LiCF3SO3,2.3030468948764367,2.3030468948764367
1535,LiPF6,LiPF6,True,0.0,LiCF3SO3,2.3030468948764367,2.3030468948764367
1536,LiPF6,LiPF6,True,0.0,LiCF3SO3,2.3030468948764367,2.3030468948764367
1537,LiPF6,LiPF6,True,0.0,LiCF3SO3,2.3030468948764367,2.3030468948764367
1538,LiPF6,LiPF6,True,0.0,LiCF3SO3,2.3030468948764367,2.3030468948764367
1539,LiPF6,LiPF6,True,0.0,LiCF3SO3,2.3030468948764367,2.3030468948764367
1540,LiPF6,LiPF6,True,0.0,LiCF3SO3,2.3030468948764367,2.3030468948764367
1541,LiPF6,LiPF6,True,0.0,LiCF3SO3,2.3030468948764367,2.3030468948764367
1542,LiPF6,LiPF6,True,0.0,LiCF3SO3,2.3030468948764367,2.3030468948764367
1543,LiPF6,LiPF6,True,0.0,LiCF3SO3,2.3030468948764367,2.3030468948764367
1544,LiPF6,LiPF6,True,0.0,LiCF3SO3,2.3030468948764367,2.3030468948764367
1545,LiPF6,LiPF6,True,0.0,LiCF3SO3,2.3030468948764367,2.3030468948764367
1546,LiPF6,LiPF6,True,0.0,LiCF3SO3,2.3030468948764367,2.3030468948764367
1547,LiPF6,LiPF6,True,0.0,LiCF3SO3,2.3030468948764367,2.3030468948764367
1548,LiPF6,LiPF6,True,0.0,LiCF3SO3,2.3030468948764367,2.3030468948764367
1549,LiPF6,LiPF6,True,0.0,LiCF3SO3,2.3030468948764367,2.3030468948764367
1550,LiPF6,LiPF6,True,0.0,LiCF3SO3,2.3030468948764367,2.3030468948764367
1551,LiPF6,LiPF6,True,0.0,LiCF3SO3,2.3030468948764367,2.3030468948764367
1552,LiPF6,LiPF6,True,0.0,LiCF3SO3,2.3030468948764367,2.3030468948764367
1553,LiPF6,LiPF6,True,0.0,LiCF3SO3,2.3030468948764367,2.3030468948764367
1554,LiPF6,LiPF6,True,0.0,LiCF3SO3,2.3030468948764367,2.3030468948764367
1555,LiPF6,LiPF6,True,0.0,LiCF3SO3,2.3030468948764367,2.3030468948764367
1556,LiPF6,LiPF6,True,0.0,LiCF3SO3,2.3030468948764367,2.3030468948764367
1557,LiPF6,LiPF6,True,0.0,LiCF3SO3,2.3030468948764367,2.3030468948764367
1558,LiPF6,LiPF6,True,0.0,LiCF3SO3,2.3030468948764367,2.3030468948764367
1559,LiPF6,LiPF6,True,0.0,LiCF3SO3,2.3030468948764367,2.3030468948764367
1560,LiPF6,LiPF6,True,0.0,LiCF3SO3,2.3030468948764367,2.3030468948764367
1561,LiPF6,LiPF6,True,0.0,LiCF3SO3,2.3030468948764367,2.3030468948764367
1562,LiPF6,LiPF6,True,0.0,LiCF3SO3,2.3030468948764367,2.3030468948764367
1563,LiPF6,LiPF6,True,0.0,LiCF3SO3,2.3030468948764367,2.3030468948764367
1564,LiPF6,LiPF6,True,0.0,LiCF3SO3,2.3030468948764367,2.3030468948764367
1565,LiPF6,LiPF6,True,0.0,LiCF3SO3,2.3030468948764367,2.3030468948764367
1566,LiPF6,LiPF6,True,0.0,LiCF3SO3,2.3030468948764367,2.3030468948764367
1567,LiPF6,LiPF6,True,0.0,LiCF3SO3,2.3030468948764367,2.3030468948764367
1568,LiPF6,LiPF6,True,0.0,LiCF3SO3,2.3030468948764367,2.3030468948764367
1569,LiPF6,LiPF6,True,0.0,LiCF3SO3,2.3030468948764367,2.3030468948764367
1570,LiPF6,LiPF6,True,0.0,LiCF3SO3,2.3030468948764367,2.3030468948764367
1571,LiPF6,LiPF6,True,0.0,LiCF3SO3,2.3030468948764367,2.3030468948764367
1572,LiPF6,LiPF6,True,0.0,LiCF3SO3,2.3030468948764367,2.3030468948764367
1573,LiPF6,LiPF6,True,0.0,LiCF3SO3,2.3030468948764367,2.3030468948764367
1574,LiPF6,LiPF6,True,0.0,LiCF3SO3,2.3030468948764367,2.3030468948764367
1575,LiPF6,LiPF6,True,0.0,LiCF3SO3,2.3030468948764367,2.3030468948764367
1576,LiPF6,LiPF6,True,0.0,LiCF3SO3,2.3030468948764367,2.3030468948764367
1577,LiPF6,LiPF6,True,0.0,LiCF3SO3,2.3030468948764367,2.3030468948764367
1578,LiPF6,LiPF6,True,0.0,LiCF3SO3,2.3030468948764367,2.3030468948764367
1579,LiPF6,LiPF6,True,0.0,LiCF3SO3,2.3030468948764367,2.3030468948764367
1580,LiPF6,LiPF6,True,0.0,LiCF3SO3,2.3030468948764367,2.3030468948764367
1581,LiPF6,LiPF6,True,0.0,LiCF3SO3,2.3030468948764367,2.3030468948764367
1582,LiPF6,LiPF6,True,0.0,LiCF3SO3,2.3030468948764367,2.3030468948764367
1583,LiPF6,LiPF6,True,0.0,LiCF3SO3,2.3030468948764367,2.3030468948764367
1584,LiPF6,LiPF6,True,0.0,LiCF3SO3,2.3030468948764367,2.3030468948764367
1585,LiPF6,LiPF6,True,0.0,LiCF3SO3,2.3030468948764367,2.3030468948764367
1586,LiPF6,LiPF6,True,0.0,LiCF3SO3,2.3030468948764367,2.3030468948764367
1587,LiPF6,LiPF6,True,0.0,LiCF3SO3,2.3030468948764367,2.3030468948764367
1588,LiPF6,LiPF6,True,0.0,LiCF3SO3,2.3030468948764367,2.3030468948764367
1589,LiPF6,LiPF6,True,0.0,LiCF3SO3,2.3030468948764367,2.3030468948764367
1590,LiPF6,LiPF6,True,0.0,LiCF3SO3,2.3030468948764367,2.3030468948764367
1591,LiPF6,LiPF6,True,0.0,LiCF3SO3,2.3030468948764367,2.3030468948764367
1592,LiPF6,LiPF6,True,0.0,LiCF3SO3,2.3030468948764367,2.3030468948764367
1593,LiPF6,LiPF6,True,0.0,LiCF3SO3,2.3030468948764367,2.3030468948764367
1594,LiPF6,LiPF6,True,0.0,LiCF3SO3,2.3030468948764367,2.3030468948764367
1595,LiPF6,LiPF6,True,0.0,LiCF3SO3,2.3030468948764367,2.3030468948764367
1596,LiPF6,LiPF6,True,0.0,LiCF3SO3,2.3030468948764367,2.3030468948764367
1597,LiPF6,LiPF6,True,0.0,LiCF3SO3,2.3030468948764367,2.3030468948764367
1598,LiPF6,LiPF6,True,0.0,LiCF3SO3,2.3030468948764367,2.3030468948764367
1599,LiPF6,LiPF6,True,0.0,LiCF3SO3,2.3030468948764367,2.3030468948764367
1600,LiPF6,LiPF6,True,0.0,LiCF3SO3,2.3030468948764367,2.3030468948764367
1601,LiPF6,LiPF6,True,0.0,LiCF3SO3,2.3030468948764367,2.3030468948764367
1602,LiPF6,LiPF6,True,0.0,LiCF3SO3,2.3030468948764367,2.3030468948764367
1603,LiPF6,LiPF6,True,0.0,LiCF3SO3,2.3030468948764367,2.3030468948764367
1604,LiPF6,LiPF6,True,0.0,LiCF3SO3,2.3030468948764367,2.3030468948764367
1605,LiPF6,LiPF6,True,0.0,LiCF3SO3,2.3030468948764367,2.3030468948764367
1606,LiPF6,LiPF6,True,0.0,LiCF3SO3,2.3030468948764367,2.3030468948764367
1607,LiPF6,LiPF6,True,0.0,LiCF3SO3,2.3030468948764367,2.3030468948764367
1608,LiPF6,LiPF6,True,0.0,LiCF3SO3,2.3030468948764367,2.3030468948764367
1609,LiPF6,LiPF6,True,0.0,LiCF3SO3,2.3030468948764367,2.3030468948764367
1610,LiPF6,LiPF6,True,0.0,LiCF3SO3,2.3030468948764367,2.3030468948764367
1611,LiPF6,LiPF6,True,0.0,LiCF3SO3,2.3030468948764367,2.3030468948764367
1612,LiPF6,LiPF6,True,0.0,LiCF3SO3,2.3030468948764367,2.3030468948764367
1613,LiPF6,LiPF6,True,0.0,LiCF3SO3,2.3030468948764367,2.3030468948764367
1614,LiPF6,LiPF6,True,0.0,LiCF3SO3,2.3030468948764367,2.3030468948764367
1615,LiPF6,LiPF6,True,0.0,LiCF3SO3,2.3030468948764367,2.3030468948764367
1616,LiPF6,LiPF6,True,0.0,LiCF3SO3,2.3030468948764367,2.3030468948764367
1617,LiPF6,LiPF6,True,0.0,LiCF3SO3,2.3030468948764367,2.3030468948764367
1618,LiPF6,LiPF6,True,0.0,LiCF3SO3,2.3030468948764367,2.3030468948764367
1619,LiPF6,LiPF6,True,0.0,LiCF3SO3,2.3030468948764367,2.3030468948764367
1620,LiPF6,LiPF6,True,0.0,LiCF3SO3,2.3030468948764367,2.3030468948764367
1621,LiPF6,LiPF6,True,0.0,LiCF3SO3,2.3030468948764367,2.3030468948764367
1622,LiPF6,LiPF6,True,0.0,LiCF3SO3,2.3030468948764367,2.3030468948764367
1623,LiPF6,LiPF6,True,0.0,LiCF3SO3,2.3030468948764367,2.3030468948764367
1624,LiPF6,LiPF6,True,0.0,LiCF3SO3,2.3030468948764367,2.3030468948764367
1625,LiPF6,LiPF6,True,0.0,LiCF3SO3,2.3030468948764367,2.3030468948764367
1626,LiPF6,LiPF6,True,0.0,LiCF3SO3,2.3030468948764367,2.3030468948764367
1627,LiPF6,LiPF6,True,0.0,LiCF3SO3,2.3030468948764367,2.3030468948764367
1628,LiPF6,LiPF6,True,0.0,LiCF3SO3,2.3030468948764367,2.3030468948764367
1629,LiPF6,LiPF6,True,0.0,LiCF3SO3,2.3030468948764367,2.3030468948764367
1630,LiPF6,LiPF6,True,0.0,LiCF3SO3,2.3030468948764367,2.3030468948764367
1631,LiPF6,LiPF6,True,0.0,LiCF3SO3,2.3030468948764367,2.3030468948764367
1632,LiPF6,LiPF6,True,0.0,LiCF3SO3,2.3030468948764367,2.3030468948764367
1633,LiPF6,LiPF6,True,0.0,LiCF3SO3,2.3030468948764367,2.3030468948764367
1634,LiPF6,LiPF6,True,0.0,LiCF3SO3,2.3030468948764367,2.3030468948764367
1635,LiPF6,LiPF6,True,0.0,LiCF3SO3,2.3030468948764367,2.3030468948764367
1636,LiPF6,LiPF6,True,0.0,LiCF3SO3,2.3030468948764367,2.3030468948764367
1637,LiPF6,LiPF6,True,0.0,LiCF3SO3,2.3030468948764367,2.3030468948764367
1638,LiPF6,LiPF6,True,0.0,LiCF3SO3,2.3030468948764367,2.3030468948764367
1639,LiPF6,LiPF6,True,0.0,LiCF3SO3,2.3030468948764367,2.3030468948764367
1640,LiPF6,LiPF6,True,0.0,LiCF3SO3,2.3030468948764367,2.3030468948764367
1641,LiPF6,LiPF6,True,0.0,LiCF3SO3,2.3030468948764367,2.3030468948764367
1642,LiPF6,LiPF6,True,0.0,LiCF3SO3,2.3030468948764367,2.3030468948764367
1643,LiPF6,LiPF6,True,0.0,LiCF3SO3,2.3030468948764367,2.3030468948764367
1644,LiPF6,LiPF6,True,0.0,LiCF3SO3,2.3030468948764367,2.3030468948764367
1645,LiPF6,LiPF6,True,0.0,LiCF3SO3,2.3030468948764367,2.3030468948764367
1646,LiPF6,LiPF6,True,0.0,LiCF3SO3,2.3030468948764367,2.3030468948764367
1647,LiPF6,LiPF6,True,0.0,LiCF3SO3,2.3030468948764367,2.3030468948764367
1648,LiPF6,LiPF6,True,0.0,LiCF3SO3,2.3030468948764367,2.3030468948764367
1649,LiPF6,LiPF6,True,0.0,LiCF3SO3,2.3030468948764367,2.3030468948764367
1650,LiPF6,LiPF6,True,0.0,LiCF3SO3,2.3030468948764367,2.3030468948764367
1651,LiPF6,LiPF6,True,0.0,LiCF3SO3,2.3030468948764367,2.3030468948764367
1652,LiPF6,LiPF6,True,0.0,LiCF3SO3,2.3030468948764367,2.3030468948764367
1653,LiPF6,LiPF6,True,0.0,LiCF3SO3,2.3030468948764367,2.3030468948764367
1654,LiPF6,LiPF6,True,0.0,LiCF3SO3,2.3030468948764367,2.3030468948764367
1655,LiPF6,LiPF6,True,0.0,LiCF3SO3,2.3030468948764367,2.3030468948764367
1656,LiPF6,LiPF6,True,0.0,LiCF3SO3,2.3030468948764367,2.3030468948764367
1657,LiPF6,LiPF6,True,0.0,LiCF3SO3,2.3030468948764367,2.3030468948764367
1658,LiPF6,LiPF6,True,0.0,LiCF3SO3,2.3030468948764367,2.3030468948764367
1659,LiPF6,LiPF6,True,0.0,LiCF3SO3,2.3030468948764367,2.3030468948764367
1660,LiPF6,LiPF6,True,0.0,LiCF3SO3,2.3030468948764367,2.3030468948764367
1661,LiPF6,LiPF6,True,0.0,LiCF3SO3,2.3030468948764367,2.3030468948764367
1662,LiPF6,LiPF6,True,0.0,LiCF3SO3,2.3030468948764367,2.3030468948764367
1663,LiPF6,LiPF6,True,0.0,LiCF3SO3,2.3030468948764367,2.3030468948764367
1664,LiPF6,LiPF6,True,0.0,LiCF3SO3,2.3030468948764367,2.3030468948764367
1665,LiPF6,LiPF6,True,0.0,LiCF3SO3,2.3030468948764367,2.3030468948764367
1666,LiPF6,LiPF6,True,0.0,LiCF3SO3,2.3030468948764367,2.3030468948764367
1667,LiPF6,LiPF6,True,0.0,LiCF3SO3,2.3030468948764367,2.3030468948764367
1668,LiPF6,LiPF6,True,0.0,LiCF3SO3,2.3030468948764367,2.3030468948764367
1669,LiPF6,LiPF6,True,0.0,LiCF3SO3,2.3030468948764367,2.3030468948764367
1670,LiPF6,LiPF6,True,0.0,LiCF3SO3,2.3030468948764367,2.3030468948764367
1671,LiPF6,LiPF6,True,0.0,LiCF3SO3,2.3030468948764367,2.3030468948764367
1672,LiPF6,LiPF6,True,0.0,LiCF3SO3,2.3030468948764367,2.3030468948764367
1673,LiPF6,LiPF6,True,0.0,LiCF3SO3,2.3030468948764367,2.3030468948764367
1674,LiPF6,LiPF6,True,0.0,LiCF3SO3,2.3030468948764367,2.3030468948764367
1675,LiPF6,LiPF6,True,0.0,LiCF3SO3,2.3030468948764367,2.3030468948764367
1676,LiPF6,LiPF6,True,0.0,LiCF3SO3,2.3030468948764367,2.3030468948764367
1677,LiPF6,LiPF6,True,0.0,LiCF3SO3,2.3030468948764367,2.3030468948764367
1678,LiPF6,LiPF6,True,0.0,LiCF3SO3,2.3030468948764367,2.3030468948764367
1679,LiPF6,LiPF6,True,0.0,LiCF3SO3,2.3030468948764367,2.3030468948764367
1680,LiPF6,LiPF6,True,0.0,LiCF3SO3,2.3030468948764367,2.3030468948764367
1681,LiPF6,LiPF6,True,0.0,LiCF3SO3,2.3030468948764367,2.3030468948764367
1682,LiPF6,LiPF6,True,0.0,LiCF3SO3,2.3030468948764367,2.3030468948764367
1683,LiPF6,LiPF6,True,0.0,LiCF3SO3,2.3030468948764367,2.3030468948764367
1684,LiPF6,LiPF6,True,0.0,LiCF3SO3,2.3030468948764367,2.3030468948764367
1685,LiPF6,LiPF6,True,0.0,LiCF3SO3,2.3030468948764367,2.3030468948764367
1686,LiPF6,LiPF6,True,0.0,LiCF3SO3,2.3030468948764367,2.3030468948764367
1687,LiPF6,LiPF6,True,0.0,LiCF3SO3,2.3030468948764367,2.3030468948764367
1688,LiPF6,LiPF6,True,0.0,LiCF3SO3,2.3030468948764367,2.3030468948764367
1689,LiPF6,LiPF6,True,0.0,LiCF3SO3,2.3030468948764367,2.3030468948764367
1690,LiPF6,LiPF6,True,0.0,LiCF3SO3,2.3030468948764367,2.3030468948764367
1691,LiPF6,LiPF6,True,0.0,LiCF3SO3,2.3030468948764367,2.3030468948764367
1692,LiPF6,LiPF6,True,0.0,LiCF3SO3,2.3030468948764367,2.3030468948764367
1693,LiPF6,LiPF6,True,0.0,LiCF3SO3,2.3030468948764367,2.3030468948764367
1694,LiPF6,LiPF6,True,0.0,LiCF3SO3,2.3030468948764367,2.3030468948764367
1695,LiPF6,LiPF6,True,0.0,LiCF3SO3,2.3030468948764367,2.3030468948764367
1696,LiPF6,LiPF6,True,0.0,LiCF3SO3,2.3030468948764367,2.3030468948764367
1697,LiPF6,LiPF6,True,0.0,LiCF3SO3,2.3030468948764367,2.3030468948764367
1698,LiPF6,LiPF6,True,0.0,LiCF3SO3,2.3030468948764367,2.3030468948764367
1699,LiPF6,LiPF6,True,0.0,LiCF3SO3,2.3030468948764367,2.3030468948764367
1700,LiPF6,LiPF6,True,0.0,LiCF3SO3,2.3030468948764367,2.3030468948764367
1701,LiPF6,LiPF6,True,0.0,LiCF3SO3,2.3030468948764367,2.3030468948764367
1702,LiPF6,LiPF6,True,0.0,LiCF3SO3,2.3030468948764367,2.3030468948764367
1703,LiPF6,LiPF6,True,0.0,LiCF3SO3,2.3030468948764367,2.3030468948764367
1704,LiPF6,LiPF6,True,0.0,LiCF3SO3,2.3030468948764367,2.3030468948764367
1705,LiPF6,LiPF6,True,0.0,LiCF3SO3,2.3030468948764367,2.3030468948764367
1706,LiPF6,LiPF6,True,0.0,LiCF3SO3,2.3030468948764367,2.3030468948764367
1707,LiPF6,LiPF6,True,0.0,LiCF3SO3,2.3030468948764367,2.3030468948764367
1708,LiPF6,LiPF6,True,0.0,LiCF3SO3,2.3030468948764367,2.3030468948764367
1709,LiPF6,LiPF6,True,0.0,LiCF3SO3,2.3030468948764367,2.3030468948764367
1710,LiPF6,LiPF6,True,0.0,LiCF3SO3,2.3030468948764367,2.3030468948764367
1711,LiPF6,LiPF6,True,0.0,LiCF3SO3,2.3030468948764367,2.3030468948764367
1712,LiPF6,LiPF6,True,0.0,LiCF3SO3,2.3030468948764367,2.3030468948764367
1713,LiPF6,LiPF6,True,0.0,LiCF3SO3,2.3030468948764367,2.3030468948764367
1714,LiPF6,LiPF6,True,0.0,LiCF3SO3,2.3030468948764367,2.3030468948764367
1715,LiPF6,LiPF6,True,0.0,LiCF3SO3,2.3030468948764367,2.3030468948764367
1716,LiPF6,LiPF6,True,0.0,LiCF3SO3,2.3030468948764367,2.3030468948764367
1717,LiPF6,LiPF6,True,0.0,LiCF3SO3,2.3030468948764367,2.3030468948764367
1718,LiPF6,LiPF6,True,0.0,LiCF3SO3,2.3030468948764367,2.3030468948764367
1719,LiPF6,LiPF6,True,0.0,LiCF3SO3,2.3030468948764367,2.3030468948764367
1720,LiPF6,LiPF6,True,0.0,LiCF3SO3,2.3030468948764367,2.3030468948764367
1721,LiPF6,LiPF6,True,0.0,LiCF3SO3,2.3030468948764367,2.3030468948764367
1722,LiPF6,LiPF6,True,0.0,LiCF3SO3,2.3030468948764367,2.3030468948764367
1723,LiPF6,LiPF6,True,0.0,LiCF3SO3,2.3030468948764367,2.3030468948764367
1724,LiPF6,LiPF6,True,0.0,LiCF3SO3,2.3030468948764367,2.3030468948764367
1725,LiPF6,LiPF6,True,0.0,LiCF3SO3,2.3030468948764367,2.3030468948764367
1726,LiPF6,LiPF6,True,0.0,LiCF3SO3,2.3030468948764367,2.3030468948764367
1727,LiPF6,LiPF6,True,0.0,LiCF3SO3,2.3030468948764367,2.3030468948764367
1728,LiPF6,LiPF6,True,0.0,LiCF3SO3,2.3030468948764367,2.3030468948764367
1729,LiPF6,LiPF6,True,0.0,LiCF3SO3,2.3030468948764367,2.3030468948764367
1730,LiPF6,LiPF6,True,0.0,LiCF3SO3,2.3030468948764367,2.3030468948764367
1731,LiPF6,LiPF6,True,0.0,LiCF3SO3,2.3030468948764367,2.3030468948764367
1732,LiPF6,LiPF6,True,0.0,LiCF3SO3,2.3030468948764367,2.3030468948764367
1733,LiPF6,LiPF6,True,0.0,LiCF3SO3,2.3030468948764367,2.3030468948764367
1734,LiPF6,LiPF6,True,0.0,LiCF3SO3,2.3030468948764367,2.3030468948764367
1735,LiPF6,LiPF6,True,0.0,LiCF3SO3,2.3030468948764367,2.3030468948764367
1736,LiPF6,LiPF6,True,0.0,LiCF3SO3,2.3030468948764367,2.3030468948764367
1737,LiPF6,LiPF6,True,0.0,LiCF3SO3,2.3030468948764367,2.3030468948764367
1738,LiPF6,LiPF6,True,0.0,LiCF3SO3,2.3030468948764367,2.3030468948764367
1739,LiPF6,LiPF6,True,0.0,LiCF3SO3,2.3030468948764367,2.3030468948764367
1740,LiPF6,LiPF6,True,0.0,LiCF3SO3,2.3030468948764367,2.3030468948764367
1741,LiPF6,LiPF6,True,0.0,LiCF3SO3,2.3030468948764367,2.3030468948764367
1742,LiPF6,LiPF6,True,0.0,LiCF3SO3,2.3030468948764367,2.3030468948764367
1743,LiPF6,LiPF6,True,0.0,LiCF3SO3,2.3030468948764367,2.3030468948764367
1744,LiPF6,LiPF6,True,0.0,LiCF3SO3,2.3030468948764367,2.3030468948764367
1745,LiPF6,LiPF6,True,0.0,LiCF3SO3,2.3030468948764367,2.3030468948764367
1746,LiPF6,LiPF6,True,0.0,LiCF3SO3,2.3030468948764367,2.3030468948764367
1747,LiPF6,LiPF6,True,0.0,LiCF3SO3,2.3030468948764367,2.3030468948764367
1748,LiPF6,LiPF6,True,0.0,LiCF3SO3,2.3030468948764367,2.3030468948764367
1749,LiPF6,LiPF6,True,0.0,LiCF3SO3,2.3030468948764367,2.3030468948764367
1750,LiPF6,LiPF6,True,0.0,LiCF3SO3,2.3030468948764367,2.3030468948764367
1751,LiPF6,LiPF6,True,0.0,LiCF3SO3,2.3030468948764367,2.3030468948764367
1752,LiPF6,LiPF6,True,0.0,LiCF3SO3,2.3030468948764367,2.3030468948764367
1753,LiPF6,LiPF6,True,0.0,LiCF3SO3,2.3030468948764367,2.3030468948764367
1754,LiPF6,LiPF6,True,0.0,LiCF3SO3,2.3030468948764367,2.3030468948764367
1755,LiPF6,LiPF6,True,0.0,LiCF3SO3,2.3030468948764367,2.3030468948764367
1756,LiPF6,LiPF6,True,0.0,LiCF3SO3,2.3030468948764367,2.3030468948764367
1757,LiPF6,LiPF6,True,0.0,LiCF3SO3,2.3030468948764367,2.3030468948764367
1758,LiPF6,LiPF6,True,0.0,LiCF3SO3,2.3030468948764367,2.3030468948764367
1759,LiPF6,LiPF6,True,0.0,LiCF3SO3,2.3030468948764367,2.3030468948764367
1760,LiPF6,LiPF6,True,0.0,LiCF3SO3,2.3030468948764367,2.3030468948764367
1761,LiPF6,LiPF6,True,0.0,LiCF3SO3,2.3030468948764367,2.3030468948764367
1762,LiPF6,LiPF6,True,0.0,LiCF3SO3,2.3030468948764367,2.3030468948764367
1763,LiPF6,LiPF6,True,0.0,LiCF3SO3,2.3030468948764367,2.3030468948764367
1764,LiPF6,LiPF6,True,0.0,LiCF3SO3,2.3030468948764367,2.3030468948764367
1765,LiPF6,LiPF6,True,0.0,LiCF3SO3,2.3030468948764367,2.3030468948764367
1766,LiPF6,LiPF6,True,0.0,LiCF3SO3,2.3030468948764367,2.3030468948764367
1767,LiPF6,LiPF6,True,0.0,LiCF3SO3,2.3030468948764367,2.3030468948764367
1768,LiPF6,LiPF6,True,0.0,LiCF3SO3,2.3030468948764367,2.3030468948764367
1769,LiPF6,LiPF6,True,0.0,LiCF3SO3,2.3030468948764367,2.3030468948764367
1770,LiPF6,LiPF6,True,0.0,LiCF3SO3,2.3030468948764367,2.3030468948764367
1771,LiPF6,LiPF6,True,0.0,LiCF3SO3,2.3030468948764367,2.3030468948764367
1772,LiPF6,LiPF6,True,0.0,LiCF3SO3,2.3030468948764367,2.3030468948764367
1773,LiPF6,LiPF6,True,0.0,LiCF3SO3,2.3030468948764367,2.3030468948764367
1774,LiPF6,LiPF6,True,0.0,LiCF3SO3,2.3030468948764367,2.3030468948764367
1775,LiPF6,LiPF6,True,0.0,LiCF3SO3,2.3030468948764367,2.3030468948764367
1776,LiPF6,LiPF6,True,0.0,LiCF3SO3,2.3030468948764367,2.3030468948764367
1777,LiPF6,LiPF6,True,0.0,LiCF3SO3,2.3030468948764367,2.3030468948764367
1778,LiPF6,LiPF6,True,0.0,LiCF3SO3,2.3030468948764367,2.3030468948764367
1779,LiPF6,LiPF6,True,0.0,LiCF3SO3,2.3030468948764367,2.3030468948764367
1780,LiPF6,LiPF6,True,0.0,LiCF3SO3,2.3030468948764367,2.3030468948764367
1781,LiPF6,LiPF6,True,0.0,LiCF3SO3,2.3030468948764367,2.3030468948764367
1782,LiPF6,LiPF6,True,0.0,LiCF3SO3,2.3030468948764367,2.3030468948764367
1783,LiPF6,LiPF6,True,0.0,LiCF3SO3,2.3030468948764367,2.3030468948764367
1784,LiPF6,LiPF6,True,0.0,LiCF3SO3,2.3030468948764367,2.3030468948764367
1785,LiPF6,LiPF6,True,0.0,LiCF3SO3,2.3030468948764367,2.3030468948764367
1786,LiPF6,LiPF6,True,0.0,LiCF3SO3,2.3030468948764367,2.3030468948764367
1787,LiPF6,LiPF6,True,0.0,LiCF3SO3,2.3030468948764367,2.3030468948764367
1788,LiPF6,LiPF6,True,0.0,LiCF3SO3,2.3030468948764367,2.3030468948764367
1789,LiPF6,LiPF6,True,0.0,LiCF3SO3,2.3030468948764367,2.3030468948764367
1790,LiPF6,LiPF6,True,0.0,LiCF3SO3,2.3030468948764367,2.3030468948764367
1791,LiPF6,LiPF6,True,0.0,LiCF3SO3,2.3030468948764367,2.3030468948764367
1792,LiPF6,LiPF6,True,0.0,LiCF3SO3,2.3030468948764367,2.3030468948764367
1793,LiPF6,LiPF6,True,0.0,LiCF3SO3,2.3030468948764367,2.3030468948764367
1794,LiPF6,LiPF6,True,0.0,LiCF3SO3,2.3030468948764367,2.3030468948764367
1795,LiPF6,LiPF6,True,0.0,LiCF3SO3,2.3030468948764367,2.3030468948764367
1796,LiPF6,LiPF6,True,0.0,LiCF3SO3,2.3030468948764367,2.3030468948764367
1797,LiPF6,LiPF6,True,0.0,LiCF3SO3,2.3030468948764367,2.3030468948764367
1798,LiPF6,LiPF6,True,0.0,LiCF3SO3,2.3030468948764367,2.3030468948764367
1799,LiPF6,LiPF6,True,0.0,LiCF3SO3,2.3030468948764367,2.3030468948764367
1800,LiPF6,LiPF6,True,0.0,LiCF3SO3,2.3030468948764367,2.3030468948764367
1801,LiPF6,LiPF6,True,0.0,LiCF3SO3,2.3030468948764367,2.3030468948764367
1802,LiPF6,LiPF6,True,0.0,LiCF3SO3,2.3030468948764367,2.3030468948764367
1803,LiPF6,LiPF6,True,0.0,LiCF3SO3,2.3030468948764367,2.3030468948764367
1804,LiPF6,LiPF6,True,0.0,LiCF3SO3,2.3030468948764367,2.3030468948764367
1805,LiPF6,LiPF6,True,0.0,LiCF3SO3,2.3030468948764367,2.3030468948764367
1806,LiPF6,LiPF6,True,0.0,LiCF3SO3,2.3030468948764367,2.3030468948764367
1807,LiPF6,LiPF6,True,0.0,LiCF3SO3,2.3030468948764367,2.3030468948764367
1808,LiPF6,LiPF6,True,0.0,LiCF3SO3,2.3030468948764367,2.3030468948764367
1809,LiPF6,LiPF6,True,0.0,LiCF3SO3,2.3030468948764367,2.3030468948764367
1810,LiPF6,LiPF6,True,0.0,LiCF3SO3,2.3030468948764367,2.3030468948764367
1811,LiPF6,LiPF6,True,0.0,LiCF3SO3,2.3030468948764367,2.3030468948764367
1812,LiPF6,LiPF6,True,0.0,LiCF3SO3,2.3030468948764367,2.3030468948764367
1813,LiPF6,LiPF6,True,0.0,LiCF3SO3,2.3030468948764367,2.3030468948764367
1814,LiPF6,LiPF6,True,0.0,LiCF3SO3,2.3030468948764367,2.3030468948764367
1815,LiPF6,LiPF6,True,0.0,LiCF3SO3,2.3030468948764367,2.3030468948764367
1816,LiPF6,LiPF6,True,0.0,LiCF3SO3,2.3030468948764367,2.3030468948764367
1817,LiPF6,LiPF6,True,0.0,LiCF3SO3,2.3030468948764367,2.3030468948764367
1818,LiPF6,LiPF6,True,0.0,LiCF3SO3,2.3030468948764367,2.3030468948764367
1819,LiPF6,LiPF6,True,0.0,LiCF3SO3,2.3030468948764367,2.3030468948764367
1820,LiPF6,LiPF6,True,0.0,LiCF3SO3,2.3030468948764367,2.3030468948764367
1821,LiPF6,LiPF6,True,0.0,LiCF3SO3,2.3030468948764367,2.3030468948764367
1822,LiPF6,LiPF6,True,0.0,LiCF3SO3,2.3030468948764367,2.3030468948764367
1823,LiPF6,LiPF6,True,0.0,LiCF3SO3,2.3030468948764367,2.3030468948764367
1824,LiPF6,LiPF6,True,0.0,LiCF3SO3,2.3030468948764367,2.3030468948764367
1825,LiPF6,LiPF6,True,0.0,LiCF3SO3,2.3030468948764367,2.3030468948764367
1826,LiPF6,LiPF6,True,0.0,LiCF3SO3,2.3030468948764367,2.3030468948764367
1827,LiPF6,LiPF6,True,0.0,LiCF3SO3,2.3030468948764367,2.3030468948764367
1828,LiPF6,LiPF6,True,0.0,LiCF3SO3,2.3030468948764367,2.3030468948764367
1829,LiPF6,LiPF6,True,0.0,LiCF3SO3,2.3030468948764367,2.3030468948764367
1830,LiPF6,LiPF6,True,0.0,LiCF3SO3,2.3030468948764367,2.3030468948764367
1831,LiPF6,LiPF6,True,0.0,LiCF3SO3,2.3030468948764367,2.3030468948764367
1832,LiPF6,LiPF6,True,0.0,LiCF3SO3,2.3030468948764367,2.3030468948764367
1833,LiPF6,LiPF6,True,0.0,LiCF3SO3,2.3030468948764367,2.3030468948764367
1834,LiPF6,LiPF6,True,0.0,LiCF3SO3,2.3030468948764367,2.3030468948764367
1835,LiPF6,LiPF6,True,0.0,LiCF3SO3,2.3030468948764367,2.3030468948764367
1836,LiPF6,LiPF6,True,0.0,LiCF3SO3,2.3030468948764367,2.3030468948764367
1837,LiPF6,LiPF6,True,0.0,LiCF3SO3,2.3030468948764367,2.3030468948764367
1838,LiPF6,LiPF6,True,0.0,LiCF3SO3,2.3030468948764367,2.3030468948764367
1839,LiPF6,LiPF6,True,0.0,LiCF3SO3,2.3030468948764367,2.3030468948764367
1840,LiPF6,LiPF6,True,0.0,LiCF3SO3,2.3030468948764367,2.3030468948764367
1841,LiPF6,LiPF6,True,0.0,LiCF3SO3,2.3030468948764367,2.3030468948764367
1842,LiPF6,LiPF6,True,0.0,LiCF3SO3,2.3030468948764367,2.3030468948764367
1843,LiPF6,LiPF6,True,0.0,LiCF3SO3,2.3030468948764367,2.3030468948764367
1844,LiPF6,LiPF6,True,0.0,LiCF3SO3,2.3030468948764367,2.3030468948764367
1845,LiPF6,LiPF6,True,0.0,LiCF3SO3,2.3030468948764367,2.3030468948764367
1846,LiPF6,LiPF6,True,0.0,LiCF3SO3,2.3030468948764367,2.3030468948764367
1847,LiPF6,LiPF6,True,0.0,LiCF3SO3,2.3030468948764367,2.3030468948764367
1848,LiPF6,LiPF6,True,0.0,LiCF3SO3,2.3030468948764367,2.3030468948764367
1849,LiPF6,LiPF6,True,0.0,LiCF3SO3,2.3030468948764367,2.3030468948764367
1850,LiPF6,LiPF6,True,0.0,LiCF3SO3,2.3030468948764367,2.3030468948764367
1851,LiPF6,LiPF6,True,0.0,LiCF3SO3,2.3030468948764367,2.3030468948764367
1852,LiPF6,LiPF6,True,0.0,LiCF3SO3,2.3030468948764367,2.3030468948764367
1853,LiPF6,LiPF6,True,0.0,LiCF3SO3,2.3030468948764367,2.3030468948764367
1854,LiPF6,LiPF6,True,0.0,LiCF3SO3,2.3030468948764367,2.3030468948764367
1855,LiPF6,LiPF6,True,0.0,LiCF3SO3,2.3030468948764367,2.3030468948764367
1856,LiPF6,LiPF6,True,0.0,LiCF3SO3,2.3030468948764367,2.3030468948764367
1857,LiPF6,LiPF6,True,0.0,LiCF3SO3,2.3030468948764367,2.3030468948764367
1858,LiPF6,LiPF6,True,0.0,LiCF3SO3,2.3030468948764367,2.3030468948764367
1859,LiPF6,LiPF6,True,0.0,LiCF3SO3,2.3030468948764367,2.3030468948764367
1860,LiPF6,LiPF6,True,0.0,LiCF3SO3,2.3030468948764367,2.3030468948764367
1861,LiPF6,LiPF6,True,0.0,LiCF3SO3,2.3030468948764367,2.3030468948764367
1862,LiPF6,LiPF6,True,0.0,LiCF3SO3,2.3030468948764367,2.3030468948764367
1863,LiPF6,LiPF6,True,0.0,LiCF3SO3,2.3030468948764367,2.3030468948764367
1864,LiPF6,LiPF6,True,0.0,LiCF3SO3,2.3030468948764367,2.3030468948764367
1865,LiPF6,LiPF6,True,0.0,LiCF3SO3,2.3030468948764367,2.3030468948764367
1866,LiPF6,LiPF6,True,0.0,LiCF3SO3,2.3030468948764367,2.3030468948764367
1867,LiPF6,LiPF6,True,0.0,LiCF3SO3,2.3030468948764367,2.3030468948764367
1868,LiPF6,LiPF6,True,0.0,LiCF3SO3,2.3030468948764367,2.3030468948764367
1869,LiPF6,LiPF6,True,0.0,LiCF3SO3,2.3030468948764367,2.3030468948764367
1870,LiPF6,LiPF6,True,0.0,LiCF3SO3,2.3030468948764367,2.3030468948764367
1871,LiPF6,LiPF6,True,0.0,LiCF3SO3,2.3030468948764367,2.3030468948764367
1872,LiPF6,LiPF6,True,0.0,LiCF3SO3,2.3030468948764367,2.3030468948764367
1873,LiPF6,LiPF6,True,0.0,LiCF3SO3,2.3030468948764367,2.3030468948764367
1874,LiPF6,LiPF6,True,0.0,LiCF3SO3,2.3030468948764367,2.3030468948764367
1875,LiPF6,LiPF6,True,0.0,LiCF3SO3,2.3030468948764367,2.3030468948764367
1876,LiPF6,LiPF6,True,0.0,LiCF3SO3,2.3030468948764367,2.3030468948764367
1877,LiPF6,LiPF6,True,0.0,LiCF3SO3,2.3030468948764367,2.3030468948764367
1878,LiPF6,LiPF6,True,0.0,LiCF3SO3,2.3030468948764367,2.3030468948764367
1879,LiPF6,LiPF6,True,0.0,LiCF3SO3,2.3030468948764367,2.3030468948764367
1880,LiPF6,LiPF6,True,0.0,LiCF3SO3,2.3030468948764367,2.3030468948764367
1881,LiPF6,LiPF6,True,0.0,LiCF3SO3,2.3030468948764367,2.3030468948764367
1882,LiPF6,LiPF6,True,0.0,LiCF3SO3,2.3030468948764367,2.3030468948764367
1883,LiPF6,LiPF6,True,0.0,LiCF3SO3,2.3030468948764367,2.3030468948764367
1884,LiPF6,LiPF6,True,0.0,LiCF3SO3,2.3030468948764367,2.3030468948764367
1885,LiPF6,LiPF6,True,0.0,LiCF3SO3,2.3030468948764367,2.3030468948764367
1886,LiPF6,LiPF6,True,0.0,LiCF3SO3,2.3030468948764367,2.3030468948764367
1887,LiPF6,LiPF6,True,0.0,LiCF3SO3,2.3030468948764367,2.3030468948764367
1888,LiPF6,LiPF6,True,0.0,LiCF3SO3,2.3030468948764367,2.3030468948764367
1889,LiPF6,LiPF6,True,0.0,LiCF3SO3,2.3030468948764367,2.3030468948764367
1890,LiPF6,LiPF6,True,0.0,LiCF3SO3,2.3030468948764367,2.3030468948764367
1891,LiPF6,LiPF6,True,0.0,LiCF3SO3,2.3030468948764367,2.3030468948764367
1892,LiPF6,LiPF6,True,0.0,LiCF3SO3,2.3030468948764367,2.3030468948764367
1893,LiPF6,LiPF6,True,0.0,LiCF3SO3,2.3030468948764367,2.3030468948764367
1894,LiPF6,LiPF6,True,0.0,LiCF3SO3,2.3030468948764367,2.3030468948764367
1895,LiPF6,LiPF6,True,0.0,LiCF3SO3,2.3030468948764367,2.3030468948764367
1896,LiPF6,LiPF6,True,0.0,LiCF3SO3,2.3030468948764367,2.3030468948764367
1897,LiPF6,LiPF6,True,0.0,LiCF3SO3,2.3030468948764367,2.3030468948764367
1898,LiPF6,LiPF6,True,0.0,LiCF3SO3,2.3030468948764367,2.3030468948764367
1899,LiPF6,LiPF6,True,0.0,LiCF3SO3,2.3030468948764367,2.3030468948764367
1900,LiPF6,LiPF6,True,0.0,LiCF3SO3,2.3030468948764367,2.3030468948764367
1901,LiPF6,LiPF6,True,0.0,LiCF3SO3,2.3030468948764367,2.3030468948764367
1902,LiPF6,LiPF6,True,0.0,LiCF3SO3,2.3030468948764367,2.3030468948764367
1903,LiPF6,LiPF6,True,0.0,LiCF3SO3,2.3030468948764367,2.3030468948764367
1904,LiPF6,LiPF6,True,0.0,LiCF3SO3,2.3030468948764367,2.3030468948764367
1905,LiPF6,LiPF6,True,0.0,LiCF3SO3,2.3030468948764367,2.3030468948764367
1906,LiPF6,LiPF6,True,0.0,LiCF3SO3,2.3030468948764367,2.3030468948764367
1907,LiPF6,LiPF6,True,0.0,LiCF3SO3,2.3030468948764367,2.3030468948764367
1908,LiPF6,LiPF6,True,0.0,LiCF3SO3,2.3030468948764367,2.3030468948764367
1909,LiPF6,LiPF6,True,0.0,LiCF3SO3,2.3030468948764367,2.3030468948764367
1910,LiPF6,LiPF6,True,0.0,LiCF3SO3,2.3030468948764367,2.3030468948764367
1911,LiPF6,LiPF6,True,0.0,LiCF3SO3,2.3030468948764367,2.3030468948764367
1912,LiPF6,LiPF6,True,0.0,LiCF3SO3,2.3030468948764367,2.3030468948764367
1913,LiPF6,LiPF6,True,0.0,LiCF3SO3,2.3030468948764367,2.3030468948764367
1914,LiPF6,LiPF6,True,0.0,LiCF3SO3,2.3030468948764367,2.3030468948764367
1915,LiPF6,LiPF6,True,0.0,LiCF3SO3,2.3030468948764367,2.3030468948764367
1916,LiPF6,LiPF6,True,0.0,LiCF3SO3,2.3030468948764367,2.3030468948764367
1917,LiPF6,LiPF6,True,0.0,LiCF3SO3,2.3030468948764367,2.3030468948764367
1918,LiPF6,LiPF6,True,0.0,LiCF3SO3,2.3030468948764367,2.3030468948764367
1919,LiPF6,LiPF6,True,0.0,LiCF3SO3,2.3030468948764367,2.3030468948764367
1920,LiPF6,LiPF6,True,0.0,LiCF3SO3,2.3030468948764367,2.3030468948764367
1921,LiPF6,LiPF6,True,0.0,LiCF3SO3,2.3030468948764367,2.3030468948764367
1922,LiPF6,LiPF6,True,0.0,LiCF3SO3,2.3030468948764367,2.3030468948764367
1923,LiPF6,LiPF6,True,0.0,LiCF3SO3,2.3030468948764367,2.3030468948764367
1924,LiPF6,LiPF6,True,0.0,LiCF3SO3,2.3030468948764367,2.3030468948764367
1925,LiPF6,LiPF6,True,0.0,LiCF3SO3,2.3030468948764367,2.3030468948764367
1926,LiPF6,LiPF6,True,0.0,LiCF3SO3,2.3030468948764367,2.3030468948764367
1927,LiPF6,LiPF6,True,0.0,LiCF3SO3,2.3030468948764367,2.3030468948764367
1928,LiPF6,LiPF6,True,0.0,LiCF3SO3,2.3030468948764367,2.3030468948764367
1929,LiPF6,LiPF6,True,0.0,LiCF3SO3,2.3030468948764367,2.3030468948764367
1930,LiPF6,LiPF6,True,0.0,LiCF3SO3,2.3030468948764367,2.3030468948764367
1931,LiPF6,LiPF6,True,0.0,LiCF3SO3,2.3030468948764367,2.3030468948764367
1932,LiPF6,LiPF6,True,0.0,LiCF3SO3,2.3030468948764367,2.3030468948764367
1933,LiPF6,LiPF6,True,0.0,LiCF3SO3,2.3030468948764367,2.3030468948764367
1934,LiPF6,LiPF6,True,0.0,LiCF3SO3,2.3030468948764367,2.3030468948764367
1935,LiPF6,LiPF6,True,0.0,LiCF3SO3,2.3030468948764367,2.3030468948764367
1936,LiPF6,LiPF6,True,0.0,LiCF3SO3,2.3030468948764367,2.3030468948764367
1937,LiPF6,LiPF6,True,0.0,LiCF3SO3,2.3030468948764367,2.3030468948764367
1938,LiPF6,LiPF6,True,0.0,LiCF3SO3,2.3030468948764367,2.3030468948764367
1939,LiPF6,LiPF6,True,0.0,LiCF3SO3,2.3030468948764367,2.3030468948764367
1940,LiPF6,LiPF6,True,0.0,LiCF3SO3,2.3030468948764367,2.3030468948764367
1941,LiPF6,LiPF6,True,0.0,LiCF3SO3,2.3030468948764367,2.3030468948764367
1942,LiPF6,LiPF6,True,0.0,LiCF3SO3,2.3030468948764367,2.3030468948764367
1943,LiPF6,LiPF6,True,0.0,LiCF3SO3,2.3030468948764367,2.3030468948764367
1944,LiPF6,LiPF6,True,0.0,LiCF3SO3,2.3030468948764367,2.3030468948764367
1945,LiPF6,LiPF6,True,0.0,LiCF3SO3,2.3030468948764367,2.3030468948764367
1946,LiPF6,LiPF6,True,0.0,LiCF3SO3,2.3030468948764367,2.3030468948764367
1947,LiPF6,LiPF6,True,0.0,LiCF3SO3,2.3030468948764367,2.3030468948764367
1948,LiPF6,LiPF6,True,0.0,LiCF3SO3,2.3030468948764367,2.3030468948764367
1949,LiPF6,LiPF6,True,0.0,LiCF3SO3,2.3030468948764367,2.3030468948764367
1950,LiPF6,LiPF6,True,0.0,LiCF3SO3,2.3030468948764367,2.3030468948764367
1951,LiPF6,LiPF6,True,0.0,LiCF3SO3,2.3030468948764367,2.3030468948764367
1952,LiPF6,LiPF6,True,0.0,LiCF3SO3,2.3030468948764367,2.3030468948764367
1953,LiPF6,LiPF6,True,0.0,LiCF3SO3,2.3030468948764367,2.3030468948764367
1954,LiPF6,LiPF6,True,0.0,LiCF3SO3,2.3030468948764367,2.3030468948764367
1955,LiPF6,LiPF6,True,0.0,LiCF3SO3,2.3030468948764367,2.3030468948764367
1956,LiPF6,LiPF6,True,0.0,LiCF3SO3,2.3030468948764367,2.3030468948764367
1957,LiPF6,LiPF6,True,0.0,LiCF3SO3,2.3030468948764367,2.3030468948764367
1958,LiPF6,LiPF6,True,0.0,LiCF3SO3,2.3030468948764367,2.3030468948764367
1959,LiPF6,LiPF6,True,0.0,LiCF3SO3,2.3030468948764367,2.3030468948764367
1960,LiPF6,LiPF6,True,0.0,LiCF3SO3,2.3030468948764367,2.3030468948764367
1961,LiPF6,LiPF6,True,0.0,LiCF3SO3,2.3030468948764367,2.3030468948764367
1962,LiPF6,LiPF6,True,0.0,LiCF3SO3,2.3030468948764367,2.3030468948764367
1963,LiPF6,LiPF6,True,0.0,LiCF3SO3,2.3030468948764367,2.3030468948764367
1964,LiPF6,LiPF6,True,0.0,LiCF3SO3,2.3030468948764367,2.3030468948764367
1965,LiPF6,LiPF6,True,0.0,LiCF3SO3,2.3030468948764367,2.3030468948764367
1966,LiPF6,LiPF6,True,0.0,LiCF3SO3,2.3030468948764367,2.3030468948764367
1967,LiPF6,LiPF6,True,0.0,LiCF3SO3,2.3030468948764367,2.3030468948764367
1968,LiPF6,LiPF6,True,0.0,LiCF3SO3,2.3030468948764367,2.3030468948764367
1969,LiPF6,LiPF6,True,0.0,LiCF3SO3,2.3030468948764367,2.3030468948764367
1970,LiPF6,LiPF6,True,0.0,LiCF3SO3,2.3030468948764367,2.3030468948764367
1971,LiPF6,LiPF6,True,0.0,LiCF3SO3,2.3030468948764367,2.3030468948764367
1972,LiPF6,LiPF6,True,0.0,LiCF3SO3,2.3030468948764367,2.3030468948764367
1973,LiPF6,LiPF6,True,0.0,LiCF3SO3,2.3030468948764367,2.3030468948764367
1974,LiPF6,LiPF6,True,0.0,LiCF3SO3,2.3030468948764367,2.3030468948764367
1975,LiPF6,LiPF6,True,0.0,LiCF3SO3,2.3030468948764367,2.3030468948764367
1976,LiPF6,LiPF6,True,0.0,LiCF3SO3,2.3030468948764367,2.3030468948764367
1977,LiPF6,LiPF6,True,0.0,LiCF3SO3,2.3030468948764367,2.3030468948764367
1978,LiPF6,LiPF6,True,0.0,LiCF3SO3,2.3030468948764367,2.3030468948764367
1979,LiPF6,LiPF6,True,0.0,LiCF3SO3,2.3030468948764367,2.3030468948764367
1980,LiPF6,LiPF6,True,0.0,LiCF3SO3,2.3030468948764367,2.3030468948764367
1981,LiPF6,LiPF6,True,0.0,LiCF3SO3,2.3030468948764367,2.3030468948764367
1982,LiPF6,LiPF6,True,0.0,LiCF3SO3,2.3030468948764367,2.3030468948764367
1983,LiPF6,LiPF6,True,0.0,LiCF3SO3,2.3030468948764367,2.3030468948764367
1984,LiPF6,LiPF6,True,0.0,LiCF3SO3,2.3030468948764367,2.3030468948764367
1985,LiPF6,LiPF6,True,0.0,LiCF3SO3,2.3030468948764367,2.3030468948764367
1986,LiPF6,LiPF6,True,0.0,LiCF3SO3,2.3030468948764367,2.3030468948764367
1987,LiPF6,LiPF6,True,0.0,LiCF3SO3,2.3030468948764367,2.3030468948764367
1988,LiPF6,LiPF6,True,0.0,LiCF3SO3,2.3030468948764367,2.3030468948764367
1989,LiPF6,LiPF6,True,0.0,LiCF3SO3,2.3030468948764367,2.3030468948764367
1990,LiPF6,LiPF6,True,0.0,LiCF3SO3,2.3030468948764367,2.3030468948764367
1991,LiPF6,LiPF6,True,0.0,LiCF3SO3,2.3030468948764367,2.3030468948764367
1992,LiPF6,LiPF6,True,0.0,LiCF3SO3,2.3030468948764367,2.3030468948764367
1993,LiPF6,LiPF6,True,0.0,LiCF3SO3,2.3030468948764367,2.3030468948764367
1994,LiPF6,LiPF6,True,0.0,LiCF3SO3,2.3030468948764367,2.3030468948764367
1995,LiPF6,LiPF6,True,0.0,LiCF3SO3,2.3030468948764367,2.3030468948764367
1996,LiPF6,LiPF6,True,0.0,LiCF3SO3,2.3030468948764367,2.3030468948764367
1997,LiPF6,LiPF6,True,0.0,LiCF3SO3,2.3030468948764367,2.3030468948764367
1998,LiPF6,LiPF6,True,0.0,LiCF3SO3,2.3030468948764367,2.3030468948764367
1999,LiPF6,LiPF6,True,0.0,LiCF3SO3,2.3030468948764367,2.3030468948764367
2000,LiPF6,LiPF6,True,0.0,LiCF3SO3,2.3030468948764367,2.3030468948764367
2001,LiPF6,LiPF6,True,0.0,LiCF3SO3,2.3030468948764367,2.3030468948764367
2002,LiPF6,LiPF6,True,0.0,LiCF3SO3,2.3030468948764367,2.3030468948764367
2003,LiPF6,LiPF6,True,0.0,LiCF3SO3,2.3030468948764367,2.3030468948764367
2004,LiPF6,LiPF6,True,0.0,LiCF3SO3,2.3030468948764367,2.3030468948764367
2005,LiPF6,LiPF6,True,0.0,LiCF3SO3,2.3030468948764367,2.3030468948764367
2006,LiPF6,LiPF6,True,0.0,LiCF3SO3,2.3030468948764367,2.3030468948764367
2007,LiPF6,LiPF6,True,0.0,LiCF3SO3,2.3030468948764367,2.3030468948764367
2008,LiPF6,LiPF6,True,0.0,LiCF3SO3,2.3030468948764367,2.3030468948764367
2009,LiPF6,LiPF6,True,0.0,LiCF3SO3,2.3030468948764367,2.3030468948764367
2010,LiPF6,LiPF6,True,0.0,LiCF3SO3,2.3030468948764367,2.3030468948764367
2011,LiPF6,LiPF6,True,0.0,LiCF3SO3,2.3030468948764367,2.3030468948764367
2012,LiPF6,LiPF6,True,0.0,LiCF3SO3,2.3030468948764367,2.3030468948764367
2013,LiPF6,LiPF6,True,0.0,LiCF3SO3,2.3030468948764367,2.3030468948764367
2014,LiPF6,LiPF6,True,0.0,LiCF3SO3,2.3030468948764367,2.3030468948764367
2015,LiPF6,LiPF6,True,0.0,LiCF3SO3,2.3030468948764367,2.3030468948764367
2016,LiPF6,LiPF6,True,0.0,LiCF3SO3,2.3030468948764367,2.3030468948764367
2017,LiPF6,LiPF6,True,0.0,LiCF3SO3,2.3030468948764367,2.3030468948764367
2018,LiPF6,LiPF6,True,0.0,LiCF3SO3,2.3030468948764367,2.3030468948764367
2019,LiPF6,LiPF6,True,0.0,LiCF3SO3,2.3030468948764367,2.3030468948764367
2020,LiPF6,LiPF6,True,0.0,LiCF3SO3,2.3030468948764367,2.3030468948764367
2021,LiPF6,LiPF6,True,0.0,LiCF3SO3,2.3030468948764367,2.3030468948764367
2022,LiPF6,LiPF6,True,0.0,LiCF3SO3,2.3030468948764367,2.3030468948764367
2023,LiPF6,LiPF6,True,0.0,LiCF3SO3,2.3030468948764367,2.3030468948764367
2024,LiPF6,LiPF6,True,0.0,LiCF3SO3,2.3030468948764367,2.3030468948764367
2025,LiPF6,LiPF6,True,0.0,LiCF3SO3,2.3030468948764367,2.3030468948764367
2026,LiPF6,LiPF6,True,0.0,LiCF3SO3,2.3030468948764367,2.3030468948764367
2027,LiPF6,LiPF6,True,0.0,LiCF3SO3,2.3030468948764367,2.3030468948764367
2028,LiPF6,LiPF6,True,0.0,LiCF3SO3,2.3030468948764367,2.3030468948764367
2029,LiPF6,LiPF6,True,0.0,LiCF3SO3,2.3030468948764367,2.3030468948764367
2030,LiPF6,LiPF6,True,0.0,LiCF3SO3,2.3030468948764367,2.3030468948764367
2031,LiPF6,LiPF6,True,0.0,LiCF3SO3,2.3030468948764367,2.3030468948764367
2032,LiPF6,LiPF6,True,0.0,LiCF3SO3,2.3030468948764367,2.3030468948764367
2033,LiPF6,LiPF6,True,0.0,LiCF3SO3,2.3030468948764367,2.3030468948764367
2034,LiPF6,LiPF6,True,0.0,LiCF3SO3,2.3030468948764367,2.3030468948764367
2035,LiPF6,LiPF6,True,0.0,LiCF3SO3,2.3030468948764367,2.3030468948764367
2036,LiPF6,LiPF6,True,0.0,LiCF3SO3,2.3030468948764367,2.3030468948764367
2037,LiPF6,LiPF6,True,0.0,LiCF3SO3,2.3030468948764367,2.3030468948764367
2038,LiPF6,LiPF6,True,0.0,LiCF3SO3,2.3030468948764367,2.3030468948764367
2039,LiPF6,LiPF6,True,0.0,LiCF3SO3,2.3030468948764367,2.3030468948764367
2040,LiPF6,LiPF6,True,0.0,LiCF3SO3,2.3030468948764367,2.3030468948764367
2041,LiPF6,LiPF6,True,0.0,LiCF3SO3,2.3030468948764367,2.3030468948764367
2042,LiPF6,LiPF6,True,0.0,LiCF3SO3,2.3030468948764367,2.3030468948764367
2043,LiPF6,LiPF6,True,0.0,LiCF3SO3,2.3030468948764367,2.3030468948764367
2044,LiPF6,LiPF6,True,0.0,LiCF3SO3,2.3030468948764367,2.3030468948764367
2045,LiPF6,LiPF6,True,0.0,LiCF3SO3,2.3030468948764367,2.3030468948764367
2046,LiPF6,LiPF6,True,0.0,LiCF3SO3,2.3030468948764367,2.3030468948764367
2047,LiPF6,LiPF6,True,0.0,LiCF3SO3,2.3030468948764367,2.3030468948764367
2048,LiPF6,LiPF6,True,0.0,LiCF3SO3,2.3030468948764367,2.3030468948764367
2049,LiPF6,LiPF6,True,0.0,LiCF3SO3,2.3030468948764367,2.3030468948764367
2050,LiPF6,LiPF6,True,0.0,LiCF3SO3,2.3030468948764367,2.3030468948764367
2051,LiPF6,LiPF6,True,0.0,LiCF3SO3,2.3030468948764367,2.3030468948764367
2052,LiPF6,LiPF6,True,0.0,LiCF3SO3,2.3030468948764367,2.3030468948764367
2053,LiPF6,LiPF6,True,0.0,LiCF3SO3,2.3030468948764367,2.3030468948764367
2054,LiPF6,LiPF6,True,0.0,LiCF3SO3,2.3030468948764367,2.3030468948764367
2055,LiPF6,LiPF6,True,0.0,LiCF3SO3,2.3030468948764367,2.3030468948764367
2056,LiPF6,LiPF6,True,0.0,LiCF3SO3,2.3030468948764367,2.3030468948764367
2057,LiPF6,LiPF6,True,0.0,LiCF3SO3,2.3030468948764367,2.3030468948764367
2058,LiPF6,LiPF6,True,0.0,LiCF3SO3,2.3030468948764367,2.3030468948764367
2059,LiPF6,LiPF6,True,0.0,LiCF3SO3,2.3030468948764367,2.3030468948764367
2060,LiPF6,LiPF6,True,0.0,LiCF3SO3,2.3030468948764367,2.3030468948764367
2061,LiPF6,LiPF6,True,0.0,LiCF3SO3,2.3030468948764367,2.3030468948764367
2062,LiPF6,LiPF6,True,0.0,LiCF3SO3,2.3030468948764367,2.3030468948764367
2063,LiPF6,LiPF6,True,0.0,LiCF3SO3,2.3030468948764367,2.3030468948764367
2064,LiPF6,LiPF6,True,0.0,LiCF3SO3,2.3030468948764367,2.3030468948764367
2065,LiPF6,LiPF6,True,0.0,LiCF3SO3,2.3030468948764367,2.3030468948764367
2066,LiPF6,LiPF6,True,0.0,LiCF3SO3,2.3030468948764367,2.3030468948764367
2067,LiPF6,LiPF6,True,0.0,LiCF3SO3,2.3030468948764367,2.3030468948764367
2068,LiPF6,LiPF6,True,0.0,LiCF3SO3,2.3030468948764367,2.3030468948764367
2069,LiPF6,LiPF6,True,0.0,LiCF3SO3,2.3030468948764367,2.3030468948764367
2070,LiPF6,LiPF6,True,0.0,LiCF3SO3,2.3030468948764367,2.3030468948764367
2071,LiPF6,LiPF6,True,0.0,LiCF3SO3,2.3030468948764367,2.3030468948764367
2072,LiPF6,LiPF6,True,0.0,LiCF3SO3,2.3030468948764367,2.3030468948764367
2073,LiPF6,LiPF6,True,0.0,LiCF3SO3,2.3030468948764367,2.3030468948764367
2074,LiPF6,LiPF6,True,0.0,LiCF3SO3,2.3030468948764367,2.3030468948764367
2075,LiPF6,LiPF6,True,0.0,LiCF3SO3,2.3030468948764367,2.3030468948764367
2076,LiPF6,LiPF6,True,0.0,LiCF3SO3,2.3030468948764367,2.3030468948764367
2077,LiPF6,LiPF6,True,0.0,LiCF3SO3,2.3030468948764367,2.3030468948764367
2078,LiPF6,LiPF6,True,0.0,LiCF3SO3,2.3030468948764367,2.3030468948764367
2079,LiPF6,LiPF6,True,0.0,LiCF3SO3,2.3030468948764367,2.3030468948764367
2080,LiPF6,LiPF6,True,0.0,LiCF3SO3,2.3030468948764367,2.3030468948764367
2081,LiPF6,LiPF6,True,0.0,LiCF3SO3,2.3030468948764367,2.3030468948764367
2082,LiPF6,LiPF6,True,0.0,LiCF3SO3,2.3030468948764367,2.3030468948764367
2083,LiPF6,LiPF6,True,0.0,LiCF3SO3,2.3030468948764367,2.3030468948764367
2084,LiPF6,LiPF6,True,0.0,LiCF3SO3,2.3030468948764367,2.3030468948764367
2085,LiPF6,LiPF6,True,0.0,LiCF3SO3,2.3030468948764367,2.3030468948764367
2086,LiPF6,LiPF6,True,0.0,LiCF3SO3,2.3030468948764367,2.3030468948764367
2087,LiPF6,LiPF6,True,0.0,LiCF3SO3,2.3030468948764367,2.3030468948764367
2088,LiPF6,LiPF6,True,0.0,LiCF3SO3,2.3030468948764367,2.3030468948764367
2089,LiPF6,LiPF6,True,0.0,LiCF3SO3,2.3030468948764367,2.3030468948764367
2090,LiPF6,LiPF6,True,0.0,LiCF3SO3,2.3030468948764367,2.3030468948764367
2091,LiPF6,LiPF6,True,0.0,LiCF3SO3,2.3030468948764367,2.3030468948764367
2092,LiPF6,LiPF6,True,0.0,LiCF3SO3,2.3030468948764367,2.3030468948764367
2093,LiPF6,LiPF6,True,0.0,LiCF3SO3,2.3030468948764367,2.3030468948764367
2094,LiPF6,LiPF6,True,0.0,LiCF3SO3,2.3030468948764367,2.3030468948764367
2095,LiPF6,LiPF6,True,0.0,LiCF3SO3,2.3030468948764367,2.3030468948764367
2096,LiPF6,LiPF6,True,0.0,LiCF3SO3,2.3030468948764367,2.3030468948764367
2097,LiPF6,LiPF6,True,0.0,LiCF3SO3,2.3030468948764367,2.3030468948764367
2098,LiPF6,LiPF6,True,0.0,LiCF3SO3,2.3030468948764367,2.3030468948764367
2099,LiPF6,LiPF6,True,0.0,LiCF3SO3,2.3030468948764367,2.3030468948764367
2100,LiPF6,LiPF6,True,0.0,LiCF3SO3,2.3030468948764367,2.3030468948764367
2101,LiPF6,LiPF6,True,0.0,LiCF3SO3,2.3030468948764367,2.3030468948764367
2102,LiPF6,LiPF6,True,0.0,LiCF3SO3,2.3030468948764367,2.3030468948764367
2103,LiPF6,LiPF6,True,0.0,LiCF3SO3,2.3030468948764367,2.3030468948764367
2104,LiPF6,LiPF6,True,0.0,LiCF3SO3,2.3030468948764367,2.3030468948764367
2105,LiPF6,LiPF6,True,0.0,LiCF3SO3,2.3030468948764367,2.3030468948764367
2106,LiPF6,LiPF6,True,0.0,LiCF3SO3,2.3030468948764367,2.3030468948764367
2107,LiPF6,LiPF6,True,0.0,LiCF3SO3,2.3030468948764367,2.3030468948764367
2108,LiPF6,LiPF6,True,0.0,LiCF3SO3,2.3030468948764367,2.3030468948764367
2109,LiPF6,LiPF6,True,0.0,LiCF3SO3,2.3030468948764367,2.3030468948764367
2110,LiPF6,LiPF6,True,0.0,LiCF3SO3,2.3030468948764367,2.3030468948764367
2111,LiPF6,LiPF6,True,0.0,LiCF3SO3,2.3030468948764367,2.3030468948764367
2112,LiPF6,LiPF6,True,0.0,LiCF3SO3,2.3030468948764367,2.3030468948764367
2113,LiPF6,LiPF6,True,0.0,LiCF3SO3,2.3030468948764367,2.3030468948764367
2114,LiPF6,LiPF6,True,0.0,LiCF3SO3,2.3030468948764367,2.3030468948764367
2115,LiPF6,LiPF6,True,0.0,LiCF3SO3,2.3030468948764367,2.3030468948764367
2116,LiPF6,LiPF6,True,0.0,LiCF3SO3,2.3030468948764367,2.3030468948764367
2117,LiPF6,LiPF6,True,0.0,LiCF3SO3,2.3030468948764367,2.3030468948764367
2118,LiPF6,LiPF6,True,0.0,LiCF3SO3,2.3030468948764367,2.3030468948764367
2119,LiPF6,LiPF6,True,0.0,LiCF3SO3,2.3030468948764367,2.3030468948764367
2120,LiPF6,LiPF6,True,0.0,LiCF3SO3,2.3030468948764367,2.3030468948764367
2121,LiPF6,LiPF6,True,0.0,LiCF3SO3,2.3030468948764367,2.3030468948764367
2122,LiPF6,LiPF6,True,0.0,LiCF3SO3,2.3030468948764367,2.3030468948764367
2123,LiPF6,LiPF6,True,0.0,LiCF3SO3,2.3030468948764367,2.3030468948764367
2124,LiPF6,LiPF6,True,0.0,LiCF3SO3,2.3030468948764367,2.3030468948764367
2125,LiPF6,LiPF6,True,0.0,LiCF3SO3,2.3030468948764367,2.3030468948764367
2126,LiPF6,LiPF6,True,0.0,LiCF3SO3,2.3030468948764367,2.3030468948764367
2127,LiPF6,LiPF6,True,0.0,LiCF3SO3,2.3030468948764367,2.3030468948764367
2128,LiPF6,LiPF6,True,0.0,LiCF3SO3,2.3030468948764367,2.3030468948764367
2129,LiPF6,LiPF6,True,0.0,LiCF3SO3,2.3030468948764367,2.3030468948764367
2130,LiPF6,LiPF6,True,0.0,LiCF3SO3,2.3030468948764367,2.3030468948764367
2131,LiPF6,LiPF6,True,0.0,LiCF3SO3,2.3030468948764367,2.3030468948764367
2132,LiPF6,LiPF6,True,0.0,LiCF3SO3,2.3030468948764367,2.3030468948764367
2133,LiPF6,LiPF6,True,0.0,LiCF3SO3,2.3030468948764367,2.3030468948764367
2134,LiPF6,LiPF6,True,0.0,LiCF3SO3,2.3030468948764367,2.3030468948764367
2135,LiPF6,LiPF6,True,0.0,LiCF3SO3,2.3030468948764367,2.3030468948764367
2136,LiPF6,LiPF6,True,0.0,LiCF3SO3,2.3030468948764367,2.3030468948764367
2137,LiPF6,LiPF6,True,0.0,LiCF3SO3,2.3030468948764367,2.3030468948764367
2138,LiPF6,LiPF6,True,0.0,LiCF3SO3,2.3030468948764367,2.3030468948764367
2139,LiPF6,LiPF6,True,0.0,LiCF3SO3,2.3030468948764367,2.3030468948764367
2140,LiPF6,LiPF6,True,0.0,LiCF3SO3,2.3030468948764367,2.3030468948764367
2141,LiPF6,LiPF6,True,0.0,LiCF3SO3,2.3030468948764367,2.3030468948764367
2142,LiPF6,LiPF6,True,0.0,LiCF3SO3,2.3030468948764367,2.3030468948764367
2143,LiPF6,LiPF6,True,0.0,LiCF3SO3,2.3030468948764367,2.3030468948764367
2144,LiPF6,LiPF6,True,0.0,LiCF3SO3,2.3030468948764367,2.3030468948764367
2145,LiPF6,LiPF6,True,0.0,LiCF3SO3,2.3030468948764367,2.3030468948764367
2146,LiPF6,LiPF6,True,0.0,LiCF3SO3,2.3030468948764367,2.3030468948764367
2147,LiPF6,LiPF6,True,0.0,LiCF3SO3,2.3030468948764367,2.3030468948764367
2148,LiPF6,LiPF6,True,0.0,LiCF3SO3,2.3030468948764367,2.3030468948764367
2149,LiPF6,LiPF6,True,0.0,LiCF3SO3,2.3030468948764367,2.3030468948764367
2150,LiPF6,LiPF6,True,0.0,LiCF3SO3,2.3030468948764367,2.3030468948764367
2151,LiPF6,LiPF6,True,0.0,LiCF3SO3,2.3030468948764367,2.3030468948764367
2152,LiPF6,LiPF6,True,0.0,LiCF3SO3,2.3030468948764367,2.3030468948764367
2153,LiPF6,LiPF6,True,0.0,LiCF3SO3,2.3030468948764367,2.3030468948764367
2154,LiPF6,LiPF6,True,0.0,LiCF3SO3,2.3030468948764367,2.3030468948764367
2155,LiPF6,LiPF6,True,0.0,LiCF3SO3,2.3030468948764367,2.3030468948764367
2156,LiPF6,LiPF6,True,0.0,LiCF3SO3,2.3030468948764367,2.3030468948764367
2157,LiPF6,LiPF6,True,0.0,LiCF3SO3,2.3030468948764367,2.3030468948764367
2158,LiPF6,LiPF6,True,0.0,LiCF3SO3,2.3030468948764367,2.3030468948764367
2159,LiPF6,LiPF6,True,0.0,LiCF3SO3,2.3030468948764367,2.3030468948764367
2160,LiPF6,LiPF6,True,0.0,LiCF3SO3,2.3030468948764367,2.3030468948764367
2161,LiPF6,LiPF6,True,0.0,LiCF3SO3,2.3030468948764367,2.3030468948764367
2162,LiPF6,LiPF6,True,0.0,LiCF3SO3,2.3030468948764367,2.3030468948764367
2163,LiPF6,LiPF6,True,0.0,LiCF3SO3,2.3030468948764367,2.3030468948764367
2164,LiPF6,LiPF6,True,0.0,LiCF3SO3,2.3030468948764367,2.3030468948764367
2165,LiPF6,LiPF6,True,0.0,LiCF3SO3,2.3030468948764367,2.3030468948764367
2166,LiPF6,LiPF6,True,0.0,LiCF3SO3,2.3030468948764367,2.3030468948764367
2167,LiPF6,LiPF6,True,0.0,LiCF3SO3,2.3030468948764367,2.3030468948764367
2168,LiPF6,LiPF6,True,0.0,LiCF3SO3,2.3030468948764367,2.3030468948764367
2169,LiPF6,LiPF6,True,0.0,LiCF3SO3,2.3030468948764367,2.3030468948764367
2170,LiPF6,LiPF6,True,0.0,LiCF3SO3,2.3030468948764367,2.3030468948764367
2171,LiPF6,LiPF6,True,0.0,LiCF3SO3,2.3030468948764367,2.3030468948764367
2172,LiPF6,LiPF6,True,0.0,LiCF3SO3,2.3030468948764367,2.3030468948764367
2173,LiPF6,LiPF6,True,0.0,LiCF3SO3,2.3030468948764367,2.3030468948764367
2174,LiPF6,LiPF6,True,0.0,LiCF3SO3,2.3030468948764367,2.3030468948764367
2175,LiPF6,LiPF6,True,0.0,LiCF3SO3,2.3030468948764367,2.3030468948764367
2176,LiPF6,LiPF6,True,0.0,LiCF3SO3,2.3030468948764367,2.3030468948764367
2177,LiPF6,LiPF6,True,0.0,LiCF3SO3,2.3030468948764367,2.3030468948764367
2178,LiPF6,LiPF6,True,0.0,LiCF3SO3,2.3030468948764367,2.3030468948764367
2179,LiPF6,LiPF6,True,0.0,LiCF3SO3,2.3030468948764367,2.3030468948764367
2180,LiPF6,LiPF6,True,0.0,LiCF3SO3,2.3030468948764367,2.3030468948764367
2181,LiPF6,LiPF6,True,0.0,LiCF3SO3,2.3030468948764367,2.3030468948764367
2182,LiPF6,LiPF6,True,0.0,LiCF3SO3,2.3030468948764367,2.3030468948764367
2183,LiPF6,LiPF6,True,0.0,LiCF3SO3,2.3030468948764367,2.3030468948764367
2184,LiPF6,LiPF6,True,0.0,LiCF3SO3,2.3030468948764367,2.3030468948764367
2185,LiPF6,LiPF6,True,0.0,LiCF3SO3,2.3030468948764367,2.3030468948764367
2186,LiPF6,LiPF6,True,0.0,LiCF3SO3,2.3030468948764367,2.3030468948764367
2187,LiPF6,LiPF6,True,0.0,LiCF3SO3,2.3030468948764367,2.3030468948764367
2188,LiPF6,LiPF6,True,0.0,LiCF3SO3,2.3030468948764367,2.3030468948764367
2189,LiPF6,LiPF6,True,0.0,LiCF3SO3,2.3030468948764367,2.3030468948764367
2190,LiPF6,LiPF6,True,0.0,LiCF3SO3,2.3030468948764367,2.3030468948764367
2191,LiPF6,LiPF6,True,0.0,LiCF3SO3,2.3030468948764367,2.3030468948764367
2192,LiPF6,LiPF6,True,0.0,LiCF3SO3,2.3030468948764367,2.3030468948764367
2193,LiPF6,LiPF6,True,0.0,LiCF3SO3,2.3030468948764367,2.3030468948764367
2194,LiPF6,LiPF6,True,0.0,LiCF3SO3,2.3030468948764367,2.3030468948764367
2195,LiPF6,LiPF6,True,0.0,LiCF3SO3,2.3030468948764367,2.3030468948764367
2196,LiPF6,LiPF6,True,0.0,LiCF3SO3,2.3030468948764367,2.3030468948764367
2197,LiPF6,LiPF6,True,0.0,LiCF3SO3,2.3030468948764367,2.3030468948764367
2198,LiPF6,LiPF6,True,0.0,LiCF3SO3,2.3030468948764367,2.3030468948764367
2199,LiPF6,LiPF6,True,0.0,LiCF3SO3,2.3030468948764367,2.3030468948764367
2200,LiPF6,LiPF6,True,0.0,LiCF3SO3,2.3030468948764367,2.3030468948764367
2201,LiPF6,LiPF6,True,0.0,LiCF3SO3,2.3030468948764367,2.3030468948764367
2202,LiPF6,LiPF6,True,0.0,LiCF3SO3,2.3030468948764367,2.3030468948764367
2203,LiPF6,LiPF6,True,0.0,LiCF3SO3,2.3030468948764367,2.3030468948764367
2204,LiPF6,LiPF6,True,0.0,LiCF3SO3,2.3030468948764367,2.3030468948764367
2205,LiPF6,LiPF6,True,0.0,LiCF3SO3,2.3030468948764367,2.3030468948764367
2206,LiPF6,LiPF6,True,0.0,LiCF3SO3,2.3030468948764367,2.3030468948764367
2207,LiPF6,LiPF6,True,0.0,LiCF3SO3,2.3030468948764367,2.3030468948764367
2208,LiPF6,LiPF6,True,0.0,LiCF3SO3,2.3030468948764367,2.3030468948764367
2209,LiPF6,LiPF6,True,0.0,LiCF3SO3,2.3030468948764367,2.3030468948764367
2210,LiPF6,LiPF6,True,0.0,LiCF3SO3,2.3030468948764367,2.3030468948764367
2211,LiPF6,LiPF6,True,0.0,LiCF3SO3,2.3030468948764367,2.3030468948764367
2212,LiPF6,LiPF6,True,0.0,LiCF3SO3,2.3030468948764367,2.3030468948764367
2213,LiPF6,LiPF6,True,0.0,LiCF3SO3,2.3030468948764367,2.3030468948764367
2214,LiPF6,LiPF6,True,0.0,LiCF3SO3,2.3030468948764367,2.3030468948764367
2215,LiPF6,LiPF6,True,0.0,LiCF3SO3,2.3030468948764367,2.3030468948764367
2216,LiPF6,LiPF6,True,0.0,LiCF3SO3,2.3030468948764367,2.3030468948764367
2217,LiPF6,LiPF6,True,0.0,LiCF3SO3,2.3030468948764367,2.3030468948764367
2218,LiPF6,LiPF6,True,0.0,LiCF3SO3,2.3030468948764367,2.3030468948764367
2219,LiPF6,LiPF6,True,0.0,LiCF3SO3,2.3030468948764367,2.3030468948764367
2220,LiPF6,LiPF6,True,0.0,LiCF3SO3,2.3030468948764367,2.3030468948764367
2221,LiPF6,LiPF6,True,0.0,LiCF3SO3,2.3030468948764367,2.3030468948764367
2222,LiPF6,LiPF6,True,0.0,LiCF3SO3,2.3030468948764367,2.3030468948764367
2223,LiPF6,LiPF6,True,0.0,LiCF3SO3,2.3030468948764367,2.3030468948764367
2224,LiPF6,LiPF6,True,0.0,LiCF3SO3,2.3030468948764367,2.3030468948764367
2225,LiPF6,LiPF6,True,0.0,LiCF3SO3,2.3030468948764367,2.3030468948764367
2226,LiPF6,LiPF6,True,0.0,LiCF3SO3,2.3030468948764367,2.3030468948764367
2227,LiPF6,LiPF6,True,0.0,LiCF3SO3,2.3030468948764367,2.3030468948764367
2228,LiPF6,LiPF6,True,0.0,LiCF3SO3,2.3030468948764367,2.3030468948764367
2229,LiPF6,LiPF6,True,0.0,LiCF3SO3,2.3030468948764367,2.3030468948764367
2230,LiPF6,LiPF6,True,0.0,LiCF3SO3,2.3030468948764367,2.3030468948764367
2231,LiPF6,LiPF6,True,0.0,LiCF3SO3,2.3030468948764367,2.3030468948764367
2232,LiPF6,LiPF6,True,0.0,LiCF3SO3,2.3030468948764367,2.3030468948764367
2233,LiPF6,LiPF6,True,0.0,LiCF3SO3,2.3030468948764367,2.3030468948764367
2234,LiPF6,LiPF6,True,0.0,LiCF3SO3,2.3030468948764367,2.3030468948764367
2235,LiPF6,LiPF6,True,0.0,LiCF3SO3,2.3030468948764367,2.3030468948764367
2236,LiPF6,LiPF6,True,0.0,LiCF3SO3,2.3030468948764367,2.3030468948764367
2237,LiPF6,LiPF6,True,0.0,LiCF3SO3,2.3030468948764367,2.3030468948764367
2238,LiPF6,LiPF6,True,0.0,LiCF3SO3,2.3030468948764367,2.3030468948764367
2239,LiPF6,LiPF6,True,0.0,LiCF3SO3,2.3030468948764367,2.3030468948764367
2240,LiPF6,LiPF6,True,0.0,LiCF3SO3,2.3030468948764367,2.3030468948764367
2241,LiPF6,LiPF6,True,0.0,LiCF3SO3,2.3030468948764367,2.3030468948764367
2242,LiPF6,LiPF6,True,0.0,LiCF3SO3,2.3030468948764367,2.3030468948764367
2243,LiPF6,LiPF6,True,0.0,LiCF3SO3,2.3030468948764367,2.3030468948764367
2244,LiPF6,LiPF6,True,0.0,LiCF3SO3,2.3030468948764367,2.3030468948764367
2245,LiPF6,LiPF6,True,0.0,LiCF3SO3,2.3030468948764367,2.3030468948764367
2246,LiPF6,LiPF6,True,0.0,LiCF3SO3,2.3030468948764367,2.3030468948764367
2247,LiPF6,LiPF6,True,0.0,LiCF3SO3,2.3030468948764367,2.3030468948764367
2248,LiPF6,LiPF6,True,0.0,LiCF3SO3,2.3030468948764367,2.3030468948764367
2249,LiPF6,LiPF6,True,0.0,LiCF3SO3,2.3030468948764367,2.3030468948764367
2250,LiPF6,LiPF6,True,0.0,LiCF3SO3,2.3030468948764367,2.3030468948764367
2251,LiPF6,LiPF6,True,0.0,LiCF3SO3,2.3030468948764367,2.3030468948764367
2252,LiPF6,LiPF6,True,0.0,LiCF3SO3,2.3030468948764367,2.3030468948764367
2253,LiPF6,LiPF6,True,0.0,LiCF3SO3,2.3030468948764367,2.3030468948764367
2254,LiPF6,LiPF6,True,0.0,LiCF3SO3,2.3030468948764367,2.3030468948764367
2255,LiPF6,LiPF6,True,0.0,LiCF3SO3,2.3030468948764367,2.3030468948764367
2256,LiPF6,LiPF6,True,0.0,LiCF3SO3,2.3030468948764367,2.3030468948764367
2257,LiPF6,LiPF6,True,0.0,LiCF3SO3,2.3030468948764367,2.3030468948764367
2258,LiPF6,LiPF6,True,0.0,LiCF3SO3,2.3030468948764367,2.3030468948764367
2259,LiPF6,LiPF6,True,0.0,LiCF3SO3,2.3030468948764367,2.3030468948764367
2260,LiPF6,LiPF6,True,0.0,LiCF3SO3,2.3030468948764367,2.3030468948764367
2261,LiPF6,LiPF6,True,0.0,LiCF3SO3,2.3030468948764367,2.3030468948764367
2262,LiPF6,LiPF6,True,0.0,LiCF3SO3,2.3030468948764367,2.3030468948764367
2263,LiPF6,LiPF6,True,0.0,LiCF3SO3,2.3030468948764367,2.3030468948764367
2264,LiPF6,LiPF6,True,0.0,LiCF3SO3,2.3030468948764367,2.3030468948764367
2265,LiPF6,LiPF6,True,0.0,LiCF3SO3,2.3030468948764367,2.3030468948764367
2266,LiPF6,LiPF6,True,0.0,LiCF3SO3,2.3030468948764367,2.3030468948764367
2267,LiPF6,LiPF6,True,0.0,LiCF3SO3,2.3030468948764367,2.3030468948764367
2268,LiPF6,LiPF6,True,0.0,LiCF3SO3,2.3030468948764367,2.3030468948764367
2269,LiPF6,LiPF6,True,0.0,LiCF3SO3,2.3030468948764367,2.3030468948764367
2270,LiPF6,LiPF6,True,0.0,LiCF3SO3,2.3030468948764367,2.3030468948764367
2271,LiPF6,LiPF6,True,0.0,LiCF3SO3,2.3030468948764367,2.3030468948764367
2272,LiPF6,LiPF6,True,0.0,LiCF3SO3,2.3030468948764367,2.3030468948764367
2273,LiPF6,LiPF6,True,0.0,LiCF3SO3,2.3030468948764367,2.3030468948764367
2274,LiBF4,LiBF4,True,0.0,LiPF6,4.9577303274784965,4.9577303274784965
2275,LiBF4,LiBF4,True,0.0,LiPF6,4.9577303274784965,4.9577303274784965
2276,LiBF4,LiBF4,True,0.0,LiPF6,4.9577303274784965,4.9577303274784965
2277,LiBF4,LiBF4,True,0.0,LiPF6,4.9577303274784965,4.9577303274784965
2278,LiBF4,LiBF4,True,0.0,LiPF6,4.9577303274784965,4.9577303274784965
2279,LiBF4,LiBF4,True,0.0,LiPF6,4.9577303274784965,4.9577303274784965
2280,LiBF4,LiBF4,True,0.0,LiPF6,4.9577303274784965,4.9577303274784965
2281,LiBF4,LiBF4,True,0.0,LiPF6,4.9577303274784965,4.9577303274784965
2282,LiBF4,LiBF4,True,0.0,LiPF6,4.9577303274784965,4.9577303274784965
2283,LiBF4,LiBF4,True,0.0,LiPF6,4.9577303274784965,4.9577303274784965
2284,LiBF4,LiBF4,True,0.0,LiPF6,4.9577303274784965,4.9577303274784965
2285,LiBF4,LiBF4,True,0.0,LiPF6,4.9577303274784965,4.9577303274784965
2286,LiBF4,LiBF4,True,0.0,LiPF6,4.9577303274784965,4.9577303274784965
2287,LiBF4,LiBF4,True,0.0,LiPF6,4.9577303274784965,4.9577303274784965
2288,LiBF4,LiBF4,True,0.0,LiPF6,4.9577303274784965,4.9577303274784965
2289,LiBF4,LiBF4,True,0.0,LiPF6,4.9577303274784965,4.9577303274784965
2290,LiBF4,LiBF4,True,0.0,LiPF6,4.9577303274784965,4.9577303274784965
2291,LiBF4,LiBF4,True,0.0,LiPF6,4.9577303274784965,4.9577303274784965
2292,LiBF4,LiBF4,True,0.0,LiPF6,4.9577303274784965,4.9577303274784965
2293,LiBF4,LiBF4,True,0.0,LiPF6,4.9577303274784965,4.9577303274784965
2294,LiBF4,LiBF4,True,0.0,LiPF6,4.9577303274784965,4.9577303274784965
2295,LiBF4,LiBF4,True,0.0,LiPF6,4.9577303274784965,4.9577303274784965
2296,LiBF4,LiBF4,True,0.0,LiPF6,4.9577303274784965,4.9577303274784965
2297,LiBF4,LiBF4,True,0.0,LiPF6,4.9577303274784965,4.9577303274784965
2298,LiBF4,LiBF4,True,0.0,LiPF6,4.9577303274784965,4.9577303274784965
2299,LiBF4,LiBF4,True,0.0,LiPF6,4.9577303274784965,4.9577303274784965
2300,LiBF4,LiBF4,True,0.0,LiPF6,4.9577303274784965,4.9577303274784965
2301,LiBF4,LiBF4,True,0.0,LiPF6,4.9577303274784965,4.9577303274784965
2302,LiBF4,LiBF4,True,0.0,LiPF6,4.9577303274784965,4.9577303274784965
2303,LiBF4,LiBF4,True,0.0,LiPF6,4.9577303274784965,4.9577303274784965
2304,LiBF4,LiBF4,True,0.0,LiPF6,4.9577303274784965,4.9577303274784965
2305,LiBF4,LiBF4,True,0.0,LiPF6,4.9577303274784965,4.9577303274784965
2306,LiBF4,LiBF4,True,0.0,LiPF6,4.9577303274784965,4.9577303274784965
2307,LiBF4,LiBF4,True,0.0,LiPF6,4.9577303274784965,4.9577303274784965
2308,LiBF4,LiBF4,True,0.0,LiPF6,4.9577303274784965,4.9577303274784965
2309,LiBF4,LiBF4,True,0.0,LiPF6,4.9577303274784965,4.9577303274784965
2310,LiBF4,LiBF4,True,0.0,LiPF6,4.9577303274784965,4.9577303274784965
2311,LiBF4,LiBF4,True,0.0,LiPF6,4.9577303274784965,4.9577303274784965
2312,LiBF4,LiBF4,True,0.0,LiPF6,4.9577303274784965,4.9577303274784965
2313,LiBF4,LiBF4,True,0.0,LiPF6,4.9577303274784965,4.9577303274784965
2314,LiBF4,LiBF4,True,0.0,LiPF6,4.9577303274784965,4.9577303274784965
2315,LiBF4,LiBF4,True,0.0,LiPF6,4.9577303274784965,4.9577303274784965
2316,LiBF4,LiBF4,True,0.0,LiPF6,4.9577303274784965,4.9577303274784965
2317,LiBF4,LiBF4,True,0.0,LiPF6,4.9577303274784965,4.9577303274784965
2318,LiBF4,LiBF4,True,0.0,LiPF6,4.9577303274784965,4.9577303274784965
2319,LiBF4,LiBF4,True,0.0,LiPF6,4.9577303274784965,4.9577303274784965
2320,LiBF4,LiBF4,True,0.0,LiPF6,4.9577303274784965,4.9577303274784965
2321,LiBF4,LiBF4,True,0.0,LiPF6,4.9577303274784965,4.9577303274784965
2322,LiBF4,LiBF4,True,0.0,LiPF6,4.9577303274784965,4.9577303274784965
2323,LiBF4,LiBF4,True,0.0,LiPF6,4.9577303274784965,4.9577303274784965
2324,LiBF4,LiBF4,True,0.0,LiPF6,4.9577303274784965,4.9577303274784965
2325,LiBF4,LiBF4,True,0.0,LiPF6,4.9577303274784965,4.9577303274784965
2326,LiBF4,LiBF4,True,0.0,LiPF6,4.9577303274784965,4.9577303274784965
2327,LiBF4,LiBF4,True,0.0,LiPF6,4.9577303274784965,4.9577303274784965
2328,LiBF4,LiBF4,True,0.0,LiPF6,4.9577303274784965,4.9577303274784965
2329,LiBF4,LiBF4,True,0.0,LiPF6,4.9577303274784965,4.9577303274784965
2330,LiBF4,LiBF4,True,0.0,LiPF6,4.9577303274784965,4.9577303274784965
2331,LiBF4,LiBF4,True,0.0,LiPF6,4.9577303274784965,4.9577303274784965
2332,LiBF4,LiBF4,True,0.0,LiPF6,4.9577303274784965,4.9577303274784965
2333,LiBF4,LiBF4,True,0.0,LiPF6,4.9577303274784965,4.9577303274784965
2334,LiBF4,LiBF4,True,0.0,LiPF6,4.9577303274784965,4.9577303274784965
2335,LiBF4,LiBF4,True,0.0,LiPF6,4.9577303274784965,4.9577303274784965
2336,LiBF4,LiBF4,True,0.0,LiPF6,4.9577303274784965,4.9577303274784965
2337,LiBF4,LiBF4,True,0.0,LiPF6,4.9577303274784965,4.9577303274784965
2338,LiBF4,LiBF4,True,0.0,LiPF6,4.9577303274784965,4.9577303274784965
2339,LiBF4,LiBF4,True,0.0,LiPF6,4.9577303274784965,4.9577303274784965
2340,LiBF4,LiBF4,True,0.0,LiPF6,4.9577303274784965,4.9577303274784965
2341,LiBF4,LiBF4,True,0.0,LiPF6,4.9577303274784965,4.9577303274784965
2342,LiBF4,LiBF4,True,0.0,LiPF6,4.9577303274784965,4.9577303274784965
2343,LiBF4,LiBF4,True,0.0,LiPF6,4.9577303274784965,4.9577303274784965
2344,LiBF4,LiBF4,True,0.0,LiPF6,4.9577303274784965,4.9577303274784965
2345,LiBF4,LiBF4,True,0.0,LiPF6,4.9577303274784965,4.9577303274784965
2346,LiBF4,LiBF4,True,0.0,LiPF6,4.9577303274784965,4.9577303274784965
2347,LiBF4,LiBF4,True,0.0,LiPF6,4.9577303274784965,4.9577303274784965
2348,LiBF4,LiBF4,True,0.0,LiPF6,4.9577303274784965,4.9577303274784965
2349,LiBF4,LiBF4,True,0.0,LiPF6,4.9577303274784965,4.9577303274784965
2350,LiBF4,LiBF4,True,0.0,LiPF6,4.9577303274784965,4.9577303274784965
2351,LiBF4,LiBF4,True,0.0,LiPF6,4.9577303274784965,4.9577303274784965
2352,LiBF4,LiBF4,True,0.0,LiPF6,4.9577303274784965,4.9577303274784965
2353,LiBF4,LiBF4,True,0.0,LiPF6,4.9577303274784965,4.9577303274784965
2354,LiBF4,LiBF4,True,0.0,LiPF6,4.9577303274784965,4.9577303274784965
2355,LiBF4,LiBF4,True,0.0,LiPF6,4.9577303274784965,4.9577303274784965
2356,LiBF4,LiBF4,True,0.0,LiPF6,4.9577303274784965,4.9577303274784965
2357,LiBF4,LiBF4,True,0.0,LiPF6,4.9577303274784965,4.9577303274784965
2358,LiBF4,LiBF4,True,0.0,LiPF6,4.9577303274784965,4.9577303274784965
2359,LiBF4,LiBF4,True,0.0,LiPF6,4.9577303274784965,4.9577303274784965
2360,LiBF4,LiBF4,True,0.0,LiPF6,4.9577303274784965,4.9577303274784965
2361,LiBF4,LiBF4,True,0.0,LiPF6,4.9577303274784965,4.9577303274784965
2362,LiBF4,LiBF4,True,0.0,LiPF6,4.9577303274784965,4.9577303274784965
2363,LiBF4,LiBF4,True,0.0,LiPF6,4.9577303274784965,4.9577303274784965
2364,LiBF4,LiBF4,True,0.0,LiPF6,4.9577303274784965,4.9577303274784965
2365,LiBF4,LiBF4,True,0.0,LiPF6,4.9577303274784965,4.9577303274784965
2366,LiBF4,LiBF4,True,0.0,LiPF6,4.9577303274784965,4.9577303274784965
2367,LiBF4,LiBF4,True,0.0,LiPF6,4.9577303274784965,4.9577303274784965
2368,LiBF4,LiBF4,True,0.0,LiPF6,4.9577303274784965,4.9577303274784965
2369,LiBF4,LiBF4,True,0.0,LiPF6,4.9577303274784965,4.9577303274784965
2370,LiBF4,LiBF4,True,0.0,LiPF6,4.9577303274784965,4.9577303274784965
2371,LiBF4,LiBF4,True,0.0,LiPF6,4.9577303274784965,4.9577303274784965
2372,LiBF4,LiBF4,True,0.0,LiPF6,4.9577303274784965,4.9577303274784965
2373,LiBF4,LiBF4,True,0.0,LiPF6,4.9577303274784965,4.9577303274784965
2374,LiBF4,LiBF4,True,0.0,LiPF6,4.9577303274784965,4.9577303274784965
2375,LiBF4,LiBF4,True,0.0,LiPF6,4.9577303274784965,4.9577303274784965
2376,LiBF4,LiBF4,True,0.0,LiPF6,4.9577303274784965,4.9577303274784965
2377,LiBF4,LiBF4,True,0.0,LiPF6,4.9577303274784965,4.9577303274784965
2378,LiBF4,LiBF4,True,0.0,LiPF6,4.9577303274784965,4.9577303274784965
2379,LiBF4,LiBF4,True,0.0,LiPF6,4.9577303274784965,4.9577303274784965
2380,LiBF4,LiBF4,True,0.0,LiPF6,4.9577303274784965,4.9577303274784965
2381,LiBF4,LiBF4,True,0.0,LiPF6,4.9577303274784965,4.9577303274784965
2382,LiBF4,LiBF4,True,0.0,LiPF6,4.9577303274784965,4.9577303274784965
2383,LiBF4,LiBF4,True,0.0,LiPF6,4.9577303274784965,4.9577303274784965
2384,LiBF4,LiBF4,True,0.0,LiPF6,4.9577303274784965,4.9577303274784965
2385,LiBF4,LiBF4,True,0.0,LiPF6,4.9577303274784965,4.9577303274784965
2386,LiBF4,LiBF4,True,0.0,LiPF6,4.9577303274784965,4.9577303274784965
2387,LiBF4,LiBF4,True,0.0,LiPF6,4.9577303274784965,4.9577303274784965
2388,LiBF4,LiBF4,True,0.0,LiPF6,4.9577303274784965,4.9577303274784965
2389,LiBF4,LiBF4,True,0.0,LiPF6,4.9577303274784965,4.9577303274784965
2390,LiBF4,LiBF4,True,0.0,LiPF6,4.9577303274784965,4.9577303274784965
2391,LiBF4,LiBF4,True,0.0,LiPF6,4.9577303274784965,4.9577303274784965
2392,LiBF4,LiBF4,True,0.0,LiPF6,4.9577303274784965,4.9577303274784965
2393,LiBF4,LiBF4,True,0.0,LiPF6,4.9577303274784965,4.9577303274784965
2394,LiBF4,LiBF4,True,0.0,LiPF6,4.9577303274784965,4.9577303274784965
2395,LiBF4,LiBF4,True,0.0,LiPF6,4.9577303274784965,4.9577303274784965
2396,LiBF4,LiBF4,True,0.0,LiPF6,4.9577303274784965,4.9577303274784965
2397,LiBF4,LiBF4,True,0.0,LiPF6,4.9577303274784965,4.9577303274784965
2398,LiBF4,LiBF4,True,0.0,LiPF6,4.9577303274784965,4.9577303274784965
2399,LiBF4,LiBF4,True,0.0,LiPF6,4.9577303274784965,4.9577303274784965
2400,LiBF4,LiBF4,True,0.0,LiPF6,4.9577303274784965,4.9577303274784965
2401,LiBF4,LiBF4,True,0.0,LiPF6,4.9577303274784965,4.9577303274784965
2402,LiBF4,LiBF4,True,0.0,LiPF6,4.9577303274784965,4.9577303274784965
2403,LiBF4,LiBF4,True,0.0,LiPF6,4.9577303274784965,4.9577303274784965
2404,LiBF4,LiBF4,True,0.0,LiPF6,4.9577303274784965,4.9577303274784965
2405,LiBF4,LiBF4,True,0.0,LiPF6,4.9577303274784965,4.9577303274784965
2406,LiBF4,LiBF4,True,0.0,LiPF6,4.9577303274784965,4.9577303274784965
2407,LiBF4,LiBF4,True,0.0,LiPF6,4.9577303274784965,4.9577303274784965
2408,LiBF4,LiBF4,True,0.0,LiPF6,4.9577303274784965,4.9577303274784965
2409,LiBF4,LiBF4,True,0.0,LiPF6,4.9577303274784965,4.9577303274784965
2410,LiBF4,LiBF4,True,0.0,LiPF6,4.9577303274784965,4.9577303274784965
2411,LiBF4,LiBF4,True,0.0,LiPF6,4.9577303274784965,4.9577303274784965
2412,LiBF4,LiBF4,True,0.0,LiPF6,4.9577303274784965,4.9577303274784965
2413,LiBF4,LiBF4,True,0.0,LiPF6,4.9577303274784965,4.9577303274784965
2414,LiBF4,LiBF4,True,0.0,LiPF6,4.9577303274784965,4.9577303274784965
2415,LiBF4,LiBF4,True,0.0,LiPF6,4.9577303274784965,4.9577303274784965
2416,LiBF4,LiBF4,True,0.0,LiPF6,4.9577303274784965,4.9577303274784965
2417,LiBF4,LiBF4,True,0.0,LiPF6,4.9577303274784965,4.9577303274784965
2418,LiBF4,LiBF4,True,0.0,LiPF6,4.9577303274784965,4.9577303274784965
2419,LiBF4,LiBF4,True,0.0,LiPF6,4.9577303274784965,4.9577303274784965
2420,LiBF4,LiBF4,True,0.0,LiPF6,4.9577303274784965,4.9577303274784965
2421,LiBF4,LiBF4,True,0.0,LiPF6,4.9577303274784965,4.9577303274784965
2422,LiBF4,LiBF4,True,0.0,LiPF6,4.9577303274784965,4.9577303274784965
2423,LiBF4,LiBF4,True,0.0,LiPF6,4.9577303274784965,4.9577303274784965
2424,LiBF4,LiBF4,True,0.0,LiPF6,4.9577303274784965,4.9577303274784965
2425,LiBF4,LiBF4,True,0.0,LiPF6,4.9577303274784965,4.9577303274784965
2426,LiBF4,LiBF4,True,0.0,LiPF6,4.9577303274784965,4.9577303274784965
2427,LiBF4,LiBF4,True,0.0,LiPF6,4.9577303274784965,4.9577303274784965
2428,LiBF4,LiBF4,True,0.0,LiPF6,4.9577303274784965,4.9577303274784965
2429,LiBF4,LiBF4,True,0.0,LiPF6,4.9577303274784965,4.9577303274784965
2430,LiBF4,LiBF4,True,0.0,LiPF6,4.9577303274784965,4.9577303274784965
2431,LiBF4,LiBF4,True,0.0,LiPF6,4.9577303274784965,4.9577303274784965
2432,LiBF4,LiBF4,True,0.0,LiPF6,4.9577303274784965,4.9577303274784965
2433,LiBF4,LiBF4,True,0.0,LiPF6,4.9577303274784965,4.9577303274784965
2434,LiBF4,LiBF4,True,0.0,LiPF6,4.9577303274784965,4.9577303274784965
2435,LiBF4,LiBF4,True,0.0,LiPF6,4.9577303274784965,4.9577303274784965
2436,LiBF4,LiBF4,True,0.0,LiPF6,4.9577303274784965,4.9577303274784965
2437,LiBF4,LiBF4,True,0.0,LiPF6,4.9577303274784965,4.9577303274784965
2438,LiBF4,LiBF4,True,0.0,LiPF6,4.9577303274784965,4.9577303274784965
2439,LiBF4,LiBF4,True,0.0,LiPF6,4.9577303274784965,4.9577303274784965
2440,LiBF4,LiBF4,True,0.0,LiPF6,4.9577303274784965,4.9577303274784965
2441,LiBF4,LiBF4,True,0.0,LiPF6,4.9577303274784965,4.9577303274784965
2442,LiBF4,LiBF4,True,0.0,LiPF6,4.9577303274784965,4.9577303274784965
2443,LiBF4,LiBF4,True,0.0,LiPF6,4.9577303274784965,4.9577303274784965
2444,LiBF4,LiBF4,True,0.0,LiPF6,4.9577303274784965,4.9577303274784965
2445,LiBF4,LiBF4,True,0.0,LiPF6,4.9577303274784965,4.9577303274784965
2446,LiBF4,LiBF4,True,0.0,LiPF6,4.9577303274784965,4.9577303274784965
2447,LiBF4,LiBF4,True,0.0,LiPF6,4.9577303274784965,4.9577303274784965
2448,LiBF4,LiBF4,True,0.0,LiPF6,4.9577303274784965,4.9577303274784965
2449,LiBF4,LiBF4,True,0.0,LiPF6,4.9577303274784965,4.9577303274784965
2450,LiBF4,LiBF4,True,0.0,LiPF6,4.9577303274784965,4.9577303274784965
2451,LiBF4,LiBF4,True,0.0,LiPF6,4.9577303274784965,4.9577303274784965
2452,LiBF4,LiBF4,True,0.0,LiPF6,4.9577303274784965,4.9577303274784965
2453,LiBF4,LiBF4,True,0.0,LiPF6,4.9577303274784965,4.9577303274784965
2454,LiBF4,LiBF4,True,0.0,LiPF6,4.9577303274784965,4.9577303274784965
2455,LiBF4,LiBF4,True,0.0,LiPF6,4.9577303274784965,4.9577303274784965
2456,LiBF4,LiBF4,True,0.0,LiPF6,4.9577303274784965,4.9577303274784965
2457,LiBF4,LiBF4,True,0.0,LiPF6,4.9577303274784965,4.9577303274784965
2458,LiBF4,LiBF4,True,0.0,LiPF6,4.9577303274784965,4.9577303274784965
2459,LiBF4,LiBF4,True,0.0,LiPF6,4.9577303274784965,4.9577303274784965
2460,LiBF4,LiBF4,True,0.0,LiPF6,4.9577303274784965,4.9577303274784965
2461,LiBF4,LiBF4,True,0.0,LiPF6,4.9577303274784965,4.9577303274784965
2462,LiBF4,LiBF4,True,0.0,LiPF6,4.9577303274784965,4.9577303274784965
2463,LiBF4,LiBF4,True,0.0,LiPF6,4.9577303274784965,4.9577303274784965
2464,LiBF4,LiBF4,True,0.0,LiPF6,4.9577303274784965,4.9577303274784965
2465,LiBF4,LiBF4,True,0.0,LiPF6,4.9577303274784965,4.9577303274784965
2466,LiBF4,LiBF4,True,0.0,LiPF6,4.9577303274784965,4.9577303274784965
2467,LiBF4,LiBF4,True,0.0,LiPF6,4.9577303274784965,4.9577303274784965
2468,LiBF4,LiBF4,True,0.0,LiPF6,4.9577303274784965,4.9577303274784965
2469,LiBF4,LiBF4,True,0.0,LiPF6,4.9577303274784965,4.9577303274784965
2470,LiBF4,LiBF4,True,0.0,LiPF6,4.9577303274784965,4.9577303274784965
2471,LiBF4,LiBF4,True,0.0,LiPF6,4.9577303274784965,4.9577303274784965
2472,LiBF4,LiBF4,True,0.0,LiPF6,4.9577303274784965,4.9577303274784965
2473,LiBF4,LiBF4,True,0.0,LiPF6,4.9577303274784965,4.9577303274784965
2474,LiBF4,LiBF4,True,0.0,LiPF6,4.9577303274784965,4.9577303274784965
2475,LiBF4,LiBF4,True,0.0,LiPF6,4.9577303274784965,4.9577303274784965
2476,LiBF4,LiBF4,True,0.0,LiPF6,4.9577303274784965,4.9577303274784965
2477,LiBF4,LiBF4,True,0.0,LiPF6,4.9577303274784965,4.9577303274784965
2478,LiBF4,LiBF4,True,0.0,LiPF6,4.9577303274784965,4.9577303274784965
2479,LiBF4,LiBF4,True,0.0,LiPF6,4.9577303274784965,4.9577303274784965
2480,LiBF4,LiBF4,True,0.0,LiPF6,4.9577303274784965,4.9577303274784965
2481,LiBF4,LiBF4,True,0.0,LiPF6,4.9577303274784965,4.9577303274784965
2482,LiBF4,LiBF4,True,0.0,LiPF6,4.9577303274784965,4.9577303274784965
2483,LiBF4,LiBF4,True,0.0,LiPF6,4.9577303274784965,4.9577303274784965
2484,LiBF4,LiBF4,True,0.0,LiPF6,4.9577303274784965,4.9577303274784965
2485,LiBF4,LiBF4,True,0.0,LiPF6,4.9577303274784965,4.9577303274784965
2486,LiBF4,LiBF4,True,0.0,LiPF6,4.9577303274784965,4.9577303274784965
2487,LiBF4,LiBF4,True,0.0,LiPF6,4.9577303274784965,4.9577303274784965
2488,LiBF4,LiBF4,True,0.0,LiPF6,4.9577303274784965,4.9577303274784965
2489,LiBF4,LiBF4,True,0.0,LiPF6,4.9577303274784965,4.9577303274784965
2490,LiBF4,LiBF4,True,0.0,LiPF6,4.9577303274784965,4.9577303274784965
2491,LiBF4,LiBF4,True,0.0,LiPF6,4.9577303274784965,4.9577303274784965
2492,LiBF4,LiBF4,True,0.0,LiPF6,4.9577303274784965,4.9577303274784965
2493,LiBF4,LiBF4,True,0.0,LiPF6,4.9577303274784965,4.9577303274784965
2494,LiBF4,LiBF4,True,0.0,LiPF6,4.9577303274784965,4.9577303274784965
2495,LiBF4,LiBF4,True,0.0,LiPF6,4.9577303274784965,4.9577303274784965
2496,LiBF4,LiBF4,True,0.0,LiPF6,4.9577303274784965,4.9577303274784965
2497,LiBF4,LiBF4,True,0.0,LiPF6,4.9577303274784965,4.9577303274784965
2498,LiBF4,LiBF4,True,0.0,LiPF6,4.9577303274784965,4.9577303274784965
2499,LiBF4,LiBF4,True,0.0,LiPF6,4.9577303274784965,4.9577303274784965
2500,LiBF4,LiBF4,True,0.0,LiPF6,4.9577303274784965,4.9577303274784965
2501,LiBF4,LiBF4,True,0.0,LiPF6,4.9577303274784965,4.9577303274784965
2502,LiBF4,LiBF4,True,0.0,LiPF6,4.9577303274784965,4.9577303274784965
2503,LiBF4,LiBF4,True,0.0,LiPF6,4.9577303274784965,4.9577303274784965
2504,LiBF4,LiBF4,True,0.0,LiPF6,4.9577303274784965,4.9577303274784965
2505,LiBF4,LiBF4,True,0.0,LiPF6,4.9577303274784965,4.9577303274784965
2506,LiBF4,LiBF4,True,0.0,LiPF6,4.9577303274784965,4.9577303274784965
2507,LiBF4,LiBF4,True,0.0,LiPF6,4.9577303274784965,4.9577303274784965
2508,LiBF4,LiBF4,True,0.0,LiPF6,4.9577303274784965,4.9577303274784965
2509,LiBF4,LiBF4,True,0.0,LiPF6,4.9577303274784965,4.9577303274784965
2510,LiBF4,LiBF4,True,0.0,LiPF6,4.9577303274784965,4.9577303274784965
2511,LiBF4,LiBF4,True,0.0,LiPF6,4.9577303274784965,4.9577303274784965
2512,LiBF4,LiBF4,True,0.0,LiPF6,4.9577303274784965,4.9577303274784965
2513,LiBF4,LiBF4,True,0.0,LiPF6,4.9577303274784965,4.9577303274784965
2514,LiBF4,LiBF4,True,0.0,LiPF6,4.9577303274784965,4.9577303274784965
2515,LiBF4,LiBF4,True,0.0,LiPF6,4.9577303274784965,4.9577303274784965
2516,LiBF4,LiBF4,True,0.0,LiPF6,4.9577303274784965,4.9577303274784965
2517,LiBF4,LiBF4,True,0.0,LiPF6,4.9577303274784965,4.9577303274784965
2518,LiBF4,LiBF4,True,0.0,LiPF6,4.9577303274784965,4.9577303274784965
2519,LiBF4,LiBF4,True,0.0,LiPF6,4.9577303274784965,4.9577303274784965
2520,LiBF4,LiBF4,True,0.0,LiPF6,4.9577303274784965,4.9577303274784965
2521,LiBF4,LiBF4,True,0.0,LiPF6,4.9577303274784965,4.9577303274784965
2522,LiBF4,LiBF4,True,0.0,LiPF6,4.9577303274784965,4.9577303274784965
2523,LiBF4,LiBF4,True,0.0,LiPF6,4.9577303274784965,4.9577303274784965
2524,LiBF4,LiBF4,True,0.0,LiPF6,4.9577303274784965,4.9577303274784965
2525,LiBF4,LiBF4,True,0.0,LiPF6,4.9577303274784965,4.9577303274784965
2526,LiBF4,LiBF4,True,0.0,LiPF6,4.9577303274784965,4.9577303274784965
2527,LiBF4,LiBF4,True,0.0,LiPF6,4.9577303274784965,4.9577303274784965
2528,LiBF4,LiBF4,True,0.0,LiPF6,4.9577303274784965,4.9577303274784965
2529,LiBF4,LiBF4,True,0.0,LiPF6,4.9577303274784965,4.9577303274784965
2530,LiBF4,LiBF4,True,0.0,LiPF6,4.9577303274784965,4.9577303274784965
2531,LiBF4,LiBF4,True,0.0,LiPF6,4.9577303274784965,4.9577303274784965
2532,LiBF4,LiBF4,True,0.0,LiPF6,4.9577303274784965,4.9577303274784965
2533,LiBF4,LiBF4,True,0.0,LiPF6,4.9577303274784965,4.9577303274784965
2534,LiBF4,LiBF4,True,0.0,LiPF6,4.9577303274784965,4.9577303274784965
2535,LiBF4,LiBF4,True,0.0,LiPF6,4.9577303274784965,4.9577303274784965
2536,LiBF4,LiBF4,True,0.0,LiPF6,4.9577303274784965,4.9577303274784965
2537,LiBF4,LiBF4,True,0.0,LiPF6,4.9577303274784965,4.9577303274784965
2538,LiBF4,LiBF4,True,0.0,LiPF6,4.9577303274784965,4.9577303274784965
2539,LiBF4,LiBF4,True,0.0,LiPF6,4.9577303274784965,4.9577303274784965
2540,LiBF4,LiBF4,True,0.0,LiPF6,4.9577303274784965,4.9577303274784965
2541,LiBF4,LiBF4,True,0.0,LiPF6,4.9577303274784965,4.9577303274784965
2542,LiBF4,LiBF4,True,0.0,LiPF6,4.9577303274784965,4.9577303274784965
2543,LiBF4,LiBF4,True,0.0,LiPF6,4.9577303274784965,4.9577303274784965
2544,LiBF4,LiBF4,True,0.0,LiPF6,4.9577303274784965,4.9577303274784965
2545,LiBF4,LiBF4,True,0.0,LiPF6,4.9577303274784965,4.9577303274784965
2546,LiBF4,LiBF4,True,0.0,LiPF6,4.9577303274784965,4.9577303274784965
2547,LiBF4,LiBF4,True,0.0,LiPF6,4.9577303274784965,4.9577303274784965
2548,LiBF4,LiBF4,True,0.0,LiPF6,4.9577303274784965,4.9577303274784965
2549,LiBF4,LiBF4,True,0.0,LiPF6,4.9577303274784965,4.9577303274784965
2550,LiBF4,LiBF4,True,0.0,LiPF6,4.9577303274784965,4.9577303274784965
2551,LiBF4,LiBF4,True,0.0,LiPF6,4.9577303274784965,4.9577303274784965
2552,LiBF4,LiBF4,True,0.0,LiPF6,4.9577303274784965,4.9577303274784965
2553,LiBF4,LiBF4,True,0.0,LiPF6,4.9577303274784965,4.9577303274784965
2554,LiBF4,LiBF4,True,0.0,LiPF6,4.9577303274784965,4.9577303274784965
2555,LiBF4,LiBF4,True,0.0,LiPF6,4.9577303274784965,4.9577303274784965
2556,LiBF4,LiBF4,True,0.0,LiPF6,4.9577303274784965,4.9577303274784965
2557,LiBF4,LiBF4,True,0.0,LiPF6,4.9577303274784965,4.9577303274784965
2558,LiBF4,LiBF4,True,0.0,LiPF6,4.9577303274784965,4.9577303274784965
2559,LiBF4,LiBF4,True,0.0,LiPF6,4.9577303274784965,4.9577303274784965
2560,LiBF4,LiBF4,True,0.0,LiPF6,4.9577303274784965,4.9577303274784965
2561,LiBF4,LiBF4,True,0.0,LiPF6,4.9577303274784965,4.9577303274784965
2562,LiBF4,LiBF4,True,0.0,LiPF6,4.9577303274784965,4.9577303274784965
2563,LiBF4,LiBF4,True,0.0,LiPF6,4.9577303274784965,4.9577303274784965
2564,LiBF4,LiBF4,True,0.0,LiPF6,4.9577303274784965,4.9577303274784965
2565,LiBF4,LiBF4,True,0.0,LiPF6,4.9577303274784965,4.9577303274784965
2566,LiBF4,LiBF4,True,0.0,LiPF6,4.9577303274784965,4.9577303274784965
2567,LiBF4,LiBF4,True,0.0,LiPF6,4.9577303274784965,4.9577303274784965
2568,LiBF4,LiBF4,True,0.0,LiPF6,4.9577303274784965,4.9577303274784965
2569,LiBF4,LiBF4,True,0.0,LiPF6,4.9577303274784965,4.9577303274784965
2570,LiBF4,LiBF4,True,0.0,LiPF6,4.9577303274784965,4.9577303274784965
2571,LiBF4,LiBF4,True,0.0,LiPF6,4.9577303274784965,4.9577303274784965
2572,LiBF4,LiBF4,True,0.0,LiPF6,4.9577303274784965,4.9577303274784965
2573,LiBF4,LiBF4,True,0.0,LiPF6,4.9577303274784965,4.9577303274784965
2574,LiBF4,LiBF4,True,0.0,LiPF6,4.9577303274784965,4.9577303274784965
2575,LiBF4,LiBF4,True,0.0,LiPF6,4.9577303274784965,4.9577303274784965
2576,LiBF4,LiBF4,True,0.0,LiPF6,4.9577303274784965,4.9577303274784965
2577,LiBF4,LiBF4,True,0.0,LiPF6,4.9577303274784965,4.9577303274784965
2578,LiBF4,LiBF4,True,0.0,LiPF6,4.9577303274784965,4.9577303274784965
2579,LiBF4,LiBF4,True,0.0,LiPF6,4.9577303274784965,4.9577303274784965
2580,LiBF4,LiBF4,True,0.0,LiPF6,4.9577303274784965,4.9577303274784965
2581,LiBF4,LiBF4,True,0.0,LiPF6,4.9577303274784965,4.9577303274784965
2582,LiBF4,LiBF4,True,0.0,LiPF6,4.9577303274784965,4.9577303274784965
2583,LiBF4,LiBF4,True,0.0,LiPF6,4.9577303274784965,4.9577303274784965
2584,LiBF4,LiBF4,True,0.0,LiPF6,4.9577303274784965,4.9577303274784965
2585,LiBF4,LiBF4,True,0.0,LiPF6,4.9577303274784965,4.9577303274784965
2586,LiBF4,LiBF4,True,0.0,LiPF6,4.9577303274784965,4.9577303274784965
2587,LiBF4,LiBF4,True,0.0,LiPF6,4.9577303274784965,4.9577303274784965
2588,LiBF4,LiBF4,True,0.0,LiPF6,4.9577303274784965,4.9577303274784965
2589,LiBF4,LiBF4,True,0.0,LiPF6,4.9577303274784965,4.9577303274784965
2590,LiBF4,LiBF4,True,0.0,LiPF6,4.9577303274784965,4.9577303274784965
2591,LiBF4,LiBF4,True,0.0,LiPF6,4.9577303274784965,4.9577303274784965
2592,LiBF4,LiBF4,True,0.0,LiPF6,4.9577303274784965,4.9577303274784965
2593,LiBF4,LiBF4,True,0.0,LiPF6,4.9577303274784965,4.9577303274784965
2594,LiBF4,LiBF4,True,0.0,LiPF6,4.9577303274784965,4.9577303274784965
2595,LiBF4,LiBF4,True,0.0,LiPF6,4.9577303274784965,4.9577303274784965
2596,LiBF4,LiBF4,True,0.0,LiPF6,4.9577303274784965,4.9577303274784965
2597,LiBF4,LiBF4,True,0.0,LiPF6,4.9577303274784965,4.9577303274784965
2598,LiBF4,LiBF4,True,0.0,LiPF6,4.9577303274784965,4.9577303274784965
2599,LiBF4,LiBF4,True,0.0,LiPF6,4.9577303274784965,4.9577303274784965
2600,LiBF4,LiBF4,True,0.0,LiPF6,4.9577303274784965,4.9577303274784965
2601,LiBF4,LiBF4,True,0.0,LiPF6,4.9577303274784965,4.9577303274784965
2602,LiBF4,LiBF4,True,0.0,LiPF6,4.9577303274784965,4.9577303274784965
2603,LiBF4,LiBF4,True,0.0,LiPF6,4.9577303274784965,4.9577303274784965
2604,LiBF4,LiBF4,True,0.0,LiPF6,4.9577303274784965,4.9577303274784965
2605,LiBF4,LiBF4,True,0.0,LiPF6,4.9577303274784965,4.9577303274784965
2606,LiBF4,LiBF4,True,0.0,LiPF6,4.9577303274784965,4.9577303274784965
2607,LiBF4,LiBF4,True,0.0,LiPF6,4.9577303274784965,4.9577303274784965
2608,LiBF4,LiBF4,True,0.0,LiPF6,4.9577303274784965,4.9577303274784965
2609,LiBF4,LiBF4,True,0.0,LiPF6,4.9577303274784965,4.9577303274784965
2610,LiBF4,LiBF4,True,0.0,LiPF6,4.9577303274784965,4.9577303274784965
2611,LiBF4,LiBF4,True,0.0,LiPF6,4.9577303274784965,4.9577303274784965
2612,LiBF4,LiBF4,True,0.0,LiPF6,4.9577303274784965,4.9577303274784965
2613,LiBF4,LiBF4,True,0.0,LiPF6,4.9577303274784965,4.9577303274784965
2614,LiBF4,LiBF4,True,0.0,LiPF6,4.9577303274784965,4.9577303274784965
2615,LiBF4,LiBF4,True,0.0,LiPF6,4.9577303274784965,4.9577303274784965
2616,LiBF4,LiBF4,True,0.0,LiPF6,4.9577303274784965,4.9577303274784965
2617,LiBF4,LiBF4,True,0.0,LiPF6,4.9577303274784965,4.9577303274784965
2618,LiBF4,LiBF4,True,0.0,LiPF6,4.9577303274784965,4.9577303274784965
2619,LiBF4,LiBF4,True,0.0,LiPF6,4.9577303274784965,4.9577303274784965
2620,LiBF4,LiBF4,True,0.0,LiPF6,4.9577303274784965,4.9577303274784965
2621,LiBF4,LiBF4,True,0.0,LiPF6,4.9577303274784965,4.9577303274784965
2622,LiBF4,LiBF4,True,0.0,LiPF6,4.9577303274784965,4.9577303274784965
2623,LiBF4,LiBF4,True,0.0,LiPF6,4.9577303274784965,4.9577303274784965
2624,LiBF4,LiBF4,True,0.0,LiPF6,4.9577303274784965,4.9577303274784965
2625,LiBF4,LiBF4,True,0.0,LiPF6,4.9577303274784965,4.9577303274784965
2626,LiBF4,LiBF4,True,0.0,LiPF6,4.9577303274784965,4.9577303274784965
2627,LiBF4,LiBF4,True,0.0,LiPF6,4.9577303274784965,4.9577303274784965
2628,LiBF4,LiBF4,True,0.0,LiPF6,4.9577303274784965,4.9577303274784965
2629,LiBF4,LiBF4,True,0.0,LiPF6,4.9577303274784965,4.9577303274784965
2630,LiBF4,LiBF4,True,0.0,LiPF6,4.9577303274784965,4.9577303274784965
2631,LiBF4,LiBF4,True,0.0,LiPF6,4.9577303274784965,4.9577303274784965
2632,LiBF4,LiBF4,True,0.0,LiPF6,4.9577303274784965,4.9577303274784965
2633,LiBF4,LiBF4,True,0.0,LiPF6,4.9577303274784965,4.9577303274784965
2634,LiBF4,LiBF4,True,0.0,LiPF6,4.9577303274784965,4.9577303274784965
2635,LiBF4,LiBF4,True,0.0,LiPF6,4.9577303274784965,4.9577303274784965
2636,LiBF4,LiBF4,True,0.0,LiPF6,4.9577303274784965,4.9577303274784965
2637,LiBF4,LiBF4,True,0.0,LiPF6,4.9577303274784965,4.9577303274784965
2638,LiBF4,LiBF4,True,0.0,LiPF6,4.9577303274784965,4.9577303274784965
2639,LiBF4,LiBF4,True,0.0,LiPF6,4.9577303274784965,4.9577303274784965
2640,LiBF4,LiBF4,True,0.0,LiPF6,4.9577303274784965,4.9577303274784965
2641,LiBF4,LiBF4,True,0.0,LiPF6,4.9577303274784965,4.9577303274784965
2642,LiBF4,LiBF4,True,0.0,LiPF6,4.9577303274784965,4.9577303274784965
2643,LiBF4,LiBF4,True,0.0,LiPF6,4.9577303274784965,4.9577303274784965
2644,LiBF4,LiBF4,True,0.0,LiPF6,4.9577303274784965,4.9577303274784965
2645,LiBF4,LiBF4,True,0.0,LiPF6,4.9577303274784965,4.9577303274784965
2646,LiBF4,LiBF4,True,0.0,LiPF6,4.9577303274784965,4.9577303274784965
2647,LiBF4,LiBF4,True,0.0,LiPF6,4.9577303274784965,4.9577303274784965
2648,LiBF4,LiBF4,True,0.0,LiPF6,4.9577303274784965,4.9577303274784965
2649,LiBF4,LiBF4,True,0.0,LiPF6,4.9577303274784965,4.9577303274784965
2650,LiBF4,LiBF4,True,0.0,LiPF6,4.9577303274784965,4.9577303274784965
2651,LiBF4,LiBF4,True,0.0,LiPF6,4.9577303274784965,4.9577303274784965
2652,LiBF4,LiBF4,True,0.0,LiPF6,4.9577303274784965,4.9577303274784965
2653,LiBF4,LiBF4,True,0.0,LiPF6,4.9577303274784965,4.9577303274784965
2654,LiBF4,LiBF4,True,0.0,LiPF6,4.9577303274784965,4.9577303274784965
2655,LiBF4,LiBF4,True,0.0,LiPF6,4.9577303274784965,4.9577303274784965
2656,LiBF4,LiBF4,True,0.0,LiPF6,4.9577303274784965,4.9577303274784965
2657,LiBF4,LiBF4,True,0.0,LiPF6,4.9577303274784965,4.9577303274784965
2658,LiBF4,LiBF4,True,0.0,LiPF6,4.9577303274784965,4.9577303274784965
2659,LiBF4,LiBF4,True,0.0,LiPF6,4.9577303274784965,4.9577303274784965
2660,LiBF4,LiBF4,True,0.0,LiPF6,4.9577303274784965,4.9577303274784965
2661,LiBF4,LiBF4,True,0.0,LiPF6,4.9577303274784965,4.9577303274784965
2662,LiBF4,LiBF4,True,0.0,LiPF6,4.9577303274784965,4.9577303274784965
2663,LiBF4,LiBF4,True,0.0,LiPF6,4.9577303274784965,4.9577303274784965
2664,LiBF4,LiBF4,True,0.0,LiPF6,4.9577303274784965,4.9577303274784965
2665,LiBF4,LiBF4,True,0.0,LiPF6,4.9577303274784965,4.9577303274784965
2666,LiBF4,LiBF4,True,0.0,LiPF6,4.9577303274784965,4.9577303274784965
2667,LiBF4,LiBF4,True,0.0,LiPF6,4.9577303274784965,4.9577303274784965
2668,LiBF4,LiBF4,True,0.0,LiPF6,4.9577303274784965,4.9577303274784965
2669,LiBF4,LiBF4,True,0.0,LiPF6,4.9577303274784965,4.9577303274784965
2670,LiBF4,LiBF4,True,0.0,LiPF6,4.9577303274784965,4.9577303274784965
2671,LiBF4,LiBF4,True,0.0,LiPF6,4.9577303274784965,4.9577303274784965
2672,LiBF4,LiBF4,True,0.0,LiPF6,4.9577303274784965,4.9577303274784965
2673,LiBF4,LiBF4,True,0.0,LiPF6,4.9577303274784965,4.9577303274784965
2674,LiBF4,LiBF4,True,0.0,LiPF6,4.9577303274784965,4.9577303274784965
2675,LiBF4,LiBF4,True,0.0,LiPF6,4.9577303274784965,4.9577303274784965
2676,LiBF4,LiBF4,True,0.0,LiPF6,4.9577303274784965,4.9577303274784965
2677,LiBF4,LiBF4,True,0.0,LiPF6,4.9577303274784965,4.9577303274784965
2678,LiBF4,LiBF4,True,0.0,LiPF6,4.9577303274784965,4.9577303274784965
2679,LiBF4,LiBF4,True,0.0,LiPF6,4.9577303274784965,4.9577303274784965
2680,LiBF4,LiBF4,True,0.0,LiPF6,4.9577303274784965,4.9577303274784965
2681,LiBF4,LiBF4,True,0.0,LiPF6,4.9577303274784965,4.9577303274784965
2682,LiBF4,LiBF4,True,0.0,LiPF6,4.9577303274784965,4.9577303274784965
2683,LiBF4,LiBF4,True,0.0,LiPF6,4.9577303274784965,4.9577303274784965
2684,LiBF4,LiBF4,True,0.0,LiPF6,4.9577303274784965,4.9577303274784965
2685,LiBF4,LiBF4,True,0.0,LiPF6,4.9577303274784965,4.9577303274784965
2686,LiBF4,LiBF4,True,0.0,LiPF6,4.9577303274784965,4.9577303274784965
2687,LiBF4,LiBF4,True,0.0,LiPF6,4.9577303274784965,4.9577303274784965
2688,LiBF4,LiBF4,True,0.0,LiPF6,4.9577303274784965,4.9577303274784965
2689,LiBF4,LiBF4,True,0.0,LiPF6,4.9577303274784965,4.9577303274784965
2690,LiBF4,LiBF4,True,0.0,LiPF6,4.9577303274784965,4.9577303274784965
2691,LiBF4,LiBF4,True,0.0,LiPF6,4.9577303274784965,4.9577303274784965
2692,LiBF4,LiBF4,True,0.0,LiPF6,4.9577303274784965,4.9577303274784965
2693,LiBF4,LiBF4,True,0.0,LiPF6,4.9577303274784965,4.9577303274784965
2694,LiBF4,LiBF4,True,0.0,LiPF6,4.9577303274784965,4.9577303274784965
2695,LiBF4,LiBF4,True,0.0,LiPF6,4.9577303274784965,4.9577303274784965
2696,LiBF4,LiBF4,True,0.0,LiPF6,4.9577303274784965,4.9577303274784965
2697,LiBF4,LiBF4,True,0.0,LiPF6,4.9577303274784965,4.9577303274784965
2698,LiBF4,LiBF4,True,0.0,LiPF6,4.9577303274784965,4.9577303274784965
2699,LiBF4,LiBF4,True,0.0,LiPF6,4.9577303274784965,4.9577303274784965
2700,LiBF4,LiBF4,True,0.0,LiPF6,4.9577303274784965,4.9577303274784965
2701,LiBF4,LiBF4,True,0.0,LiPF6,4.9577303274784965,4.9577303274784965
2702,LiBF4,LiBF4,True,0.0,LiPF6,4.9577303274784965,4.9577303274784965
2703,LiBF4,LiBF4,True,0.0,LiPF6,4.9577303274784965,4.9577303274784965
2704,LiBF4,LiBF4,True,0.0,LiPF6,4.9577303274784965,4.9577303274784965
2705,LiBF4,LiBF4,True,0.0,LiPF6,4.9577303274784965,4.9577303274784965
2706,LiBF4,LiBF4,True,0.0,LiPF6,4.9577303274784965,4.9577303274784965
2707,LiBF4,LiBF4,True,0.0,LiPF6,4.9577303274784965,4.9577303274784965
2708,LiBF4,LiBF4,True,0.0,LiPF6,4.9577303274784965,4.9577303274784965
2709,LiBF4,LiBF4,True,0.0,LiPF6,4.9577303274784965,4.9577303274784965
2710,LiBF4,LiBF4,True,0.0,LiPF6,4.9577303274784965,4.9577303274784965
2711,LiBF4,LiBF4,True,0.0,LiPF6,4.9577303274784965,4.9577303274784965
2712,LiBF4,LiBF4,True,0.0,LiPF6,4.9577303274784965,4.9577303274784965
2713,LiBF4,LiBF4,True,0.0,LiPF6,4.9577303274784965,4.9577303274784965
2714,LiBF4,LiBF4,True,0.0,LiPF6,4.9577303274784965,4.9577303274784965
2715,LiBF4,LiBF4,True,0.0,LiPF6,4.9577303274784965,4.9577303274784965
2716,LiBF4,LiBF4,True,0.0,LiPF6,4.9577303274784965,4.9577303274784965
2717,LiBF4,LiBF4,True,0.0,LiPF6,4.9577303274784965,4.9577303274784965
2718,LiBF4,LiBF4,True,0.0,LiPF6,4.9577303274784965,4.9577303274784965
2719,LiBF4,LiBF4,True,0.0,LiPF6,4.9577303274784965,4.9577303274784965
2720,LiBF4,LiBF4,True,0.0,LiPF6,4.9577303274784965,4.9577303274784965
2721,LiBF4,LiBF4,True,0.0,LiPF6,4.9577303274784965,4.9577303274784965
2722,LiBF4,LiBF4,True,0.0,LiPF6,4.9577303274784965,4.9577303274784965
2723,LiBF4,LiBF4,True,0.0,LiPF6,4.9577303274784965,4.9577303274784965
2724,LiBF4,LiBF4,True,0.0,LiPF6,4.9577303274784965,4.9577303274784965
2725,LiBF4,LiBF4,True,0.0,LiPF6,4.9577303274784965,4.9577303274784965
2726,LiBF4,LiBF4,True,0.0,LiPF6,4.9577303274784965,4.9577303274784965
2727,LiBF4,LiBF4,True,0.0,LiPF6,4.9577303274784965,4.9577303274784965
2728,LiBF4,LiBF4,True,0.0,LiPF6,4.9577303274784965,4.9577303274784965
2729,LiBF4,LiBF4,True,0.0,LiPF6,4.9577303274784965,4.9577303274784965
2730,LiBF4,LiBF4,True,0.0,LiPF6,4.9577303274784965,4.9577303274784965
2731,LiBF4,LiBF4,True,0.0,LiPF6,4.9577303274784965,4.9577303274784965
2732,LiBF4,LiBF4,True,0.0,LiPF6,4.9577303274784965,4.9577303274784965
2733,LiBF4,LiBF4,True,0.0,LiPF6,4.9577303274784965,4.9577303274784965
2734,LiBF4,LiBF4,True,0.0,LiPF6,4.9577303274784965,4.9577303274784965
2735,LiBF4,LiBF4,True,0.0,LiPF6,4.9577303274784965,4.9577303274784965
2736,LiBF4,LiBF4,True,0.0,LiPF6,4.9577303274784965,4.9577303274784965
2737,LiBF4,LiBF4,True,0.0,LiPF6,4.9577303274784965,4.9577303274784965
2738,LiBF4,LiBF4,True,0.0,LiPF6,4.9577303274784965,4.9577303274784965
2739,LiBF4,LiBF4,True,0.0,LiPF6,4.9577303274784965,4.9577303274784965
2740,LiBF4,LiBF4,True,0.0,LiPF6,4.9577303274784965,4.9577303274784965
2741,LiBF4,LiBF4,True,0.0,LiPF6,4.9577303274784965,4.9577303274784965
2742,LiBF4,LiBF4,True,0.0,LiPF6,4.9577303274784965,4.9577303274784965
2743,LiBF4,LiBF4,True,0.0,LiPF6,4.9577303274784965,4.9577303274784965
2744,LiBF4,LiBF4,True,0.0,LiPF6,4.9577303274784965,4.9577303274784965
2745,LiBF4,LiBF4,True,0.0,LiPF6,4.9577303274784965,4.9577303274784965
2746,LiBF4,LiBF4,True,0.0,LiPF6,4.9577303274784965,4.9577303274784965
2747,LiBF4,LiBF4,True,0.0,LiPF6,4.9577303274784965,4.9577303274784965
2748,LiBF4,LiBF4,True,0.0,LiPF6,4.9577303274784965,4.9577303274784965
2749,LiBF4,LiBF4,True,0.0,LiPF6,4.9577303274784965,4.9577303274784965
2750,LiBF4,LiBF4,True,0.0,LiPF6,4.9577303274784965,4.9577303274784965
2751,LiBF4,LiBF4,True,0.0,LiPF6,4.9577303274784965,4.9577303274784965
2752,LiBF4,LiBF4,True,0.0,LiPF6,4.9577303274784965,4.9577303274784965
2753,LiBF4,LiBF4,True,0.0,LiPF6,4.9577303274784965,4.9577303274784965
2754,LiBF4,LiBF4,True,0.0,LiPF6,4.9577303274784965,4.9577303274784965
2755,LiBF4,LiBF4,True,0.0,LiPF6,4.9577303274784965,4.9577303274784965
2756,LiBF4,LiBF4,True,0.0,LiPF6,4.9577303274784965,4.9577303274784965
2757,LiBF4,LiBF4,True,0.0,LiPF6,4.9577303274784965,4.9577303274784965
2758,LiBF4,LiBF4,True,0.0,LiPF6,4.9577303274784965,4.9577303274784965
2759,LiBF4,LiBF4,True,0.0,LiPF6,4.9577303274784965,4.9577303274784965
2760,LiBF4,LiBF4,True,0.0,LiPF6,4.9577303274784965,4.9577303274784965
2761,LiBF4,LiBF4,True,0.0,LiPF6,4.9577303274784965,4.9577303274784965
2762,LiBF4,LiBF4,True,0.0,LiPF6,4.9577303274784965,4.9577303274784965
2763,LiBF4,LiBF4,True,0.0,LiPF6,4.9577303274784965,4.9577303274784965
2764,LiBF4,LiBF4,True,0.0,LiPF6,4.9577303274784965,4.9577303274784965
2765,LiBF4,LiBF4,True,0.0,LiPF6,4.9577303274784965,4.9577303274784965
2766,LiBF4,LiBF4,True,0.0,LiPF6,4.9577303274784965,4.9577303274784965
2767,LiBF4,LiBF4,True,0.0,LiPF6,4.9577303274784965,4.9577303274784965
2768,LiBF4,LiBF4,True,0.0,LiPF6,4.9577303274784965,4.9577303274784965
2769,LiBF4,LiBF4,True,0.0,LiPF6,4.9577303274784965,4.9577303274784965
2770,LiBF4,LiBF4,True,0.0,LiPF6,4.9577303274784965,4.9577303274784965
2771,LiBF4,LiBF4,True,0.0,LiPF6,4.9577303274784965,4.9577303274784965
2772,LiBF4,LiBF4,True,0.0,LiPF6,4.9577303274784965,4.9577303274784965
2773,LiBF4,LiBF4,True,0.0,LiPF6,4.9577303274784965,4.9577303274784965
2774,LiBF4,LiBF4,True,0.0,LiPF6,4.9577303274784965,4.9577303274784965
2775,LiBF4,LiBF4,True,0.0,LiPF6,4.9577303274784965,4.9577303274784965
2776,LiBF4,LiBF4,True,0.0,LiPF6,4.9577303274784965,4.9577303274784965
2777,LiBF4,LiBF4,True,0.0,LiPF6,4.9577303274784965,4.9577303274784965
2778,LiBF4,LiBF4,True,0.0,LiPF6,4.9577303274784965,4.9577303274784965
2779,LiBF4,LiBF4,True,0.0,LiPF6,4.9577303274784965,4.9577303274784965
2780,LiBF4,LiBF4,True,0.0,LiPF6,4.9577303274784965,4.9577303274784965
2781,LiBF4,LiBF4,True,0.0,LiPF6,4.9577303274784965,4.9577303274784965
2782,LiBF4,LiBF4,True,0.0,LiPF6,4.9577303274784965,4.9577303274784965
2783,LiBF4,LiBF4,True,0.0,LiPF6,4.9577303274784965,4.9577303274784965
2784,LiBF4,LiBF4,True,0.0,LiPF6,4.9577303274784965,4.9577303274784965
2785,LiBF4,LiBF4,True,0.0,LiPF6,4.9577303274784965,4.9577303274784965
2786,LiBF4,LiBF4,True,0.0,LiPF6,4.9577303274784965,4.9577303274784965
2787,LiBF4,LiBF4,True,0.0,LiPF6,4.9577303274784965,4.9577303274784965
2788,LiBF4,LiBF4,True,0.0,LiPF6,4.9577303274784965,4.9577303274784965
2789,LiBF4,LiBF4,True,0.0,LiPF6,4.9577303274784965,4.9577303274784965
2790,LiBF4,LiBF4,True,0.0,LiPF6,4.9577303274784965,4.9577303274784965
2791,LiBF4,LiBF4,True,0.0,LiPF6,4.9577303274784965,4.9577303274784965
2792,LiBF4,LiBF4,True,0.0,LiPF6,4.9577303274784965,4.9577303274784965
2793,LiBF4,LiBF4,True,0.0,LiPF6,4.9577303274784965,4.9577303274784965
2794,LiBF4,LiBF4,True,0.0,LiPF6,4.9577303274784965,4.9577303274784965
2795,LiBF4,LiBF4,True,0.0,LiPF6,4.9577303274784965,4.9577303274784965
2796,LiBF4,LiBF4,True,0.0,LiPF6,4.9577303274784965,4.9577303274784965
2797,LiBF4,LiBF4,True,0.0,LiPF6,4.9577303274784965,4.9577303274784965
2798,LiBF4,LiBF4,True,0.0,LiPF6,4.9577303274784965,4.9577303274784965
2799,LiBF4,LiBF4,True,0.0,LiPF6,4.9577303274784965,4.9577303274784965
2800,LiBF4,LiBF4,True,0.0,LiPF6,4.9577303274784965,4.9577303274784965
2801,LiBF4,LiBF4,True,0.0,LiPF6,4.9577303274784965,4.9577303274784965
2802,LiBF4,LiBF4,True,0.0,LiPF6,4.9577303274784965,4.9577303274784965
2803,LiBF4,LiBF4,True,0.0,LiPF6,4.9577303274784965,4.9577303274784965
2804,LiBF4,LiBF4,True,0.0,LiPF6,4.9577303274784965,4.9577303274784965
2805,LiBF4,LiBF4,True,0.0,LiPF6,4.9577303274784965,4.9577303274784965
2806,LiBF4,LiBF4,True,0.0,LiPF6,4.9577303274784965,4.9577303274784965
2807,LiBF4,LiBF4,True,0.0,LiPF6,4.9577303274784965,4.9577303274784965
2808,LiBF4,LiBF4,True,0.0,LiPF6,4.9577303274784965,4.9577303274784965
2809,LiBF4,LiBF4,True,0.0,LiPF6,4.9577303274784965,4.9577303274784965
2810,LiBF4,LiBF4,True,0.0,LiPF6,4.9577303274784965,4.9577303274784965
2811,LiBF4,LiBF4,True,0.0,LiPF6,4.9577303274784965,4.9577303274784965
2812,LiBF4,LiBF4,True,0.0,LiPF6,4.9577303274784965,4.9577303274784965
2813,LiBF4,LiBF4,True,0.0,LiPF6,4.9577303274784965,4.9577303274784965
2814,LiBF4,LiBF4,True,0.0,LiPF6,4.9577303274784965,4.9577303274784965
2815,LiBF4,LiBF4,True,0.0,LiPF6,4.9577303274784965,4.9577303274784965
2816,LiBF4,LiBF4,True,0.0,LiPF6,4.9577303274784965,4.9577303274784965
2817,LiBF4,LiBF4,True,0.0,LiPF6,4.9577303274784965,4.9577303274784965
2818,LiBF4,LiBF4,True,0.0,LiPF6,4.9577303274784965,4.9577303274784965
2819,LiBF4,LiBF4,True,0.0,LiPF6,4.9577303274784965,4.9577303274784965
2820,LiBF4,LiBF4,True,0.0,LiPF6,4.9577303274784965,4.9577303274784965
2821,LiBF4,LiBF4,True,0.0,LiPF6,4.9577303274784965,4.9577303274784965
2822,LiBF4,LiBF4,True,0.0,LiPF6,4.9577303274784965,4.9577303274784965
2823,LiBF4,LiBF4,True,0.0,LiPF6,4.9577303274784965,4.9577303274784965
2824,LiBF4,LiBF4,True,0.0,LiPF6,4.9577303274784965,4.9577303274784965
2825,LiBF4,LiBF4,True,0.0,LiPF6,4.9577303274784965,4.9577303274784965
2826,LiBF4,LiBF4,True,0.0,LiPF6,4.9577303274784965,4.9577303274784965
2827,LiBF4,LiBF4,True,0.0,LiPF6,4.9577303274784965,4.9577303274784965
2828,LiBF4,LiBF4,True,0.0,LiPF6,4.9577303274784965,4.9577303274784965
2829,LiBF4,LiBF4,True,0.0,LiPF6,4.9577303274784965,4.9577303274784965
2830,LiBF4,LiBF4,True,0.0,LiPF6,4.9577303274784965,4.9577303274784965
2831,LiBF4,LiBF4,True,0.0,LiPF6,4.9577303274784965,4.9577303274784965
2832,LiBF4,LiBF4,True,0.0,LiPF6,4.9577303274784965,4.9577303274784965
2833,LiBF4,LiBF4,True,0.0,LiPF6,4.9577303274784965,4.9577303274784965
2834,LiBF4,LiBF4,True,0.0,LiPF6,4.9577303274784965,4.9577303274784965
2835,LiBF4,LiBF4,True,0.0,LiPF6,4.9577303274784965,4.9577303274784965
2836,LiBF4,LiBF4,True,0.0,LiPF6,4.9577303274784965,4.9577303274784965
2837,LiBF4,LiBF4,True,0.0,LiPF6,4.9577303274784965,4.9577303274784965
2838,LiBF4,LiBF4,True,0.0,LiPF6,4.9577303274784965,4.9577303274784965
2839,LiBF4,LiBF4,True,0.0,LiPF6,4.9577303274784965,4.9577303274784965
2840,LiBF4,LiBF4,True,0.0,LiPF6,4.9577303274784965,4.9577303274784965
2841,LiBF4,LiBF4,True,0.0,LiPF6,4.9577303274784965,4.9577303274784965
2842,LiBF4,LiBF4,True,0.0,LiPF6,4.9577303274784965,4.9577303274784965
2843,LiBF4,LiBF4,True,0.0,LiPF6,4.9577303274784965,4.9577303274784965
2844,LiBF4,LiBF4,True,0.0,LiPF6,4.9577303274784965,4.9577303274784965
2845,LiBF4,LiBF4,True,0.0,LiPF6,4.9577303274784965,4.9577303274784965
2846,LiBF4,LiBF4,True,0.0,LiPF6,4.9577303274784965,4.9577303274784965
2847,LiBF4,LiBF4,True,0.0,LiPF6,4.9577303274784965,4.9577303274784965
2848,LiBF4,LiBF4,True,0.0,LiPF6,4.9577303274784965,4.9577303274784965
2849,LiBF4,LiBF4,True,0.0,LiPF6,4.9577303274784965,4.9577303274784965
2850,LiBF4,LiBF4,True,0.0,LiPF6,4.9577303274784965,4.9577303274784965
2851,LiBF4,LiBF4,True,0.0,LiPF6,4.9577303274784965,4.9577303274784965
2852,LiBF4,LiBF4,True,0.0,LiPF6,4.9577303274784965,4.9577303274784965
2853,LiBF4,LiBF4,True,0.0,LiPF6,4.9577303274784965,4.9577303274784965
2854,LiBF4,LiBF4,True,0.0,LiPF6,4.9577303274784965,4.9577303274784965
2855,LiBF4,LiBF4,True,0.0,LiPF6,4.9577303274784965,4.9577303274784965
2856,LiBF4,LiBF4,True,0.0,LiPF6,4.9577303274784965,4.9577303274784965
2857,LiBF4,LiBF4,True,0.0,LiPF6,4.9577303274784965,4.9577303274784965
2858,LiBF4,LiBF4,True,0.0,LiPF6,4.9577303274784965,4.9577303274784965
2859,LiBF4,LiBF4,True,0.0,LiPF6,4.9577303274784965,4.9577303274784965
2860,LiBF4,LiBF4,True,0.0,LiPF6,4.9577303274784965,4.9577303274784965
2861,LiBF4,LiBF4,True,0.0,LiPF6,4.9577303274784965,4.9577303274784965
2862,LiBF4,LiBF4,True,0.0,LiPF6,4.9577303274784965,4.9577303274784965
2863,LiBF4,LiBF4,True,0.0,LiPF6,4.9577303274784965,4.9577303274784965
2864,LiBF4,LiBF4,True,0.0,LiPF6,4.9577303274784965,4.9577303274784965
2865,LiBF4,LiBF4,True,0.0,LiPF6,4.9577303274784965,4.9577303274784965
2866,LiBF4,LiBF4,True,0.0,LiPF6,4.9577303274784965,4.9577303274784965
2867,LiBF4,LiBF4,True,0.0,LiPF6,4.9577303274784965,4.9577303274784965
2868,LiBF4,LiBF4,True,0.0,LiPF6,4.9577303274784965,4.9577303274784965
2869,LiBF4,LiBF4,True,0.0,LiPF6,4.9577303274784965,4.9577303274784965
2870,LiBF4,LiBF4,True,0.0,LiPF6,4.9577303274784965,4.9577303274784965
2871,LiBF4,LiBF4,True,0.0,LiPF6,4.9577303274784965,4.9577303274784965
2872,LiBF4,LiBF4,True,0.0,LiPF6,4.9577303274784965,4.9577303274784965
2873,LiBF4,LiBF4,True,0.0,LiPF6,4.9577303274784965,4.9577303274784965
2874,LiBF4,LiBF4,True,0.0,LiPF6,4.9577303274784965,4.9577303274784965
2875,LiBF4,LiBF4,True,0.0,LiPF6,4.9577303274784965,4.9577303274784965
2876,LiBF4,LiBF4,True,0.0,LiPF6,4.9577303274784965,4.9577303274784965
2877,LiBF4,LiBF4,True,0.0,LiPF6,4.9577303274784965,4.9577303274784965
2878,LiBF4,LiBF4,True,0.0,LiPF6,4.9577303274784965,4.9577303274784965
2879,LiBF4,LiBF4,True,0.0,LiPF6,4.9577303274784965,4.9577303274784965
2880,LiBF4,LiBF4,True,0.0,LiPF6,4.9577303274784965,4.9577303274784965
2881,LiBF4,LiBF4,True,0.0,LiPF6,4.9577303274784965,4.9577303274784965
2882,LiBF4,LiBF4,True,0.0,LiPF6,4.9577303274784965,4.9577303274784965
2883,LiBF4,LiBF4,True,0.0,LiPF6,4.9577303274784965,4.9577303274784965
2884,LiBF4,LiBF4,True,0.0,LiPF6,4.9577303274784965,4.9577303274784965
2885,LiBF4,LiBF4,True,0.0,LiPF6,4.9577303274784965,4.9577303274784965
2886,LiBF4,LiBF4,True,0.0,LiPF6,4.9577303274784965,4.9577303274784965
2887,LiBF4,LiBF4,True,0.0,LiPF6,4.9577303274784965,4.9577303274784965
2888,LiBF4,LiBF4,True,0.0,LiPF6,4.9577303274784965,4.9577303274784965
2889,LiBF4,LiBF4,True,0.0,LiPF6,4.9577303274784965,4.9577303274784965
2890,LiBF4,LiBF4,True,0.0,LiPF6,4.9577303274784965,4.9577303274784965
2891,LiBF4,LiBF4,True,0.0,LiPF6,4.9577303274784965,4.9577303274784965
2892,LiBF4,LiBF4,True,0.0,LiPF6,4.9577303274784965,4.9577303274784965
2893,LiBF4,LiBF4,True,0.0,LiPF6,4.9577303274784965,4.9577303274784965
2894,LiBF4,LiBF4,True,0.0,LiPF6,4.9577303274784965,4.9577303274784965
2895,LiBF4,LiBF4,True,0.0,LiPF6,4.9577303274784965,4.9577303274784965
2896,LiBF4,LiBF4,True,0.0,LiPF6,4.9577303274784965,4.9577303274784965
2897,LiBF4,LiBF4,True,0.0,LiPF6,4.9577303274784965,4.9577303274784965
2898,LiBF4,LiBF4,True,0.0,LiPF6,4.9577303274784965,4.9577303274784965
2899,LiBF4,LiBF4,True,0.0,LiPF6,4.9577303274784965,4.9577303274784965
2900,LiBF4,LiBF4,True,0.0,LiPF6,4.9577303274784965,4.9577303274784965
2901,LiBF4,LiBF4,True,0.0,LiPF6,4.9577303274784965,4.9577303274784965
2902,LiBF4,LiBF4,True,0.0,LiPF6,4.9577303274784965,4.9577303274784965
2903,LiBF4,LiBF4,True,0.0,LiPF6,4.9577303274784965,4.9577303274784965
2904,LiBF4,LiBF4,True,0.0,LiPF6,4.9577303274784965,4.9577303274784965
2905,LiBF4,LiBF4,True,0.0,LiPF6,4.9577303274784965,4.9577303274784965
2906,LiBF4,LiBF4,True,0.0,LiPF6,4.9577303274784965,4.9577303274784965
2907,LiBF4,LiBF4,True,0.0,LiPF6,4.9577303274784965,4.9577303274784965
2908,LiBF4,LiBF4,True,0.0,LiPF6,4.9577303274784965,4.9577303274784965
2909,LiBF4,LiBF4,True,0.0,LiPF6,4.9577303274784965,4.9577303274784965
2910,LiBF4,LiBF4,True,0.0,LiPF6,4.9577303274784965,4.9577303274784965
2911,LiBF4,LiBF4,True,0.0,LiPF6,4.9577303274784965,4.9577303274784965
2912,LiBF4,LiBF4,True,0.0,LiPF6,4.9577303274784965,4.9577303274784965
2913,LiBF4,LiBF4,True,0.0,LiPF6,4.9577303274784965,4.9577303274784965
2914,LiBF4,LiBF4,True,0.0,LiPF6,4.9577303274784965,4.9577303274784965
2915,LiBF4,LiBF4,True,0.0,LiPF6,4.9577303274784965,4.9577303274784965
2916,LiBF4,LiBF4,True,0.0,LiPF6,4.9577303274784965,4.9577303274784965
2917,LiBF4,LiBF4,True,0.0,LiPF6,4.9577303274784965,4.9577303274784965
2918,LiBF4,LiBF4,True,0.0,LiPF6,4.9577303274784965,4.9577303274784965
2919,LiBF4,LiBF4,True,0.0,LiPF6,4.9577303274784965,4.9577303274784965
2920,LiBF4,LiBF4,True,0.0,LiPF6,4.9577303274784965,4.9577303274784965
2921,LiBF4,LiBF4,True,0.0,LiPF6,4.9577303274784965,4.9577303274784965
2922,LiBF4,LiBF4,True,0.0,LiPF6,4.9577303274784965,4.9577303274784965
2923,LiBF4,LiBF4,True,0.0,LiPF6,4.9577303274784965,4.9577303274784965
2924,LiBF4,LiBF4,True,0.0,LiPF6,4.9577303274784965,4.9577303274784965
2925,LiBF4,LiBF4,True,0.0,LiPF6,4.9577303274784965,4.9577303274784965
2926,LiBF4,LiBF4,True,0.0,LiPF6,4.9577303274784965,4.9577303274784965
2927,LiBF4,LiBF4,True,0.0,LiPF6,4.9577303274784965,4.9577303274784965
2928,LiBF4,LiBF4,True,0.0,LiPF6,4.9577303274784965,4.9577303274784965
2929,LiBF4,LiBF4,True,0.0,LiPF6,4.9577303274784965,4.9577303274784965
2930,LiBF4,LiBF4,True,0.0,LiPF6,4.9577303274784965,4.9577303274784965
2931,LiBF4,LiBF4,True,0.0,LiPF6,4.9577303274784965,4.9577303274784965
2932,LiBF4,LiBF4,True,0.0,LiPF6,4.9577303274784965,4.9577303274784965
2933,LiBF4,LiBF4,True,0.0,LiPF6,4.9577303274784965,4.9577303274784965
2934,LiBF4,LiBF4,True,0.0,LiPF6,4.9577303274784965,4.9577303274784965
2935,LiBF4,LiBF4,True,0.0,LiPF6,4.9577303274784965,4.9577303274784965
2936,LiBF4,LiBF4,True,0.0,LiPF6,4.9577303274784965,4.9577303274784965
2937,LiBF4,LiBF4,True,0.0,LiPF6,4.9577303274784965,4.9577303274784965
2938,LiBF4,LiBF4,True,0.0,LiPF6,4.9577303274784965,4.9577303274784965
2939,LiBF4,LiBF4,True,0.0,LiPF6,4.9577303274784965,4.9577303274784965
2940,LiBF4,LiBF4,True,0.0,LiPF6,4.9577303274784965,4.9577303274784965
2941,LiBF4,LiBF4,True,0.0,LiPF6,4.9577303274784965,4.9577303274784965
2942,LiBF4,LiBF4,True,0.0,LiPF6,4.9577303274784965,4.9577303274784965
2943,LiBF4,LiBF4,True,0.0,LiPF6,4.9577303274784965,4.9577303274784965
2944,LiBF4,LiBF4,True,0.0,LiPF6,4.9577303274784965,4.9577303274784965
2945,LiBF4,LiBF4,True,0.0,LiPF6,4.9577303274784965,4.9577303274784965
2946,LiBF4,LiBF4,True,0.0,LiPF6,4.9577303274784965,4.9577303274784965
2947,LiBF4,LiBF4,True,0.0,LiPF6,4.9577303274784965,4.9577303274784965
2948,LiBF4,LiBF4,True,0.0,LiPF6,4.9577303274784965,4.9577303274784965
2949,LiBF4,LiBF4,True,0.0,LiPF6,4.9577303274784965,4.9577303274784965
2950,LiBF4,LiBF4,True,0.0,LiPF6,4.9577303274784965,4.9577303274784965
2951,LiBF4,LiBF4,True,0.0,LiPF6,4.9577303274784965,4.9577303274784965
2952,LiBF4,LiBF4,True,0.0,LiPF6,4.9577303274784965,4.9577303274784965
2953,LiBF4,LiBF4,True,0.0,LiPF6,4.9577303274784965,4.9577303274784965
2954,LiBF4,LiBF4,True,0.0,LiPF6,4.9577303274784965,4.9577303274784965
2955,LiBF4,LiBF4,True,0.0,LiPF6,4.9577303274784965,4.9577303274784965
2956,LiBF4,LiBF4,True,0.0,LiPF6,4.9577303274784965,4.9577303274784965
2957,LiBF4,LiBF4,True,0.0,LiPF6,4.9577303274784965,4.9577303274784965
2958,LiBF4,LiBF4,True,0.0,LiPF6,4.9577303274784965,4.9577303274784965
2959,LiBF4,LiBF4,True,0.0,LiPF6,4.9577303274784965,4.9577303274784965
2960,LiBF4,LiBF4,True,0.0,LiPF6,4.9577303274784965,4.9577303274784965
2961,LiBF4,LiBF4,True,0.0,LiPF6,4.9577303274784965,4.9577303274784965
2962,LiBF4,LiBF4,True,0.0,LiPF6,4.9577303274784965,4.9577303274784965
2963,LiBF4,LiBF4,True,0.0,LiPF6,4.9577303274784965,4.9577303274784965
2964,LiBF4,LiBF4,True,0.0,LiPF6,4.9577303274784965,4.9577303274784965
2965,LiBF4,LiBF4,True,0.0,LiPF6,4.9577303274784965,4.9577303274784965
2966,LiBF4,LiBF4,True,0.0,LiPF6,4.9577303274784965,4.9577303274784965
2967,LiBF4,LiBF4,True,0.0,LiPF6,4.9577303274784965,4.9577303274784965
2968,LiBF4,LiBF4,True,0.0,LiPF6,4.9577303274784965,4.9577303274784965
2969,LiBF4,LiBF4,True,0.0,LiPF6,4.9577303274784965,4.9577303274784965
2970,LiBF4,LiBF4,True,0.0,LiPF6,4.9577303274784965,4.9577303274784965
2971,LiBF4,LiBF4,True,0.0,LiPF6,4.9577303274784965,4.9577303274784965
2972,LiBF4,LiBF4,True,0.0,LiPF6,4.9577303274784965,4.9577303274784965
2973,LiBF4,LiBF4,True,0.0,LiPF6,4.9577303274784965,4.9577303274784965
2974,LiBF4,LiBF4,True,0.0,LiPF6,4.9577303274784965,4.9577303274784965
2975,LiBF4,LiBF4,True,0.0,LiPF6,4.9577303274784965,4.9577303274784965
2976,LiBF4,LiBF4,True,0.0,LiPF6,4.9577303274784965,4.9577303274784965
2977,LiBF4,LiBF4,True,0.0,LiPF6,4.9577303274784965,4.9577303274784965
2978,LiBF4,LiBF4,True,0.0,LiPF6,4.9577303274784965,4.9577303274784965
2979,LiBF4,LiBF4,True,0.0,LiPF6,4.9577303274784965,4.9577303274784965
2980,LiBF4,LiBF4,True,0.0,LiPF6,4.9577303274784965,4.9577303274784965
2981,LiBF4,LiBF4,True,0.0,LiPF6,4.9577303274784965,4.9577303274784965
2982,LiBF4,LiBF4,True,0.0,LiPF6,4.9577303274784965,4.9577303274784965
2983,LiBF4,LiBF4,True,0.0,LiPF6,4.9577303274784965,4.9577303274784965
2984,LiBF4,LiBF4,True,0.0,LiPF6,4.9577303274784965,4.9577303274784965
2985,LiBF4,LiBF4,True,0.0,LiPF6,4.9577303274784965,4.9577303274784965
2986,LiBF4,LiBF4,True,0.0,LiPF6,4.9577303274784965,4.9577303274784965
2987,LiBF4,LiBF4,True,0.0,LiPF6,4.9577303274784965,4.9577303274784965
2988,LiBF4,LiBF4,True,0.0,LiPF6,4.9577303274784965,4.9577303274784965
2989,LiBF4,LiBF4,True,0.0,LiPF6,4.9577303274784965,4.9577303274784965
2990,LiBF4,LiBF4,True,0.0,LiPF6,4.9577303274784965,4.9577303274784965
2991,LiBF4,LiBF4,True,0.0,LiPF6,4.9577303274784965,4.9577303274784965
2992,LiBF4,LiBF4,True,0.0,LiPF6,4.9577303274784965,4.9577303274784965
2993,LiBF4,LiBF4,True,0.0,LiPF6,4.9577303274784965,4.9577303274784965
2994,LiBF4,LiBF4,True,0.0,LiPF6,4.9577303274784965,4.9577303274784965
2995,LiBF4,LiBF4,True,0.0,LiPF6,4.9577303274784965,4.9577303274784965
2996,LiBF4,LiBF4,True,0.0,LiPF6,4.9577303274784965,4.9577303274784965
2997,LiBF4,LiBF4,True,0.0,LiPF6,4.9577303274784965,4.9577303274784965
2998,LiBF4,LiBF4,True,0.0,LiPF6,4.9577303274784965,4.9577303274784965
2999,LiBF4,LiBF4,True,0.0,LiPF6,4.9577303274784965,4.9577303274784965
3000,LiBF4,LiBF4,True,0.0,LiPF6,4.9577303274784965,4.9577303274784965
3001,LiBF4,LiBF4,True,0.0,LiPF6,4.9577303274784965,4.9577303274784965
3002,LiBF4,LiBF4,True,0.0,LiPF6,4.9577303274784965,4.9577303274784965
3003,LiBF4,LiBF4,True,0.0,LiPF6,4.9577303274784965,4.9577303274784965
3004,LiBF4,LiBF4,True,0.0,LiPF6,4.9577303274784965,4.9577303274784965
3005,LiBF4,LiBF4,True,0.0,LiPF6,4.9577303274784965,4.9577303274784965
3006,LiBF4,LiBF4,True,0.0,LiPF6,4.9577303274784965,4.9577303274784965
3007,LiBF4,LiBF4,True,0.0,LiPF6,4.9577303274784965,4.9577303274784965
3008,LiBF4,LiBF4,True,0.0,LiPF6,4.9577303274784965,4.9577303274784965
3009,LiBF4,LiBF4,True,0.0,LiPF6,4.9577303274784965,4.9577303274784965
3010,LiBF4,LiBF4,True,0.0,LiPF6,4.9577303274784965,4.9577303274784965
3011,LiBF4,LiBF4,True,0.0,LiPF6,4.9577303274784965,4.9577303274784965
3012,LiBF4,LiBF4,True,0.0,LiPF6,4.9577303274784965,4.9577303274784965
3013,LiBF4,LiBF4,True,0.0,LiPF6,4.9577303274784965,4.9577303274784965
3014,LiBF4,LiBF4,True,0.0,LiPF6,4.9577303274784965,4.9577303274784965
3015,LiBF4,LiBF4,True,0.0,LiPF6,4.9577303274784965,4.9577303274784965
3016,LiBF4,LiBF4,True,0.0,LiPF6,4.9577303274784965,4.9577303274784965
3017,LiBF4,LiBF4,True,0.0,LiPF6,4.9577303274784965,4.9577303274784965
3018,LiBF4,LiBF4,True,0.0,LiPF6,4.9577303274784965,4.9577303274784965
3019,LiBF4,LiBF4,True,0.0,LiPF6,4.9577303274784965,4.9577303274784965
3020,LiBF4,LiBF4,True,0.0,LiPF6,4.9577303274784965,4.9577303274784965
3021,LiBF4,LiBF4,True,0.0,LiPF6,4.9577303274784965,4.9577303274784965
3022,LiBF4,LiBF4,True,0.0,LiPF6,4.9577303274784965,4.9577303274784965
3023,LiBF4,LiBF4,True,0.0,LiPF6,4.9577303274784965,4.9577303274784965
3024,LiBF4,LiBF4,True,0.0,LiPF6,4.9577303274784965,4.9577303274784965
3025,LiBF4,LiBF4,True,0.0,LiPF6,4.9577303274784965,4.9577303274784965
3026,LiBF4,LiBF4,True,0.0,LiPF6,4.9577303274784965,4.9577303274784965
3027,LiBF4,LiBF4,True,0.0,LiPF6,4.9577303274784965,4.9577303274784965
3028,LiBF4,LiBF4,True,0.0,LiPF6,4.9577303274784965,4.9577303274784965
3029,LiBF4,LiBF4,True,0.0,LiPF6,4.9577303274784965,4.9577303274784965
3030,LiBF4,LiBF4,True,0.0,LiPF6,4.9577303274784965,4.9577303274784965
3031,LiBF4,LiBF4,True,0.0,LiPF6,4.9577303274784965,4.9577303274784965
3032,LiBF4,LiBF4,True,0.0,LiPF6,4.9577303274784965,4.9577303274784965
3033,LiBF4,LiBF4,True,0.0,LiPF6,4.9577303274784965,4.9577303274784965
3034,LiBF4,LiBF4,True,0.0,LiPF6,4.9577303274784965,4.9577303274784965
3035,LiBF4,LiBF4,True,0.0,LiPF6,4.9577303274784965,4.9577303274784965
3036,LiBF4,LiBF4,True,0.0,LiPF6,4.9577303274784965,4.9577303274784965
3037,LiBF4,LiBF4,True,0.0,LiPF6,4.9577303274784965,4.9577303274784965
3038,LiBF4,LiBF4,True,0.0,LiPF6,4.9577303274784965,4.9577303274784965
3039,LiBF4,LiBF4,True,0.0,LiPF6,4.9577303274784965,4.9577303274784965
3040,LiBF4,LiBF4,True,0.0,LiPF6,4.9577303274784965,4.9577303274784965
3041,LiBF4,LiBF4,True,0.0,LiPF6,4.9577303274784965,4.9577303274784965
3042,LiBF4,LiBF4,True,0.0,LiPF6,4.9577303274784965,4.9577303274784965
3043,LiBF4,LiBF4,True,0.0,LiPF6,4.9577303274784965,4.9577303274784965
3044,LiBF4,LiBF4,True,0.0,LiPF6,4.9577303274784965,4.9577303274784965
3045,LiBF4,LiBF4,True,0.0,LiPF6,4.9577303274784965,4.9577303274784965
3046,LiBF4,LiBF4,True,0.0,LiPF6,4.9577303274784965,4.9577303274784965
3047,LiBF4,LiBF4,True,0.0,LiPF6,4.9577303274784965,4.9577303274784965
3048,LiBF4,LiBF4,True,0.0,LiPF6,4.9577303274784965,4.9577303274784965
3049,LiBF4,LiBF4,True,0.0,LiPF6,4.9577303274784965,4.9577303274784965
3050,LiBF4,LiBF4,True,0.0,LiPF6,4.9577303274784965,4.9577303274784965
3051,LiBF4,LiBF4,True,0.0,LiPF6,4.9577303274784965,4.9577303274784965
3052,LiBF4,LiBF4,True,0.0,LiPF6,4.9577303274784965,4.9577303274784965
3053,LiBF4,LiBF4,True,0.0,LiPF6,4.9577303274784965,4.9577303274784965
3054,LiBF4,LiBF4,True,0.0,LiPF6,4.9577303274784965,4.9577303274784965
3055,LiBF4,LiBF4,True,0.0,LiPF6,4.9577303274784965,4.9577303274784965
3056,LiBF4,LiBF4,True,0.0,LiPF6,4.9577303274784965,4.9577303274784965
3057,LiBF4,LiBF4,True,0.0,LiPF6,4.9577303274784965,4.9577303274784965
3058,LiBF4,LiBF4,True,0.0,LiPF6,4.9577303274784965,4.9577303274784965
3059,LiBF4,LiBF4,True,0.0,LiPF6,4.9577303274784965,4.9577303274784965
3060,LiBF4,LiBF4,True,0.0,LiPF6,4.9577303274784965,4.9577303274784965
3061,LiBF4,LiBF4,True,0.0,LiPF6,4.9577303274784965,4.9577303274784965
3062,LiBF4,LiBF4,True,0.0,LiPF6,4.9577303274784965,4.9577303274784965
3063,LiBF4,LiBF4,True,0.0,LiPF6,4.9577303274784965,4.9577303274784965
3064,LiBF4,LiBF4,True,0.0,LiPF6,4.9577303274784965,4.9577303274784965
3065,LiBF4,LiBF4,True,0.0,LiPF6,4.9577303274784965,4.9577303274784965
3066,LiBF4,LiBF4,True,0.0,LiPF6,4.9577303274784965,4.9577303274784965
3067,LiBF4,LiBF4,True,0.0,LiPF6,4.9577303274784965,4.9577303274784965
3068,LiBF4,LiBF4,True,0.0,LiPF6,4.9577303274784965,4.9577303274784965
3069,LiBF4,LiBF4,True,0.0,LiPF6,4.9577303274784965,4.9577303274784965
3070,LiBF4,LiBF4,True,0.0,LiPF6,4.9577303274784965,4.9577303274784965
3071,LiBF4,LiBF4,True,0.0,LiPF6,4.9577303274784965,4.9577303274784965
3072,LiBF4,LiBF4,True,0.0,LiPF6,4.9577303274784965,4.9577303274784965
3073,LiBF4,LiBF4,True,0.0,LiPF6,4.9577303274784965,4.9577303274784965
3074,LiBF4,LiBF4,True,0.0,LiPF6,4.9577303274784965,4.9577303274784965
3075,LiBF4,LiBF4,True,0.0,LiPF6,4.9577303274784965,4.9577303274784965
3076,LiBF4,LiBF4,True,0.0,LiPF6,4.9577303274784965,4.9577303274784965
3077,LiBF4,LiBF4,True,0.0,LiPF6,4.9577303274784965,4.9577303274784965
3078,LiBF4,LiBF4,True,0.0,LiPF6,4.9577303274784965,4.9577303274784965
3079,LiBF4,LiBF4,True,0.0,LiPF6,4.9577303274784965,4.9577303274784965
3080,LiBF4,LiBF4,True,0.0,LiPF6,4.9577303274784965,4.9577303274784965
3081,LiBF4,LiBF4,True,0.0,LiPF6,4.9577303274784965,4.9577303274784965
3082,LiBF4,LiBF4,True,0.0,LiPF6,4.9577303274784965,4.9577303274784965
3083,LiBF4,LiBF4,True,0.0,LiPF6,4.9577303274784965,4.9577303274784965
3084,LiBF4,LiBF4,True,0.0,LiPF6,4.9577303274784965,4.9577303274784965
3085,LiBF4,LiBF4,True,0.0,LiPF6,4.9577303274784965,4.9577303274784965
3086,LiBF4,LiBF4,True,0.0,LiPF6,4.9577303274784965,4.9577303274784965
3087,LiBF4,LiBF4,True,0.0,LiPF6,4.9577303274784965,4.9577303274784965
3088,LiBF4,LiBF4,True,0.0,LiPF6,4.9577303274784965,4.9577303274784965
3089,LiBF4,LiBF4,True,0.0,LiPF6,4.9577303274784965,4.9577303274784965
3090,LiBF4,LiBF4,True,0.0,LiPF6,4.9577303274784965,4.9577303274784965
3091,LiBF4,LiBF4,True,0.0,LiPF6,4.9577303274784965,4.9577303274784965
3092,LiBF4,LiBF4,True,0.0,LiPF6,4.9577303274784965,4.9577303274784965
3093,LiBF4,LiBF4,True,0.0,LiPF6,4.9577303274784965,4.9577303274784965
3094,LiBF4,LiBF4,True,0.0,LiPF6,4.9577303274784965,4.9577303274784965
3095,LiBF4,LiBF4,True,0.0,LiPF6,4.9577303274784965,4.9577303274784965
3096,LiBF4,LiBF4,True,0.0,LiPF6,4.9577303274784965,4.9577303274784965
3097,LiBF4,LiBF4,True,0.0,LiPF6,4.9577303274784965,4.9577303274784965
3098,LiBF4,LiBF4,True,0.0,LiPF6,4.9577303274784965,4.9577303274784965
3099,LiBF4,LiBF4,True,0.0,LiPF6,4.9577303274784965,4.9577303274784965
3100,LiBF4,LiBF4,True,0.0,LiPF6,4.9577303274784965,4.9577303274784965
3101,LiBF4,LiBF4,True,0.0,LiPF6,4.9577303274784965,4.9577303274784965
3102,LiBF4,LiBF4,True,0.0,LiPF6,4.9577303274784965,4.9577303274784965
3103,LiBF4,LiBF4,True,0.0,LiPF6,4.9577303274784965,4.9577303274784965
3104,LiBF4,LiBF4,True,0.0,LiPF6,4.9577303274784965,4.9577303274784965
3105,LiBF4,LiBF4,True,0.0,LiPF6,4.9577303274784965,4.9577303274784965
3106,LiBF4,LiBF4,True,0.0,LiPF6,4.9577303274784965,4.9577303274784965
3107,LiBF4,LiBF4,True,0.0,LiPF6,4.9577303274784965,4.9577303274784965
3108,LiBF4,LiBF4,True,0.0,LiPF6,4.9577303274784965,4.9577303274784965
3109,LiBF4,LiBF4,True,0.0,LiPF6,4.9577303274784965,4.9577303274784965
3110,LiBF4,LiBF4,True,0.0,LiPF6,4.9577303274784965,4.9577303274784965
3111,LiBF4,LiBF4,True,0.0,LiPF6,4.9577303274784965,4.9577303274784965
3112,LiBF4,LiBF4,True,0.0,LiPF6,4.9577303274784965,4.9577303274784965
3113,LiBF4,LiBF4,True,0.0,LiPF6,4.9577303274784965,4.9577303274784965
3114,LiBF4,LiBF4,True,0.0,LiPF6,4.9577303274784965,4.9577303274784965
3115,LiBF4,LiBF4,True,0.0,LiPF6,4.9577303274784965,4.9577303274784965
3116,LiBF4,LiBF4,True,0.0,LiPF6,4.9577303274784965,4.9577303274784965
3117,LiBF4,LiBF4,True,0.0,LiPF6,4.9577303274784965,4.9577303274784965
3118,LiBF4,LiBF4,True,0.0,LiPF6,4.9577303274784965,4.9577303274784965
3119,LiBF4,LiBF4,True,0.0,LiPF6,4.9577303274784965,4.9577303274784965
3120,LiBF4,LiBF4,True,0.0,LiPF6,4.9577303274784965,4.9577303274784965
3121,LiBF4,LiBF4,True,0.0,LiPF6,4.9577303274784965,4.9577303274784965
3122,LiBF4,LiBF4,True,0.0,LiPF6,4.9577303274784965,4.9577303274784965
3123,LiBF4,LiBF4,True,0.0,LiPF6,4.9577303274784965,4.9577303274784965
3124,LiBF4,LiBF4,True,0.0,LiPF6,4.9577303274784965,4.9577303274784965
3125,LiBF4,LiBF4,True,0.0,LiPF6,4.9577303274784965,4.9577303274784965
3126,LiBF4,LiBF4,True,0.0,LiPF6,4.9577303274784965,4.9577303274784965
3127,LiBF4,LiBF4,True,0.0,LiPF6,4.9577303274784965,4.9577303274784965
3128,LiBF4,LiBF4,True,0.0,LiPF6,4.9577303274784965,4.9577303274784965
3129,LiBF4,LiBF4,True,0.0,LiPF6,4.9577303274784965,4.9577303274784965
3130,LiBF4,LiBF4,True,0.0,LiPF6,4.9577303274784965,4.9577303274784965
3131,LiBF4,LiBF4,True,0.0,LiPF6,4.9577303274784965,4.9577303274784965
3132,LiBF4,LiBF4,True,0.0,LiPF6,4.9577303274784965,4.9577303274784965
3133,LiBF4,LiBF4,True,0.0,LiPF6,4.9577303274784965,4.9577303274784965
3134,LiBF4,LiBF4,True,0.0,LiPF6,4.9577303274784965,4.9577303274784965
3135,LiBF4,LiBF4,True,0.0,LiPF6,4.9577303274784965,4.9577303274784965
3136,LiBF4,LiBF4,True,0.0,LiPF6,4.9577303274784965,4.9577303274784965
3137,LiBF4,LiBF4,True,0.0,LiPF6,4.9577303274784965,4.9577303274784965
3138,LiBF4,LiBF4,True,0.0,LiPF6,4.9577303274784965,4.9577303274784965
3139,LiBF4,LiBF4,True,0.0,LiPF6,4.9577303274784965,4.9577303274784965
3140,LiBF4,LiBF4,True,0.0,LiPF6,4.9577303274784965,4.9577303274784965
3141,LiBF4,LiBF4,True,0.0,LiPF6,4.9577303274784965,4.9577303274784965
3142,LiBF4,LiBF4,True,0.0,LiPF6,4.9577303274784965,4.9577303274784965
3143,LiBF4,LiBF4,True,0.0,LiPF6,4.9577303274784965,4.9577303274784965
3144,LiBF4,LiBF4,True,0.0,LiPF6,4.9577303274784965,4.9577303274784965
3145,LiBF4,LiBF4,True,0.0,LiPF6,4.9577303274784965,4.9577303274784965
3146,LiBF4,LiBF4,True,0.0,LiPF6,4.9577303274784965,4.9577303274784965
3147,LiBF4,LiBF4,True,0.0,LiPF6,4.9577303274784965,4.9577303274784965
3148,LiBF4,LiBF4,True,0.0,LiPF6,4.9577303274784965,4.9577303274784965
3149,LiBF4,LiBF4,True,0.0,LiPF6,4.9577303274784965,4.9577303274784965
3150,LiBF4,LiBF4,True,0.0,LiPF6,4.9577303274784965,4.9577303274784965
3151,LiBF4,LiBF4,True,0.0,LiPF6,4.9577303274784965,4.9577303274784965
3152,LiBF4,LiBF4,True,0.0,LiPF6,4.9577303274784965,4.9577303274784965
3153,LiBF4,LiBF4,True,0.0,LiPF6,4.9577303274784965,4.9577303274784965
3154,LiBF4,LiBF4,True,0.0,LiPF6,4.9577303274784965,4.9577303274784965
3155,LiBF4,LiBF4,True,0.0,LiPF6,4.9577303274784965,4.9577303274784965
3156,LiBF4,LiBF4,True,0.0,LiPF6,4.9577303274784965,4.9577303274784965
3157,LiBF4,LiBF4,True,0.0,LiPF6,4.9577303274784965,4.9577303274784965
3158,LiBF4,LiBF4,True,0.0,LiPF6,4.9577303274784965,4.9577303274784965
3159,LiBF4,LiBF4,True,0.0,LiPF6,4.9577303274784965,4.9577303274784965
3160,LiBF4,LiBF4,True,0.0,LiPF6,4.9577303274784965,4.9577303274784965
3161,LiBF4,LiBF4,True,0.0,LiPF6,4.9577303274784965,4.9577303274784965
3162,LiBF4,LiBF4,True,0.0,LiPF6,4.9577303274784965,4.9577303274784965
3163,LiBF4,LiBF4,True,0.0,LiPF6,4.9577303274784965,4.9577303274784965
3164,LiBF4,LiBF4,True,0.0,LiPF6,4.9577303274784965,4.9577303274784965
3165,LiBF4,LiBF4,True,0.0,LiPF6,4.9577303274784965,4.9577303274784965
3166,LiBF4,LiBF4,True,0.0,LiPF6,4.9577303274784965,4.9577303274784965
3167,LiBF4,LiBF4,True,0.0,LiPF6,4.9577303274784965,4.9577303274784965
3168,LiBF4,LiBF4,True,0.0,LiPF6,4.9577303274784965,4.9577303274784965
3169,LiBF4,LiBF4,True,0.0,LiPF6,4.9577303274784965,4.9577303274784965
3170,LiBF4,LiBF4,True,0.0,LiPF6,4.9577303274784965,4.9577303274784965
3171,LiBF4,LiBF4,True,0.0,LiPF6,4.9577303274784965,4.9577303274784965
3172,LiBF4,LiBF4,True,0.0,LiPF6,4.9577303274784965,4.9577303274784965
3173,LiBF4,LiBF4,True,0.0,LiPF6,4.9577303274784965,4.9577303274784965
3174,LiBF4,LiBF4,True,0.0,LiPF6,4.9577303274784965,4.9577303274784965
3175,LiBF4,LiBF4,True,0.0,LiPF6,4.9577303274784965,4.9577303274784965
3176,LiBF4,LiBF4,True,0.0,LiPF6,4.9577303274784965,4.9577303274784965
3177,LiBF4,LiBF4,True,0.0,LiPF6,4.9577303274784965,4.9577303274784965
3178,LiBF4,LiBF4,True,0.0,LiPF6,4.9577303274784965,4.9577303274784965
3179,LiBF4,LiBF4,True,0.0,LiPF6,4.9577303274784965,4.9577303274784965
3180,LiBF4,LiBF4,True,0.0,LiPF6,4.9577303274784965,4.9577303274784965
3181,LiBF4,LiBF4,True,0.0,LiPF6,4.9577303274784965,4.9577303274784965
3182,LiBF4,LiBF4,True,0.0,LiPF6,4.9577303274784965,4.9577303274784965
3183,LiBF4,LiBF4,True,0.0,LiPF6,4.9577303274784965,4.9577303274784965
3184,LiBF4,LiBF4,True,0.0,LiPF6,4.9577303274784965,4.9577303274784965
3185,LiBF4,LiBF4,True,0.0,LiPF6,4.9577303274784965,4.9577303274784965
3186,LiBF4,LiBF4,True,0.0,LiPF6,4.9577303274784965,4.9577303274784965
3187,LiBF4,LiBF4,True,0.0,LiPF6,4.9577303274784965,4.9577303274784965
3188,LiBF4,LiBF4,True,0.0,LiPF6,4.9577303274784965,4.9577303274784965
3189,LiBF4,LiBF4,True,0.0,LiPF6,4.9577303274784965,4.9577303274784965
3190,LiBF4,LiBF4,True,0.0,LiPF6,4.9577303274784965,4.9577303274784965
3191,LiBF4,LiBF4,True,0.0,LiPF6,4.9577303274784965,4.9577303274784965
3192,LiBF4,LiBF4,True,0.0,LiPF6,4.9577303274784965,4.9577303274784965
3193,LiBF4,LiBF4,True,0.0,LiPF6,4.9577303274784965,4.9577303274784965
3194,LiBF4,LiBF4,True,0.0,LiPF6,4.9577303274784965,4.9577303274784965
3195,LiBF4,LiBF4,True,0.0,LiPF6,4.9577303274784965,4.9577303274784965
3196,LiBF4,LiBF4,True,0.0,LiPF6,4.9577303274784965,4.9577303274784965
3197,LiBF4,LiBF4,True,0.0,LiPF6,4.9577303274784965,4.9577303274784965
3198,LiBF4,LiBF4,True,0.0,LiPF6,4.9577303274784965,4.9577303274784965
3199,LiBF4,LiBF4,True,0.0,LiPF6,4.9577303274784965,4.9577303274784965
3200,LiBF4,LiBF4,True,0.0,LiPF6,4.9577303274784965,4.9577303274784965
3201,LiBF4,LiBF4,True,0.0,LiPF6,4.9577303274784965,4.9577303274784965
3202,LiBF4,LiBF4,True,0.0,LiPF6,4.9577303274784965,4.9577303274784965
3203,LiBF4,LiBF4,True,0.0,LiPF6,4.9577303274784965,4.9577303274784965
3204,LiBF4,LiBF4,True,0.0,LiPF6,4.9577303274784965,4.9577303274784965
3205,LiBF4,LiBF4,True,0.0,LiPF6,4.9577303274784965,4.9577303274784965
3206,LiBF4,LiBF4,True,0.0,LiPF6,4.9577303274784965,4.9577303274784965
3207,LiBF4,LiBF4,True,0.0,LiPF6,4.9577303274784965,4.9577303274784965
3208,LiBF4,LiBF4,True,0.0,LiPF6,4.9577303274784965,4.9577303274784965
3209,LiBF4,LiBF4,True,0.0,LiPF6,4.9577303274784965,4.9577303274784965
3210,LiBF4,LiBF4,True,0.0,LiPF6,4.9577303274784965,4.9577303274784965
3211,LiBF4,LiBF4,True,0.0,LiPF6,4.9577303274784965,4.9577303274784965
3212,LiBF4,LiBF4,True,0.0,LiPF6,4.9577303274784965,4.9577303274784965
3213,LiBF4,LiBF4,True,0.0,LiPF6,4.9577303274784965,4.9577303274784965
3214,LiBF4,LiBF4,True,0.0,LiPF6,4.9577303274784965,4.9577303274784965
3215,LiBF4,LiBF4,True,0.0,LiPF6,4.9577303274784965,4.9577303274784965
3216,LiBF4,LiBF4,True,0.0,LiPF6,4.9577303274784965,4.9577303274784965
3217,LiBF4,LiBF4,True,0.0,LiPF6,4.9577303274784965,4.9577303274784965
3218,LiBF4,LiBF4,True,0.0,LiPF6,4.9577303274784965,4.9577303274784965
3219,LiBF4,LiBF4,True,0.0,LiPF6,4.9577303274784965,4.9577303274784965
3220,LiBF4,LiBF4,True,0.0,LiPF6,4.9577303274784965,4.9577303274784965
3221,LiBF4,LiBF4,True,0.0,LiPF6,4.9577303274784965,4.9577303274784965
3222,LiBF4,LiBF4,True,0.0,LiPF6,4.9577303274784965,4.9577303274784965
3223,LiBF4,LiBF4,True,0.0,LiPF6,4.9577303274784965,4.9577303274784965
3224,LiBF4,LiBF4,True,0.0,LiPF6,4.9577303274784965,4.9577303274784965
3225,LiBF4,LiBF4,True,0.0,LiPF6,4.9577303274784965,4.9577303274784965
3226,LiBF4,LiBF4,True,0.0,LiPF6,4.9577303274784965,4.9577303274784965
3227,LiBF4,LiBF4,True,0.0,LiPF6,4.9577303274784965,4.9577303274784965
3228,LiBF4,LiBF4,True,0.0,LiPF6,4.9577303274784965,4.9577303274784965
3229,LiBF4,LiBF4,True,0.0,LiPF6,4.9577303274784965,4.9577303274784965
3230,LiBF4,LiBF4,True,0.0,LiPF6,4.9577303274784965,4.9577303274784965
3231,LiBF4,LiBF4,True,0.0,LiPF6,4.9577303274784965,4.9577303274784965
3232,LiBF4,LiBF4,True,0.0,LiPF6,4.9577303274784965,4.9577303274784965
3233,LiBF4,LiBF4,True,0.0,LiPF6,4.9577303274784965,4.9577303274784965
3234,LiBF4,LiBF4,True,0.0,LiPF6,4.9577303274784965,4.9577303274784965
3235,LiBF4,LiBF4,True,0.0,LiPF6,4.9577303274784965,4.9577303274784965
3236,LiBF4,LiBF4,True,0.0,LiPF6,4.9577303274784965,4.9577303274784965
3237,LiBF4,LiBF4,True,0.0,LiPF6,4.9577303274784965,4.9577303274784965
3238,LiBF4,LiBF4,True,0.0,LiPF6,4.9577303274784965,4.9577303274784965
3239,LiBF4,LiBF4,True,0.0,LiPF6,4.9577303274784965,4.9577303274784965
3240,LiBF4,LiBF4,True,0.0,LiPF6,4.9577303274784965,4.9577303274784965
3241,LiBF4,LiBF4,True,0.0,LiPF6,4.9577303274784965,4.9577303274784965
3242,LiBF4,LiBF4,True,0.0,LiPF6,4.9577303274784965,4.9577303274784965
3243,LiBF4,LiBF4,True,0.0,LiPF6,4.9577303274784965,4.9577303274784965
3244,LiBF4,LiBF4,True,0.0,LiPF6,4.9577303274784965,4.9577303274784965
3245,LiBF4,LiBF4,True,0.0,LiPF6,4.9577303274784965,4.9577303274784965
3246,LiBF4,LiBF4,True,0.0,LiPF6,4.9577303274784965,4.9577303274784965
3247,LiBF4,LiBF4,True,0.0,LiPF6,4.9577303274784965,4.9577303274784965
3248,LiBF4,LiBF4,True,0.0,LiPF6,4.9577303274784965,4.9577303274784965
3249,LiBF4,LiBF4,True,0.0,LiPF6,4.9577303274784965,4.9577303274784965
3250,LiBF4,LiBF4,True,0.0,LiPF6,4.9577303274784965,4.9577303274784965
3251,LiBF4,LiBF4,True,0.0,LiPF6,4.9577303274784965,4.9577303274784965
3252,LiBF4,LiBF4,True,0.0,LiPF6,4.9577303274784965,4.9577303274784965
3253,LiBF4,LiBF4,True,0.0,LiPF6,4.9577303274784965,4.9577303274784965
3254,LiBF4,LiBF4,True,0.0,LiPF6,4.9577303274784965,4.9577303274784965
3255,LiBF4,LiBF4,True,0.0,LiPF6,4.9577303274784965,4.9577303274784965
3256,LiBF4,LiBF4,True,0.0,LiPF6,4.9577303274784965,4.9577303274784965
3257,LiBF4,LiBF4,True,0.0,LiPF6,4.9577303274784965,4.9577303274784965
3258,LiBF4,LiBF4,True,0.0,LiPF6,4.9577303274784965,4.9577303274784965
3259,LiBF4,LiBF4,True,0.0,LiPF6,4.9577303274784965,4.9577303274784965
3260,LiBF4,LiBF4,True,0.0,LiPF6,4.9577303274784965,4.9577303274784965
3261,LiBF4,LiBF4,True,0.0,LiPF6,4.9577303274784965,4.9577303274784965
3262,LiBF4,LiBF4,True,0.0,LiPF6,4.9577303274784965,4.9577303274784965
3263,LiBF4,LiBF4,True,0.0,LiPF6,4.9577303274784965,4.9577303274784965
3264,LiBF4,LiBF4,True,0.0,LiPF6,4.9577303274784965,4.9577303274784965
3265,LiBF4,LiBF4,True,0.0,LiPF6,4.9577303274784965,4.9577303274784965
3266,LiBF4,LiBF4,True,0.0,LiPF6,4.9577303274784965,4.9577303274784965
3267,LiBF4,LiBF4,True,0.0,LiPF6,4.9577303274784965,4.9577303274784965
3268,LiBF4,LiBF4,True,0.0,LiPF6,4.9577303274784965,4.9577303274784965
3269,LiBF4,LiBF4,True,0.0,LiPF6,4.9577303274784965,4.9577303274784965
3270,LiBF4,LiBF4,True,0.0,LiPF6,4.9577303274784965,4.9577303274784965
3271,LiBF4,LiBF4,True,0.0,LiPF6,4.9577303274784965,4.9577303274784965
3272,LiBF4,LiBF4,True,0.0,LiPF6,4.9577303274784965,4.9577303274784965
3273,LiBF4,LiBF4,True,0.0,LiPF6,4.9577303274784965,4.9577303274784965
3274,LiBF4,LiBF4,True,0.0,LiPF6,4.9577303274784965,4.9577303274784965
3275,LiBF4,LiBF4,True,0.0,LiPF6,4.9577303274784965,4.9577303274784965
3276,LiBF4,LiBF4,True,0.0,LiPF6,4.9577303274784965,4.9577303274784965
3277,LiBF4,LiBF4,True,0.0,LiPF6,4.9577303274784965,4.9577303274784965
3278,LiBF4,LiBF4,True,0.0,LiPF6,4.9577303274784965,4.9577303274784965
3279,LiBF4,LiBF4,True,0.0,LiPF6,4.9577303274784965,4.9577303274784965
3280,LiBF4,LiBF4,True,0.0,LiPF6,4.9577303274784965,4.9577303274784965
3281,LiBF4,LiBF4,True,0.0,LiPF6,4.9577303274784965,4.9577303274784965
3282,LiBF4,LiBF4,True,0.0,LiPF6,4.9577303274784965,4.9577303274784965
3283,LiBF4,LiBF4,True,0.0,LiPF6,4.9577303274784965,4.9577303274784965
3284,LiBF4,LiBF4,True,0.0,LiPF6,4.9577303274784965,4.9577303274784965
3285,LiBF4,LiBF4,True,0.0,LiPF6,4.9577303274784965,4.9577303274784965
3286,LiBF4,LiBF4,True,0.0,LiPF6,4.9577303274784965,4.9577303274784965
3287,LiBF4,LiBF4,True,0.0,LiPF6,4.9577303274784965,4.9577303274784965
3288,LiBF4,LiBF4,True,0.0,LiPF6,4.9577303274784965,4.9577303274784965
3289,LiBF4,LiBF4,True,0.0,LiPF6,4.9577303274784965,4.9577303274784965
3290,LiBF4,LiBF4,True,0.0,LiPF6,4.9577303274784965,4.9577303274784965
3291,LiBF4,LiBF4,True,0.0,LiPF6,4.9577303274784965,4.9577303274784965
3292,LiBF4,LiBF4,True,0.0,LiPF6,4.9577303274784965,4.9577303274784965
3293,LiBF4,LiBF4,True,0.0,LiPF6,4.9577303274784965,4.9577303274784965
3294,LiBF4,LiBF4,True,0.0,LiPF6,4.9577303274784965,4.9577303274784965
3295,LiBF4,LiBF4,True,0.0,LiPF6,4.9577303274784965,4.9577303274784965
3296,LiBF4,LiBF4,True,0.0,LiPF6,4.9577303274784965,4.9577303274784965
3297,LiBF4,LiBF4,True,0.0,LiPF6,4.9577303274784965,4.9577303274784965
3298,LiBF4,LiBF4,True,0.0,LiPF6,4.9577303274784965,4.9577303274784965
3299,LiBF4,LiBF4,True,0.0,LiPF6,4.9577303274784965,4.9577303274784965
3300,LiBF4,LiBF4,True,0.0,LiPF6,4.9577303274784965,4.9577303274784965
3301,LiBF4,LiBF4,True,0.0,LiPF6,4.9577303274784965,4.9577303274784965
3302,LiBF4,LiBF4,True,0.0,LiPF6,4.9577303274784965,4.9577303274784965
3303,LiBF4,LiBF4,True,0.0,LiPF6,4.9577303274784965,4.9577303274784965
3304,LiBF4,LiBF4,True,0.0,LiPF6,4.9577303274784965,4.9577303274784965
3305,LiBF4,LiBF4,True,0.0,LiPF6,4.9577303274784965,4.9577303274784965
3306,LiBF4,LiBF4,True,0.0,LiPF6,4.9577303274784965,4.9577303274784965
3307,LiBF4,LiBF4,True,0.0,LiPF6,4.9577303274784965,4.9577303274784965
3308,LiBF4,LiBF4,True,0.0,LiPF6,4.9577303274784965,4.9577303274784965
3309,LiBF4,LiBF4,True,0.0,LiPF6,4.9577303274784965,4.9577303274784965
3310,LiBF4,LiBF4,True,0.0,LiPF6,4.9577303274784965,4.9577303274784965
3311,LiBF4,LiBF4,True,0.0,LiPF6,4.9577303274784965,4.9577303274784965
3312,LiBF4,LiBF4,True,0.0,LiPF6,4.9577303274784965,4.9577303274784965
3313,LiBF4,LiBF4,True,0.0,LiPF6,4.9577303274784965,4.9577303274784965
3314,LiBF4,LiBF4,True,0.0,LiPF6,4.9577303274784965,4.9577303274784965
3315,LiBF4,LiBF4,True,0.0,LiPF6,4.9577303274784965,4.9577303274784965
3316,LiBF4,LiBF4,True,0.0,LiPF6,4.9577303274784965,4.9577303274784965
3317,LiBF4,LiBF4,True,0.0,LiPF6,4.9577303274784965,4.9577303274784965
3318,LiBF4,LiBF4,True,0.0,LiPF6,4.9577303274784965,4.9577303274784965
3319,LiBF4,LiBF4,True,0.0,LiPF6,4.9577303274784965,4.9577303274784965
3320,LiBF4,LiBF4,True,0.0,LiPF6,4.9577303274784965,4.9577303274784965
3321,LiBF4,LiBF4,True,0.0,LiPF6,4.9577303274784965,4.9577303274784965
3322,LiBF4,LiBF4,True,0.0,LiPF6,4.9577303274784965,4.9577303274784965
3323,LiBF4,LiBF4,True,0.0,LiPF6,4.9577303274784965,4.9577303274784965
3324,LiBF4,LiBF4,True,0.0,LiPF6,4.9577303274784965,4.9577303274784965
3325,LiBF4,LiBF4,True,0.0,LiPF6,4.9577303274784965,4.9577303274784965
3326,LiBF4,LiBF4,True,0.0,LiPF6,4.9577303274784965,4.9577303274784965
3327,LiBF4,LiBF4,True,0.0,LiPF6,4.9577303274784965,4.9577303274784965
3328,LiBF4,LiBF4,True,0.0,LiPF6,4.9577303274784965,4.9577303274784965
3329,LiBF4,LiBF4,True,0.0,LiPF6,4.9577303274784965,4.9577303274784965
3330,LiBF4,LiBF4,True,0.0,LiPF6,4.9577303274784965,4.9577303274784965
3331,LiBF4,LiBF4,True,0.0,LiPF6,4.9577303274784965,4.9577303274784965
3332,LiBF4,LiBF4,True,0.0,LiPF6,4.9577303274784965,4.9577303274784965
3333,LiBF4,LiBF4,True,0.0,LiPF6,4.9577303274784965,4.9577303274784965
3334,LiBF4,LiBF4,True,0.0,LiPF6,4.9577303274784965,4.9577303274784965
3335,LiBF4,LiBF4,True,0.0,LiPF6,4.9577303274784965,4.9577303274784965
3336,LiBF4,LiBF4,True,0.0,LiPF6,4.9577303274784965,4.9577303274784965
3337,LiBF4,LiBF4,True,0.0,LiPF6,4.9577303274784965,4.9577303274784965
3338,LiBF4,LiBF4,True,0.0,LiPF6,4.9577303274784965,4.9577303274784965
3339,LiBF4,LiBF4,True,0.0,LiPF6,4.9577303274784965,4.9577303274784965
3340,LiBF4,LiBF4,True,0.0,LiPF6,4.9577303274784965,4.9577303274784965
3341,LiBF4,LiBF4,True,0.0,LiPF6,4.9577303274784965,4.9577303274784965
3342,LiBF4,LiBF4,True,0.0,LiPF6,4.9577303274784965,4.9577303274784965
3343,LiBF4,LiBF4,True,0.0,LiPF6,4.9577303274784965,4.9577303274784965
3344,LiBF4,LiBF4,True,0.0,LiPF6,4.9577303274784965,4.9577303274784965
3345,LiBF4,LiBF4,True,0.0,LiPF6,4.9577303274784965,4.9577303274784965
3346,LiBF4,LiBF4,True,0.0,LiPF6,4.9577303274784965,4.9577303274784965
3347,LiBF4,LiBF4,True,0.0,LiPF6,4.9577303274784965,4.9577303274784965
3348,LiBF4,LiBF4,True,0.0,LiPF6,4.9577303274784965,4.9577303274784965
3349,LiBF4,LiBF4,True,0.0,LiPF6,4.9577303274784965,4.9577303274784965
3350,LiBF4,LiBF4,True,0.0,LiPF6,4.9577303274784965,4.9577303274784965
3351,LiBF4,LiBF4,True,0.0,LiPF6,4.9577303274784965,4.9577303274784965
3352,LiBF4,LiBF4,True,0.0,LiPF6,4.9577303274784965,4.9577303274784965
3353,LiBF4,LiBF4,True,0.0,LiPF6,4.9577303274784965,4.9577303274784965
3354,LiBF4,LiBF4,True,0.0,LiPF6,4.9577303274784965,4.9577303274784965
3355,LiBF4,LiBF4,True,0.0,LiPF6,4.9577303274784965,4.9577303274784965
3356,LiBF4,LiBF4,True,0.0,LiPF6,4.9577303274784965,4.9577303274784965
3357,LiBF4,LiBF4,True,0.0,LiPF6,4.9577303274784965,4.9577303274784965
3358,LiBF4,LiBF4,True,0.0,LiPF6,4.9577303274784965,4.9577303274784965
3359,LiBF4,LiBF4,True,0.0,LiPF6,4.9577303274784965,4.9577303274784965
3360,LiBF4,LiBF4,True,0.0,LiPF6,4.9577303274784965,4.9577303274784965
3361,LiBF4,LiBF4,True,0.0,LiPF6,4.9577303274784965,4.9577303274784965
3362,LiBF4,LiBF4,True,0.0,LiPF6,4.9577303274784965,4.9577303274784965
3363,LiBF4,LiBF4,True,0.0,LiPF6,4.9577303274784965,4.9577303274784965
3364,LiBF4,LiBF4,True,0.0,LiPF6,4.9577303274784965,4.9577303274784965
3365,LiBF4,LiBF4,True,0.0,LiPF6,4.9577303274784965,4.9577303274784965
3366,LiBF4,LiBF4,True,0.0,LiPF6,4.9577303274784965,4.9577303274784965
3367,LiBF4,LiBF4,True,0.0,LiPF6,4.9577303274784965,4.9577303274784965
3368,LiBF4,LiBF4,True,0.0,LiPF6,4.9577303274784965,4.9577303274784965
3369,LiBF4,LiBF4,True,0.0,LiPF6,4.9577303274784965,4.9577303274784965
3370,LiBF4,LiBF4,True,0.0,LiPF6,4.9577303274784965,4.9577303274784965
3371,LiBF4,LiBF4,True,0.0,LiPF6,4.9577303274784965,4.9577303274784965
3372,LiBF4,LiBF4,True,0.0,LiPF6,4.9577303274784965,4.9577303274784965
3373,LiBF4,LiBF4,True,0.0,LiPF6,4.9577303274784965,4.9577303274784965
3374,LiBF4,LiBF4,True,0.0,LiPF6,4.9577303274784965,4.9577303274784965
3375,LiBF4,LiBF4,True,0.0,LiPF6,4.9577303274784965,4.9577303274784965
3376,LiBF4,LiBF4,True,0.0,LiPF6,4.9577303274784965,4.9577303274784965
3377,LiBF4,LiBF4,True,0.0,LiPF6,4.9577303274784965,4.9577303274784965
3378,LiBF4,LiBF4,True,0.0,LiPF6,4.9577303274784965,4.9577303274784965
3379,LiBF4,LiBF4,True,0.0,LiPF6,4.9577303274784965,4.9577303274784965
3380,LiBF4,LiBF4,True,0.0,LiPF6,4.9577303274784965,4.9577303274784965
3381,LiBF4,LiBF4,True,0.0,LiPF6,4.9577303274784965,4.9577303274784965
3382,LiBF4,LiBF4,True,0.0,LiPF6,4.9577303274784965,4.9577303274784965
3383,LiBF4,LiBF4,True,0.0,LiPF6,4.9577303274784965,4.9577303274784965
3384,LiBF4,LiBF4,True,0.0,LiPF6,4.9577303274784965,4.9577303274784965
3385,LiBF4,LiBF4,True,0.0,LiPF6,4.9577303274784965,4.9577303274784965
3386,LiBF4,LiBF4,True,0.0,LiPF6,4.9577303274784965,4.9577303274784965
3387,LiBF4,LiBF4,True,0.0,LiPF6,4.9577303274784965,4.9577303274784965
3388,LiBF4,LiBF4,True,0.0,LiPF6,4.9577303274784965,4.9577303274784965
3389,LiBF4,LiBF4,True,0.0,LiPF6,4.9577303274784965,4.9577303274784965
3390,LiBF4,LiBF4,True,0.0,LiPF6,4.9577303274784965,4.9577303274784965
3391,LiBF4,LiBF4,True,0.0,LiPF6,4.9577303274784965,4.9577303274784965
3392,LiBF4,LiBF4,True,0.0,LiPF6,4.9577303274784965,4.9577303274784965
3393,LiBF4,LiBF4,True,0.0,LiPF6,4.9577303274784965,4.9577303274784965
3394,LiBF4,LiBF4,True,0.0,LiPF6,4.9577303274784965,4.9577303274784965
3395,LiBF4,LiBF4,True,0.0,LiPF6,4.9577303274784965,4.9577303274784965
3396,LiBF4,LiBF4,True,0.0,LiPF6,4.9577303274784965,4.9577303274784965
3397,LiBF4,LiBF4,True,0.0,LiPF6,4.9577303274784965,4.9577303274784965
3398,LiBF4,LiBF4,True,0.0,LiPF6,4.9577303274784965,4.9577303274784965
3399,LiBF4,LiBF4,True,0.0,LiPF6,4.9577303274784965,4.9577303274784965
3400,LiBF4,LiBF4,True,0.0,LiPF6,4.9577303274784965,4.9577303274784965
3401,LiBF4,LiBF4,True,0.0,LiPF6,4.9577303274784965,4.9577303274784965
3402,LiBF4,LiBF4,True,0.0,LiPF6,4.9577303274784965,4.9577303274784965
3403,LiBF4,LiBF4,True,0.0,LiPF6,4.9577303274784965,4.9577303274784965
3404,LiBF4,LiBF4,True,0.0,LiPF6,4.9577303274784965,4.9577303274784965
3405,LiBF4,LiBF4,True,0.0,LiPF6,4.9577303274784965,4.9577303274784965
3406,LiBF4,LiBF4,True,0.0,LiPF6,4.9577303274784965,4.9577303274784965
3407,LiBF4,LiBF4,True,0.0,LiPF6,4.9577303274784965,4.9577303274784965
3408,LiBF4,LiBF4,True,0.0,LiPF6,4.9577303274784965,4.9577303274784965
3409,LiBF4,LiBF4,True,0.0,LiPF6,4.9577303274784965,4.9577303274784965
3410,LiBF4,LiBF4,True,0.0,LiPF6,4.9577303274784965,4.9577303274784965
3411,LiBF4,LiBF4,True,0.0,LiPF6,4.9577303274784965,4.9577303274784965
3412,LiBF4,LiBF4,True,0.0,LiPF6,4.9577303274784965,4.9577303274784965
3413,LiBF4,LiBF4,True,0.0,LiPF6,4.9577303274784965,4.9577303274784965
3414,LiBF4,LiBF4,True,0.0,LiPF6,4.9577303274784965,4.9577303274784965
3415,LiBF4,LiBF4,True,0.0,LiPF6,4.9577303274784965,4.9577303274784965
3416,LiBF4,LiBF4,True,0.0,LiPF6,4.9577303274784965,4.9577303274784965
3417,LiBF4,LiBF4,True,0.0,LiPF6,4.9577303274784965,4.9577303274784965
3418,LiBF4,LiBF4,True,0.0,LiPF6,4.9577303274784965,4.9577303274784965
3419,LiBF4,LiBF4,True,0.0,LiPF6,4.9577303274784965,4.9577303274784965
3420,LiBF4,LiBF4,True,0.0,LiPF6,4.9577303274784965,4.9577303274784965
3421,LiBF4,LiBF4,True,0.0,LiPF6,4.9577303274784965,4.9577303274784965
3422,LiBF4,LiBF4,True,0.0,LiPF6,4.9577303274784965,4.9577303274784965
3423,LiBF4,LiBF4,True,0.0,LiPF6,4.9577303274784965,4.9577303274784965
3424,LiBF4,LiBF4,True,0.0,LiPF6,4.9577303274784965,4.9577303274784965
3425,LiBF4,LiBF4,True,0.0,LiPF6,4.9577303274784965,4.9577303274784965
3426,LiBF4,LiBF4,True,0.0,LiPF6,4.9577303274784965,4.9577303274784965
3427,LiBF4,LiBF4,True,0.0,LiPF6,4.9577303274784965,4.9577303274784965
3428,LiBF4,LiBF4,True,0.0,LiPF6,4.9577303274784965,4.9577303274784965
3429,LiBF4,LiBF4,True,0.0,LiPF6,4.9577303274784965,4.9577303274784965
3430,LiBF4,LiBF4,True,0.0,LiPF6,4.9577303274784965,4.9577303274784965
3431,LiBF4,LiBF4,True,0.0,LiPF6,4.9577303274784965,4.9577303274784965
3432,LiBF4,LiBF4,True,0.0,LiPF6,4.9577303274784965,4.9577303274784965
3433,LiBF4,LiBF4,True,0.0,LiPF6,4.9577303274784965,4.9577303274784965
3434,LiBF4,LiBF4,True,0.0,LiPF6,4.9577303274784965,4.9577303274784965
3435,LiBF4,LiBF4,True,0.0,LiPF6,4.9577303274784965,4.9577303274784965
3436,LiBF4,LiBF4,True,0.0,LiPF6,4.9577303274784965,4.9577303274784965
3437,LiBF4,LiBF4,True,0.0,LiPF6,4.9577303274784965,4.9577303274784965
3438,LiBF4,LiBF4,True,0.0,LiPF6,4.9577303274784965,4.9577303274784965
3439,LiBF4,LiBF4,True,0.0,LiPF6,4.9577303274784965,4.9577303274784965
3440,LiBF4,LiBF4,True,0.0,LiPF6,4.9577303274784965,4.9577303274784965
3441,LiBF4,LiBF4,True,0.0,LiPF6,4.9577303274784965,4.9577303274784965
3442,LiBF4,LiBF4,True,0.0,LiPF6,4.9577303274784965,4.9577303274784965
3443,LiBF4,LiBF4,True,0.0,LiPF6,4.9577303274784965,4.9577303274784965
3444,LiBF4,LiBF4,True,0.0,LiPF6,4.9577303274784965,4.9577303274784965
3445,LiBF4,LiBF4,True,0.0,LiPF6,4.9577303274784965,4.9577303274784965
3446,LiBF4,LiBF4,True,0.0,LiPF6,4.9577303274784965,4.9577303274784965
3447,LiBF4,LiBF4,True,0.0,LiPF6,4.9577303274784965,4.9577303274784965
3448,LiBF4,LiBF4,True,0.0,LiPF6,4.9577303274784965,4.9577303274784965
3449,LiBF4,LiBF4,True,0.0,LiPF6,4.9577303274784965,4.9577303274784965
3450,LiBF4,LiBF4,True,0.0,LiPF6,4.9577303274784965,4.9577303274784965
3451,LiBF4,LiBF4,True,0.0,LiPF6,4.9577303274784965,4.9577303274784965
3452,LiBF4,LiBF4,True,0.0,LiPF6,4.9577303274784965,4.9577303274784965
3453,LiBF4,LiBF4,True,0.0,LiPF6,4.9577303274784965,4.9577303274784965
3454,LiBF4,LiBF4,True,0.0,LiPF6,4.9577303274784965,4.9577303274784965
3455,LiBF4,LiBF4,True,0.0,LiPF6,4.9577303274784965,4.9577303274784965
3456,LiBF4,LiBF4,True,0.0,LiPF6,4.9577303274784965,4.9577303274784965
3457,LiBF4,LiBF4,True,0.0,LiPF6,4.9577303274784965,4.9577303274784965
3458,LiBF4,LiBF4,True,0.0,LiPF6,4.9577303274784965,4.9577303274784965
3459,LiBF4,LiBF4,True,0.0,LiPF6,4.9577303274784965,4.9577303274784965
3460,LiBF4,LiBF4,True,0.0,LiPF6,4.9577303274784965,4.9577303274784965
3461,LiBF4,LiBF4,True,0.0,LiPF6,4.9577303274784965,4.9577303274784965
3462,LiBF4,LiBF4,True,0.0,LiPF6,4.9577303274784965,4.9577303274784965
3463,LiBF4,LiBF4,True,0.0,LiPF6,4.9577303274784965,4.9577303274784965
3464,LiBF4,LiBF4,True,0.0,LiPF6,4.9577303274784965,4.9577303274784965
3465,LiBF4,LiBF4,True,0.0,LiPF6,4.9577303274784965,4.9577303274784965
3466,LiBF4,LiBF4,True,0.0,LiPF6,4.9577303274784965,4.9577303274784965
3467,LiBF4,LiBF4,True,0.0,LiPF6,4.9577303274784965,4.9577303274784965
3468,LiBF4,LiBF4,True,0.0,LiPF6,4.9577303274784965,4.9577303274784965
3469,LiBF4,LiBF4,True,0.0,LiPF6,4.9577303274784965,4.9577303274784965
3470,LiBF4,LiBF4,True,0.0,LiPF6,4.9577303274784965,4.9577303274784965
3471,LiBF4,LiBF4,True,0.0,LiPF6,4.9577303274784965,4.9577303274784965
3472,LiBF4,LiBF4,True,0.0,LiPF6,4.9577303274784965,4.9577303274784965
3473,LiBF4,LiBF4,True,0.0,LiPF6,4.9577303274784965,4.9577303274784965
3474,LiBF4,LiBF4,True,0.0,LiPF6,4.9577303274784965,4.9577303274784965
3475,LiBF4,LiBF4,True,0.0,LiPF6,4.9577303274784965,4.9577303274784965
3476,LiBF4,LiBF4,True,0.0,LiPF6,4.9577303274784965,4.9577303274784965
3477,LiBF4,LiBF4,True,0.0,LiPF6,4.9577303274784965,4.9577303274784965
3478,LiBF4,LiBF4,True,0.0,LiPF6,4.9577303274784965,4.9577303274784965
3479,LiBF4,LiBF4,True,0.0,LiPF6,4.9577303274784965,4.9577303274784965
3480,LiBF4,LiBF4,True,0.0,LiPF6,4.9577303274784965,4.9577303274784965
3481,LiBF4,LiBF4,True,0.0,LiPF6,4.9577303274784965,4.9577303274784965
3482,LiBF4,LiBF4,True,0.0,LiPF6,4.9577303274784965,4.9577303274784965
3483,LiBF4,LiBF4,True,0.0,LiPF6,4.9577303274784965,4.9577303274784965
3484,LiBF4,LiBF4,True,0.0,LiPF6,4.9577303274784965,4.9577303274784965
3485,LiBF4,LiBF4,True,0.0,LiPF6,4.9577303274784965,4.9577303274784965
3486,LiBF4,LiBF4,True,0.0,LiPF6,4.9577303274784965,4.9577303274784965
3487,LiBF4,LiBF4,True,0.0,LiPF6,4.9577303274784965,4.9577303274784965
3488,LiBF4,LiBF4,True,0.0,LiPF6,4.9577303274784965,4.9577303274784965
3489,LiBF4,LiBF4,True,0.0,LiPF6,4.9577303274784965,4.9577303274784965
3490,LiBF4,LiBF4,True,0.0,LiPF6,4.9577303274784965,4.9577303274784965
3491,LiBF4,LiBF4,True,0.0,LiPF6,4.9577303274784965,4.9577303274784965
3492,LiBF4,LiBF4,True,0.0,LiPF6,4.9577303274784965,4.9577303274784965
3493,LiBF4,LiBF4,True,0.0,LiPF6,4.9577303274784965,4.9577303274784965
3494,LiBF4,LiBF4,True,0.0,LiPF6,4.9577303274784965,4.9577303274784965
3495,LiBF4,LiBF4,True,0.0,LiPF6,4.9577303274784965,4.9577303274784965
3496,LiBF4,LiBF4,True,0.0,LiPF6,4.9577303274784965,4.9577303274784965
3497,LiBF4,LiBF4,True,0.0,LiPF6,4.9577303274784965,4.9577303274784965
3498,LiBF4,LiBF4,True,0.0,LiPF6,4.9577303274784965,4.9577303274784965
3499,LiBF4,LiBF4,True,0.0,LiPF6,4.9577303274784965,4.9577303274784965
3500,LiBF4,LiBF4,True,0.0,LiPF6,4.9577303274784965,4.9577303274784965
3501,LiBF4,LiBF4,True,0.0,LiPF6,4.9577303274784965,4.9577303274784965
3502,LiBF4,LiBF4,True,0.0,LiPF6,4.9577303274784965,4.9577303274784965
3503,LiBF4,LiBF4,True,0.0,LiPF6,4.9577303274784965,4.9577303274784965
3504,LiBF4,LiBF4,True,0.0,LiPF6,4.9577303274784965,4.9577303274784965
3505,LiBF4,LiBF4,True,0.0,LiPF6,4.9577303274784965,4.9577303274784965
3506,LiBF4,LiBF4,True,0.0,LiPF6,4.9577303274784965,4.9577303274784965
3507,LiBF4,LiBF4,True,0.0,LiPF6,4.9577303274784965,4.9577303274784965
3508,LiBF4,LiBF4,True,0.0,LiPF6,4.9577303274784965,4.9577303274784965
3509,LiBF4,LiBF4,True,0.0,LiPF6,4.9577303274784965,4.9577303274784965
3510,LiBF4,LiBF4,True,0.0,LiPF6,4.9577303274784965,4.9577303274784965
3511,LiBF4,LiBF4,True,0.0,LiPF6,4.9577303274784965,4.9577303274784965
3512,LiBF4,LiBF4,True,0.0,LiPF6,4.9577303274784965,4.9577303274784965
3513,LiBF4,LiBF4,True,0.0,LiPF6,4.9577303274784965,4.9577303274784965
3514,LiBF4,LiBF4,True,0.0,LiPF6,4.9577303274784965,4.9577303274784965
3515,LiBF4,LiBF4,True,0.0,LiPF6,4.9577303274784965,4.9577303274784965
3516,LiBF4,LiBF4,True,0.0,LiPF6,4.9577303274784965,4.9577303274784965
3517,LiBF4,LiBF4,True,0.0,LiPF6,4.9577303274784965,4.9577303274784965
3518,LiBF4,LiBF4,True,0.0,LiPF6,4.9577303274784965,4.9577303274784965
3519,LiBF4,LiBF4,True,0.0,LiPF6,4.9577303274784965,4.9577303274784965
3520,LiBF4,LiBF4,True,0.0,LiPF6,4.9577303274784965,4.9577303274784965
3521,LiBF4,LiBF4,True,0.0,LiPF6,4.9577303274784965,4.9577303274784965
3522,LiBF4,LiBF4,True,0.0,LiPF6,4.9577303274784965,4.9577303274784965
3523,LiBF4,LiBF4,True,0.0,LiPF6,4.9577303274784965,4.9577303274784965
3524,LiBF4,LiBF4,True,0.0,LiPF6,4.9577303274784965,4.9577303274784965
3525,LiBF4,LiBF4,True,0.0,LiPF6,4.9577303274784965,4.9577303274784965
3526,LiBF4,LiBF4,True,0.0,LiPF6,4.9577303274784965,4.9577303274784965
3527,LiBF4,LiBF4,True,0.0,LiPF6,4.9577303274784965,4.9577303274784965
3528,LiBF4,LiBF4,True,0.0,LiPF6,4.9577303274784965,4.9577303274784965
3529,LiBF4,LiBF4,True,0.0,LiPF6,4.9577303274784965,4.9577303274784965
3530,LiBF4,LiBF4,True,0.0,LiPF6,4.9577303274784965,4.9577303274784965
3531,LiBF4,LiBF4,True,0.0,LiPF6,4.9577303274784965,4.9577303274784965
3532,LiBF4,LiBF4,True,0.0,LiPF6,4.9577303274784965,4.9577303274784965
3533,LiBF4,LiBF4,True,0.0,LiPF6,4.9577303274784965,4.9577303274784965
3534,LiBF4,LiBF4,True,0.0,LiPF6,4.9577303274784965,4.9577303274784965
3535,LiBF4,LiBF4,True,0.0,LiPF6,4.9577303274784965,4.9577303274784965
3536,LiBF4,LiBF4,True,0.0,LiPF6,4.9577303274784965,4.9577303274784965
3537,LiBF4,LiBF4,True,0.0,LiPF6,4.9577303274784965,4.9577303274784965
3538,LiBF4,LiBF4,True,0.0,LiPF6,4.9577303274784965,4.9577303274784965
3539,LiBF4,LiBF4,True,0.0,LiPF6,4.9577303274784965,4.9577303274784965
3540,LiBF4,LiBF4,True,0.0,LiPF6,4.9577303274784965,4.9577303274784965
3541,LiBF4,LiBF4,True,0.0,LiPF6,4.9577303274784965,4.9577303274784965
3542,LiTFSI,LiTFSI,True,0.0,LiN(CF3SO2)2,0.08006247560491905,0.08006247560491905
3543,LiTFSI,LiTFSI,True,0.0,LiN(CF3SO2)2,0.08006247560491905,0.08006247560491905
3544,LiTFSI,LiTFSI,True,0.0,LiN(CF3SO2)2,0.08006247560491905,0.08006247560491905
3545,LiTFSI,LiTFSI,True,0.0,LiN(CF3SO2)2,0.08006247560491905,0.08006247560491905
3546,LiTFSI,LiTFSI,True,0.0,LiN(CF3SO2)2,0.08006247560491905,0.08006247560491905
3547,LiTFSI,LiTFSI,True,0.0,LiN(CF3SO2)2,0.08006247560491905,0.08006247560491905
3548,LiTFSI,LiTFSI,True,0.0,LiN(CF3SO2)2,0.08006247560491905,0.08006247560491905
3549,LiTFSI,LiTFSI,True,0.0,LiN(CF3SO2)2,0.08006247560491905,0.08006247560491905
3550,LiTFSI,LiTFSI,True,0.0,LiN(CF3SO2)2,0.08006247560491905,0.08006247560491905
3551,LiTFSI,LiTFSI,True,0.0,LiN(CF3SO2)2,0.08006247560491905,0.08006247560491905
3552,LiTFSI,LiTFSI,True,0.0,LiN(CF3SO2)2,0.08006247560491905,0.08006247560491905
3553,LiTFSI,LiTFSI,True,0.0,LiN(CF3SO2)2,0.08006247560491905,0.08006247560491905
3554,LiTFSI,LiTFSI,True,0.0,LiN(CF3SO2)2,0.08006247560491905,0.08006247560491905
3555,LiTFSI,LiTFSI,True,0.0,LiN(CF3SO2)2,0.08006247560491905,0.08006247560491905
3556,LiTFSI,LiTFSI,True,0.0,LiN(CF3SO2)2,0.08006247560491905,0.08006247560491905
3557,LiTFSI,LiTFSI,True,0.0,LiN(CF3SO2)2,0.08006247560491905,0.08006247560491905
3558,LiTFSI,LiTFSI,True,0.0,LiN(CF3SO2)2,0.08006247560491905,0.08006247560491905
3559,LiTFSI,LiTFSI,True,0.0,LiN(CF3SO2)2,0.08006247560491905,0.08006247560491905
3560,LiTFSI,LiTFSI,True,0.0,LiN(CF3SO2)2,0.08006247560491905,0.08006247560491905
3561,LiTFSI,LiTFSI,True,0.0,LiN(CF3SO2)2,0.08006247560491905,0.08006247560491905
3562,LiTFSI,LiTFSI,True,0.0,LiN(CF3SO2)2,0.08006247560491905,0.08006247560491905
3563,LiTFSI,LiTFSI,True,0.0,LiN(CF3SO2)2,0.08006247560491905,0.08006247560491905
3564,LiTFSI,LiTFSI,True,0.0,LiN(CF3SO2)2,0.08006247560491905,0.08006247560491905
3565,LiTFSI,LiTFSI,True,0.0,LiN(CF3SO2)2,0.08006247560491905,0.08006247560491905
3566,LiTFSI,LiTFSI,True,0.0,LiN(CF3SO2)2,0.08006247560491905,0.08006247560491905
3567,LiTFSI,LiTFSI,True,0.0,LiN(CF3SO2)2,0.08006247560491905,0.08006247560491905
3568,LiTFSI,LiTFSI,True,0.0,LiN(CF3SO2)2,0.08006247560491905,0.08006247560491905
3569,LiTFSI,LiTFSI,True,0.0,LiN(CF3SO2)2,0.08006247560491905,0.08006247560491905
3570,LiTFSI,LiTFSI,True,0.0,LiN(CF3SO2)2,0.08006247560491905,0.08006247560491905
3571,LiTFSI,LiTFSI,True,0.0,LiN(CF3SO2)2,0.08006247560491905,0.08006247560491905
3572,LiTFSI,LiTFSI,True,0.0,LiN(CF3SO2)2,0.08006247560491905,0.08006247560491905
3573,LiTFSI,LiTFSI,True,0.0,LiN(CF3SO2)2,0.08006247560491905,0.08006247560491905
3574,LiTFSI,LiTFSI,True,0.0,LiN(CF3SO2)2,0.08006247560491905,0.08006247560491905
3575,LiBOB,LiBOB,True,0.0,LiPDI,1.0819930683696648,1.0819930683696648
3576,LiBOB,LiBOB,True,0.0,LiPDI,1.0819930683696648,1.0819930683696648
3577,LiBOB,LiBOB,True,0.0,LiPDI,1.0819930683696648,1.0819930683696648
3578,LiBOB,LiBOB,True,0.0,LiPDI,1.0819930683696648,1.0819930683696648
3579,LiBOB,LiBOB,True,0.0,LiPDI,1.0819930683696648,1.0819930683696648
3580,LiBOB,LiBOB,True,0.0,LiPDI,1.0819930683696648,1.0819930683696648
3581,LiBOB,LiBOB,True,0.0,LiPDI,1.0819930683696648,1.0819930683696648
3582,LiBOB,LiBOB,True,0.0,LiPDI,1.0819930683696648,1.0819930683696648
3583,LiBOB,LiBOB,True,0.0,LiPDI,1.0819930683696648,1.0819930683696648
3584,LiBOB,LiBOB,True,0.0,LiPDI,1.0819930683696648,1.0819930683696648
3585,LiBOB,LiBOB,True,0.0,LiPDI,1.0819930683696648,1.0819930683696648
3586,LiBOB,LiBOB,True,0.0,LiPDI,1.0819930683696648,1.0819930683696648
3587,LiBOB,LiBOB,True,0.0,LiPDI,1.0819930683696648,1.0819930683696648
3588,LiBOB,LiBOB,True,0.0,LiPDI,1.0819930683696648,1.0819930683696648
3589,LiBOB,LiBOB,True,0.0,LiPDI,1.0819930683696648,1.0819930683696648
3590,LiBOB,LiBOB,True,0.0,LiPDI,1.0819930683696648,1.0819930683696648
3591,LiBOB,LiBOB,True,0.0,LiPDI,1.0819930683696648,1.0819930683696648
3592,LiBOB,LiBOB,True,0.0,LiPDI,1.0819930683696648,1.0819930683696648
3593,LiBOB,LiBOB,True,0.0,LiPDI,1.0819930683696648,1.0819930683696648
3594,LiBOB,LiBOB,True,0.0,LiPDI,1.0819930683696648,1.0819930683696648
3595,LiBOB,LiBOB,True,0.0,LiPDI,1.0819930683696648,1.0819930683696648
3596,LiBOB,LiBOB,True,0.0,LiPDI,1.0819930683696648,1.0819930683696648
3597,LiBOB,LiBOB,True,0.0,LiPDI,1.0819930683696648,1.0819930683696648
3598,LiBOB,LiBOB,True,0.0,LiPDI,1.0819930683696648,1.0819930683696648
3599,LiBOB,LiBOB,True,0.0,LiPDI,1.0819930683696648,1.0819930683696648
3600,LiBOB,LiBOB,True,0.0,LiPDI,1.0819930683696648,1.0819930683696648
3601,LiBOB,LiBOB,True,0.0,LiPDI,1.0819930683696648,1.0819930683696648
3602,LiBOB,LiBOB,True,0.0,LiPDI,1.0819930683696648,1.0819930683696648
3603,LiBOB,LiBOB,True,0.0,LiPDI,1.0819930683696648,1.0819930683696648
3604,LiBOB,LiBOB,True,0.0,LiPDI,1.0819930683696648,1.0819930683696648
3605,LiBOB,LiBOB,True,0.0,LiPDI,1.0819930683696648,1.0819930683696648
3606,LiBOB,LiBOB,True,0.0,LiPDI,1.0819930683696648,1.0819930683696648
3607,LiCF3SO3,LiCF3SO3,True,0.0,LiPF6,2.3030468948764367,2.3030468948764367
3608,LiCF3SO3,LiCF3SO3,True,0.0,LiPF6,2.3030468948764367,2.3030468948764367
3609,LiCF3SO3,LiCF3SO3,True,0.0,LiPF6,2.3030468948764367,2.3030468948764367
3610,LiCF3SO3,LiCF3SO3,True,0.0,LiPF6,2.3030468948764367,2.3030468948764367
3611,LiCF3SO3,LiCF3SO3,True,0.0,LiPF6,2.3030468948764367,2.3030468948764367
3612,LiCF3SO3,LiCF3SO3,True,0.0,LiPF6,2.3030468948764367,2.3030468948764367
3613,LiCF3SO3,LiCF3SO3,True,0.0,LiPF6,2.3030468948764367,2.3030468948764367
3614,LiCF3SO3,LiCF3SO3,True,0.0,LiPF6,2.3030468948764367,2.3030468948764367
3615,LiCF3SO3,LiCF3SO3,True,0.0,LiPF6,2.3030468948764367,2.3030468948764367
3616,LiCF3SO3,LiCF3SO3,True,0.0,LiPF6,2.3030468948764367,2.3030468948764367
3617,LiCF3SO3,LiCF3SO3,True,0.0,LiPF6,2.3030468948764367,2.3030468948764367
3618,LiCF3SO3,LiCF3SO3,True,0.0,LiPF6,2.3030468948764367,2.3030468948764367
3619,LiCF3SO3,LiCF3SO3,True,0.0,LiPF6,2.3030468948764367,2.3030468948764367
3620,LiCF3SO3,LiCF3SO3,True,0.0,LiPF6,2.3030468948764367,2.3030468948764367
3621,LiCF3SO3,LiCF3SO3,True,0.0,LiPF6,2.3030468948764367,2.3030468948764367
3622,LiCF3SO3,LiCF3SO3,True,0.0,LiPF6,2.3030468948764367,2.3030468948764367
3623,LiCF3SO3,LiCF3SO3,True,0.0,LiPF6,2.3030468948764367,2.3030468948764367
3624,LiCF3SO3,LiCF3SO3,True,0.0,LiPF6,2.3030468948764367,2.3030468948764367
3625,LiCF3SO3,LiCF3SO3,True,0.0,LiPF6,2.3030468948764367,2.3030468948764367
3626,LiCF3SO3,LiCF3SO3,True,0.0,LiPF6,2.3030468948764367,2.3030468948764367
3627,LiCF3SO3,LiCF3SO3,True,0.0,LiPF6,2.3030468948764367,2.3030468948764367
3628,LiCF3SO3,LiCF3SO3,True,0.0,LiPF6,2.3030468948764367,2.3030468948764367
3629,LiCF3SO3,LiCF3SO3,True,0.0,LiPF6,2.3030468948764367,2.3030468948764367
3630,LiCF3SO3,LiCF3SO3,True,0.0,LiPF6,2.3030468948764367,2.3030468948764367
3631,LiCF3SO3,LiCF3SO3,True,0.0,LiPF6,2.3030468948764367,2.3030468948764367
3632,LiCF3SO3,LiCF3SO3,True,0.0,LiPF6,2.3030468948764367,2.3030468948764367
3633,LiCF3SO3,LiCF3SO3,True,0.0,LiPF6,2.3030468948764367,2.3030468948764367
3634,LiCF3SO3,LiCF3SO3,True,0.0,LiPF6,2.3030468948764367,2.3030468948764367
3635,LiCF3SO3,LiCF3SO3,True,0.0,LiPF6,2.3030468948764367,2.3030468948764367
3636,LiCF3SO3,LiCF3SO3,True,0.0,LiPF6,2.3030468948764367,2.3030468948764367
3637,LiCF3SO3,LiCF3SO3,True,0.0,LiPF6,2.3030468948764367,2.3030468948764367
3638,LiCF3SO3,LiCF3SO3,True,0.0,LiPF6,2.3030468948764367,2.3030468948764367
3639,LiCF3SO3,LiCF3SO3,True,0.0,LiPF6,2.3030468948764367,2.3030468948764367
3640,LiCF3SO3,LiCF3SO3,True,0.0,LiPF6,2.3030468948764367,2.3030468948764367
3641,LiCF3SO3,LiCF3SO3,True,0.0,LiPF6,2.3030468948764367,2.3030468948764367
3642,LiCF3SO3,LiCF3SO3,True,0.0,LiPF6,2.3030468948764367,2.3030468948764367
3643,LiCF3SO3,LiCF3SO3,True,0.0,LiPF6,2.3030468948764367,2.3030468948764367
3644,LiBOB,LiBOB,True,0.0,LiPDI,1.0819930683696648,1.0819930683696648
3645,LiBOB,LiBOB,True,0.0,LiPDI,1.0819930683696648,1.0819930683696648
3646,LiBOB,LiBOB,True,0.0,LiPDI,1.0819930683696648,1.0819930683696648
3647,LiBOB,LiBOB,True,0.0,LiPDI,1.0819930683696648,1.0819930683696648
3648,LiBOB,LiBOB,True,0.0,LiPDI,1.0819930683696648,1.0819930683696648
3649,LiBOB,LiBOB,True,0.0,LiPDI,1.0819930683696648,1.0819930683696648
3650,LiBOB,LiBOB,True,0.0,LiPDI,1.0819930683696648,1.0819930683696648
3651,LiBOB,LiBOB,True,0.0,LiPDI,1.0819930683696648,1.0819930683696648
3652,LiBOB,LiBOB,True,0.0,LiPDI,1.0819930683696648,1.0819930683696648
3653,LiBOB,LiBOB,True,0.0,LiPDI,1.0819930683696648,1.0819930683696648
3654,LiBOB,LiBOB,True,0.0,LiPDI,1.0819930683696648,1.0819930683696648
3655,LiBOB,LiBOB,True,0.0,LiPDI,1.0819930683696648,1.0819930683696648
3656,LiBOB,LiBOB,True,0.0,LiPDI,1.0819930683696648,1.0819930683696648
3657,LiBOB,LiBOB,True,0.0,LiPDI,1.0819930683696648,1.0819930683696648
3658,LiBOB,LiBOB,True,0.0,LiPDI,1.0819930683696648,1.0819930683696648
3659,LiBOB,LiBOB,True,0.0,LiPDI,1.0819930683696648,1.0819930683696648
3660,LiBOB,LiBOB,True,0.0,LiPDI,1.0819930683696648,1.0819930683696648
3661,LiBOB,LiBOB,True,0.0,LiPDI,1.0819930683696648,1.0819930683696648
3662,LiBOB,LiBOB,True,0.0,LiPDI,1.0819930683696648,1.0819930683696648
3663,LiBOB,LiBOB,True,0.0,LiPDI,1.0819930683696648,1.0819930683696648
3664,LiBOB,LiBOB,True,0.0,LiPDI,1.0819930683696648,1.0819930683696648
3665,LiBOB,LiBOB,True,0.0,LiPDI,1.0819930683696648,1.0819930683696648
3666,LiBOB,LiBOB,True,0.0,LiPDI,1.0819930683696648,1.0819930683696648
3667,LiBOB,LiBOB,True,0.0,LiPDI,1.0819930683696648,1.0819930683696648
3668,LiBOB,LiBOB,True,0.0,LiPDI,1.0819930683696648,1.0819930683696648
3669,LiBOB,LiBOB,True,0.0,LiPDI,1.0819930683696648,1.0819930683696648
3670,LiBOB,LiBOB,True,0.0,LiPDI,1.0819930683696648,1.0819930683696648
3671,LiBOB,LiBOB,True,0.0,LiPDI,1.0819930683696648,1.0819930683696648
3672,LiBOB,LiBOB,True,0.0,LiPDI,1.0819930683696648,1.0819930683696648
3673,LiClO4,LiClO4,True,0.0,LiBMB,1.8499410801428244,1.8499410801428244
3674,LiClO4,LiClO4,True,0.0,LiBMB,1.8499410801428244,1.8499410801428244
3675,LiClO4,LiClO4,True,0.0,LiBMB,1.8499410801428244,1.8499410801428244
3676,LiClO4,LiClO4,True,0.0,LiBMB,1.8499410801428244,1.8499410801428244
3677,LiClO4,LiClO4,True,0.0,LiBMB,1.8499410801428244,1.8499410801428244
3678,LiClO4,LiClO4,True,0.0,LiBMB,1.8499410801428244,1.8499410801428244
3679,LiClO4,LiClO4,True,0.0,LiBMB,1.8499410801428244,1.8499410801428244
3680,LiClO4,LiClO4,True,0.0,LiBMB,1.8499410801428244,1.8499410801428244
3681,LiClO4,LiClO4,True,0.0,LiBMB,1.8499410801428244,1.8499410801428244
3682,LiClO4,LiClO4,True,0.0,LiBMB,1.8499410801428244,1.8499410801428244
3683,LiClO4,LiClO4,True,0.0,LiBMB,1.8499410801428244,1.8499410801428244
3684,LiClO4,LiClO4,True,0.0,LiBMB,1.8499410801428244,1.8499410801428244
3685,LiClO4,LiClO4,True,0.0,LiBMB,1.8499410801428244,1.8499410801428244
3686,LiClO4,LiClO4,True,0.0,LiBMB,1.8499410801428244,1.8499410801428244
3687,LiClO4,LiClO4,True,0.0,LiBMB,1.8499410801428244,1.8499410801428244
3688,LiClO4,LiClO4,True,0.0,LiBMB,1.8499410801428244,1.8499410801428244
3689,LiClO4,LiClO4,True,0.0,LiBMB,1.8499410801428244,1.8499410801428244
3690,LiClO4,LiClO4,True,0.0,LiBMB,1.8499410801428244,1.8499410801428244
3691,LiClO4,LiClO4,True,0.0,LiBMB,1.8499410801428244,1.8499410801428244
3692,LiClO4,LiClO4,True,0.0,LiBMB,1.8499410801428244,1.8499410801428244
3693,LiClO4,LiClO4,True,0.0,LiBMB,1.8499410801428244,1.8499410801428244
3694,LiClO4,LiClO4,True,0.0,LiBMB,1.8499410801428244,1.8499410801428244
3695,LiClO4,LiClO4,True,0.0,LiBMB,1.8499410801428244,1.8499410801428244
3696,LiClO4,LiClO4,True,0.0,LiBMB,1.8499410801428244,1.8499410801428244
3697,LiClO4,LiClO4,True,0.0,LiBMB,1.8499410801428244,1.8499410801428244
3698,LiClO4,LiClO4,True,0.0,LiBMB,1.8499410801428244,1.8499410801428244
3699,LiClO4,LiClO4,True,0.0,LiBMB,1.8499410801428244,1.8499410801428244
3700,LiClO4,LiClO4,True,0.0,LiBMB,1.8499410801428244,1.8499410801428244
3701,LiClO4,LiClO4,True,0.0,LiBMB,1.8499410801428244,1.8499410801428244
3702,LiClO4,LiClO4,True,0.0,LiBMB,1.8499410801428244,1.8499410801428244
3703,LiClO4,LiClO4,True,0.0,LiBMB,1.8499410801428244,1.8499410801428244
3704,LiClO4,LiClO4,True,0.0,LiBMB,1.8499410801428244,1.8499410801428244
3705,LiClO4,LiClO4,True,0.0,LiBMB,1.8499410801428244,1.8499410801428244
3706,LiClO4,LiClO4,True,0.0,LiBMB,1.8499410801428244,1.8499410801428244
3707,LiClO4,LiClO4,True,0.0,LiBMB,1.8499410801428244,1.8499410801428244
3708,LiClO4,LiClO4,True,0.0,LiBMB,1.8499410801428244,1.8499410801428244
3709,LiClO4,LiClO4,True,0.0,LiBMB,1.8499410801428244,1.8499410801428244
3710,LiBOB,LiBOB,True,0.0,LiPDI,1.0819930683696648,1.0819930683696648
3711,LiBOB,LiBOB,True,0.0,LiPDI,1.0819930683696648,1.0819930683696648
3712,LiBOB,LiBOB,True,0.0,LiPDI,1.0819930683696648,1.0819930683696648
3713,LiBOB,LiBOB,True,0.0,LiPDI,1.0819930683696648,1.0819930683696648
3714,LiBOB,LiBOB,True,0.0,LiPDI,1.0819930683696648,1.0819930683696648
3715,LiBOB,LiBOB,True,0.0,LiPDI,1.0819930683696648,1.0819930683696648
3716,LiBOB,LiBOB,True,0.0,LiPDI,1.0819930683696648,1.0819930683696648
3717,LiBOB,LiBOB,True,0.0,LiPDI,1.0819930683696648,1.0819930683696648
3718,LiBOB,LiBOB,True,0.0,LiPDI,1.0819930683696648,1.0819930683696648
3719,LiBOB,LiBOB,True,0.0,LiPDI,1.0819930683696648,1.0819930683696648
3720,LiBOB,LiBOB,True,0.0,LiPDI,1.0819930683696648,1.0819930683696648
3721,LiBOB,LiBOB,True,0.0,LiPDI,1.0819930683696648,1.0819930683696648
3722,LiBOB,LiBOB,True,0.0,LiPDI,1.0819930683696648,1.0819930683696648
3723,LiBOB,LiBOB,True,0.0,LiPDI,1.0819930683696648,1.0819930683696648
3724,LiBOB,LiBOB,True,0.0,LiPDI,1.0819930683696648,1.0819930683696648
3725,LiBOB,LiBOB,True,0.0,LiPDI,1.0819930683696648,1.0819930683696648
3726,LiBOB,LiBOB,True,0.0,LiPDI,1.0819930683696648,1.0819930683696648
3727,LiBOB,LiBOB,True,0.0,LiPDI,1.0819930683696648,1.0819930683696648
3728,LiBOB,LiBOB,True,0.0,LiPDI,1.0819930683696648,1.0819930683696648
3729,LiBOB,LiBOB,True,0.0,LiPDI,1.0819930683696648,1.0819930683696648
3730,LiBOB,LiBOB,True,0.0,LiPDI,1.0819930683696648,1.0819930683696648
3731,LiBOB,LiBOB,True,0.0,LiPDI,1.0819930683696648,1.0819930683696648
3732,LiBOB,LiBOB,True,0.0,LiPDI,1.0819930683696648,1.0819930683696648
3733,LiBOB,LiBOB,True,0.0,LiPDI,1.0819930683696648,1.0819930683696648
3734,LiBOB,LiBOB,True,0.0,LiPDI,1.0819930683696648,1.0819930683696648
3735,LiClO4,LiClO4,True,0.0,LiBMB,1.8499410801428244,1.8499410801428244
3736,LiClO4,LiClO4,True,0.0,LiBMB,1.8499410801428244,1.8499410801428244
3737,LiClO4,LiClO4,True,0.0,LiBMB,1.8499410801428244,1.8499410801428244
3738,LiClO4,LiClO4,True,0.0,LiBMB,1.8499410801428244,1.8499410801428244
3739,LiClO4,LiClO4,True,0.0,LiBMB,1.8499410801428244,1.8499410801428244
3740,LiClO4,LiClO4,True,0.0,LiBMB,1.8499410801428244,1.8499410801428244
3741,LiClO4,LiClO4,True,0.0,LiBMB,1.8499410801428244,1.8499410801428244
3742,LiClO4,LiClO4,True,0.0,LiBMB,1.8499410801428244,1.8499410801428244
3743,LiClO4,LiClO4,True,0.0,LiBMB,1.8499410801428244,1.8499410801428244
3744,LiClO4,LiClO4,True,0.0,LiBMB,1.8499410801428244,1.8499410801428244
3745,LiClO4,LiClO4,True,0.0,LiBMB,1.8499410801428244,1.8499410801428244
3746,LiClO4,LiClO4,True,0.0,LiBMB,1.8499410801428244,1.8499410801428244
3747,LiClO4,LiClO4,True,0.0,LiBMB,1.8499410801428244,1.8499410801428244
3748,LiClO4,LiClO4,True,0.0,LiBMB,1.8499410801428244,1.8499410801428244
3749,LiClO4,LiClO4,True,0.0,LiBMB,1.8499410801428244,1.8499410801428244
3750,LiClO4,LiClO4,True,0.0,LiBMB,1.8499410801428244,1.8499410801428244
3751,LiClO4,LiClO4,True,0.0,LiBMB,1.8499410801428244,1.8499410801428244
3752,LiClO4,LiClO4,True,0.0,LiBMB,1.8499410801428244,1.8499410801428244
3753,LiClO4,LiClO4,True,0.0,LiBMB,1.8499410801428244,1.8499410801428244
3754,LiClO4,LiClO4,True,0.0,LiBMB,1.8499410801428244,1.8499410801428244
3755,LiClO4,LiClO4,True,0.0,LiBMB,1.8499410801428244,1.8499410801428244
3756,LiClO4,LiClO4,True,0.0,LiBMB,1.8499410801428244,1.8499410801428244
3757,LiClO4,LiClO4,True,0.0,LiBMB,1.8499410801428244,1.8499410801428244
3758,LiClO4,LiClO4,True,0.0,LiBMB,1.8499410801428244,1.8499410801428244
3759,LiClO4,LiClO4,True,0.0,LiBMB,1.8499410801428244,1.8499410801428244
3760,LiClO4,LiClO4,True,0.0,LiBMB,1.8499410801428244,1.8499410801428244
3761,LiClO4,LiClO4,True,0.0,LiBMB,1.8499410801428244,1.8499410801428244
3762,LiTFSI,LiTFSI,True,0.0,LiN(CF3SO2)2,0.08006247560491905,0.08006247560491905
3763,LiTFSI,LiTFSI,True,0.0,LiN(CF3SO2)2,0.08006247560491905,0.08006247560491905
3764,LiTFSI,LiTFSI,True,0.0,LiN(CF3SO2)2,0.08006247560491905,0.08006247560491905
3765,LiTFSI,LiTFSI,True,0.0,LiN(CF3SO2)2,0.08006247560491905,0.08006247560491905
3766,LiTFSI,LiTFSI,True,0.0,LiN(CF3SO2)2,0.08006247560491905,0.08006247560491905
3767,LiTFSI,LiTFSI,True,0.0,LiN(CF3SO2)2,0.08006247560491905,0.08006247560491905
3768,LiTFSI,LiTFSI,True,0.0,LiN(CF3SO2)2,0.08006247560491905,0.08006247560491905
3769,LiTFSI,LiTFSI,True,0.0,LiN(CF3SO2)2,0.08006247560491905,0.08006247560491905
3770,LiTFSI,LiTFSI,True,0.0,LiN(CF3SO2)2,0.08006247560491905,0.08006247560491905
3771,LiTFSI,LiTFSI,True,0.0,LiN(CF3SO2)2,0.08006247560491905,0.08006247560491905
3772,LiTFSI,LiTFSI,True,0.0,LiN(CF3SO2)2,0.08006247560491905,0.08006247560491905
3773,LiTFSI,LiTFSI,True,0.0,LiN(CF3SO2)2,0.08006247560491905,0.08006247560491905
3774,LiTFSI,LiTFSI,True,0.0,LiN(CF3SO2)2,0.08006247560491905,0.08006247560491905
3775,LiTFSI,LiTFSI,True,0.0,LiN(CF3SO2)2,0.08006247560491905,0.08006247560491905
3776,LiTFSI,LiTFSI,True,0.0,LiN(CF3SO2)2,0.08006247560491905,0.08006247560491905
3777,LiTFSI,LiTFSI,True,0.0,LiN(CF3SO2)2,0.08006247560491905,0.08006247560491905
3778,LiTFSI,LiTFSI,True,0.0,LiN(CF3SO2)2,0.08006247560491905,0.08006247560491905
3779,LiTFSI,LiTFSI,True,0.0,LiN(CF3SO2)2,0.08006247560491905,0.08006247560491905
3780,LiTFSI,LiTFSI,True,0.0,LiN(CF3SO2)2,0.08006247560491905,0.08006247560491905
3781,LiTFSI,LiTFSI,True,0.0,LiN(CF3SO2)2,0.08006247560491905,0.08006247560491905
3782,LiTFSI,LiTFSI,True,0.0,LiN(CF3SO2)2,0.08006247560491905,0.08006247560491905
3783,LiTFSI,LiTFSI,True,0.0,LiN(CF3SO2)2,0.08006247560491905,0.08006247560491905
3784,LiTFSI,LiTFSI,True,0.0,LiN(CF3SO2)2,0.08006247560491905,0.08006247560491905
3785,LiTFSI,LiTFSI,True,0.0,LiN(CF3SO2)2,0.08006247560491905,0.08006247560491905
3786,LiTFSI,LiTFSI,True,0.0,LiN(CF3SO2)2,0.08006247560491905,0.08006247560491905
3787,LiTFSI,LiTFSI,True,0.0,LiN(CF3SO2)2,0.08006247560491905,0.08006247560491905
3788,LiBOB,LiBOB,True,0.0,LiPDI,1.0819930683696648,1.0819930683696648
3789,LiBOB,LiBOB,True,0.0,LiPDI,1.0819930683696648,1.0819930683696648
3790,LiBOB,LiBOB,True,0.0,LiPDI,1.0819930683696648,1.0819930683696648
3791,LiBOB,LiBOB,True,0.0,LiPDI,1.0819930683696648,1.0819930683696648
3792,LiBOB,LiBOB,True,0.0,LiPDI,1.0819930683696648,1.0819930683696648
3793,LiBOB,LiBOB,True,0.0,LiPDI,1.0819930683696648,1.0819930683696648
3794,LiBOB,LiBOB,True,0.0,LiPDI,1.0819930683696648,1.0819930683696648
3795,LiBOB,LiBOB,True,0.0,LiPDI,1.0819930683696648,1.0819930683696648
3796,LiBOB,LiBOB,True,0.0,LiPDI,1.0819930683696648,1.0819930683696648
3797,LiBOB,LiBOB,True,0.0,LiPDI,1.0819930683696648,1.0819930683696648
3798,LiBOB,LiBOB,True,0.0,LiPDI,1.0819930683696648,1.0819930683696648
3799,LiBOB,LiBOB,True,0.0,LiPDI,1.0819930683696648,1.0819930683696648
3800,LiBOB,LiBOB,True,0.0,LiPDI,1.0819930683696648,1.0819930683696648
3801,LiBOB,LiBOB,True,0.0,LiPDI,1.0819930683696648,1.0819930683696648
3802,LiBOB,LiBOB,True,0.0,LiPDI,1.0819930683696648,1.0819930683696648
3803,LiBOB,LiBOB,True,0.0,LiPDI,1.0819930683696648,1.0819930683696648
3804,LiBOB,LiBOB,True,0.0,LiPDI,1.0819930683696648,1.0819930683696648
3805,LiBOB,LiBOB,True,0.0,LiPDI,1.0819930683696648,1.0819930683696648
3806,LiBOB,LiBOB,True,0.0,LiPDI,1.0819930683696648,1.0819930683696648
3807,LiBOB,LiBOB,True,0.0,LiPDI,1.0819930683696648,1.0819930683696648
3808,LiBOB,LiBOB,True,0.0,LiPDI,1.0819930683696648,1.0819930683696648
3809,LiBOB,LiBOB,True,0.0,LiPDI,1.0819930683696648,1.0819930683696648
3810,LiBOB,LiBOB,True,0.0,LiPDI,1.0819930683696648,1.0819930683696648
3811,LiBOB,LiBOB,True,0.0,LiPDI,1.0819930683696648,1.0819930683696648
3812,LiBOB,LiBOB,True,0.0,LiPDI,1.0819930683696648,1.0819930683696648
3813,LiBOB,LiBOB,True,0.0,LiPDI,1.0819930683696648,1.0819930683696648
3814,LiBOB,LiBOB,True,0.0,LiPDI,1.0819930683696648,1.0819930683696648
3815,LiCF3SO3,LiCF3SO3,True,0.0,LiPF6,2.3030468948764367,2.3030468948764367
3816,LiCF3SO3,LiCF3SO3,True,0.0,LiPF6,2.3030468948764367,2.3030468948764367
3817,LiCF3SO3,LiCF3SO3,True,0.0,LiPF6,2.3030468948764367,2.3030468948764367
3818,LiCF3SO3,LiCF3SO3,True,0.0,LiPF6,2.3030468948764367,2.3030468948764367
3819,LiCF3SO3,LiCF3SO3,True,0.0,LiPF6,2.3030468948764367,2.3030468948764367
3820,LiCF3SO3,LiCF3SO3,True,0.0,LiPF6,2.3030468948764367,2.3030468948764367
3821,LiCF3SO3,LiCF3SO3,True,0.0,LiPF6,2.3030468948764367,2.3030468948764367
3822,LiCF3SO3,LiCF3SO3,True,0.0,LiPF6,2.3030468948764367,2.3030468948764367
3823,LiCF3SO3,LiCF3SO3,True,0.0,LiPF6,2.3030468948764367,2.3030468948764367
3824,LiCF3SO3,LiCF3SO3,True,0.0,LiPF6,2.3030468948764367,2.3030468948764367
3825,LiCF3SO3,LiCF3SO3,True,0.0,LiPF6,2.3030468948764367,2.3030468948764367
3826,LiCF3SO3,LiCF3SO3,True,0.0,LiPF6,2.3030468948764367,2.3030468948764367
3827,LiCF3SO3,LiCF3SO3,True,0.0,LiPF6,2.3030468948764367,2.3030468948764367
3828,LiCF3SO3,LiCF3SO3,True,0.0,LiPF6,2.3030468948764367,2.3030468948764367
3829,LiCF3SO3,LiCF3SO3,True,0.0,LiPF6,2.3030468948764367,2.3030468948764367
3830,LiCF3SO3,LiCF3SO3,True,0.0,LiPF6,2.3030468948764367,2.3030468948764367
3831,LiCF3SO3,LiCF3SO3,True,0.0,LiPF6,2.3030468948764367,2.3030468948764367
3832,LiCF3SO3,LiCF3SO3,True,0.0,LiPF6,2.3030468948764367,2.3030468948764367
3833,LiCF3SO3,LiCF3SO3,True,0.0,LiPF6,2.3030468948764367,2.3030468948764367
3834,LiCF3SO3,LiCF3SO3,True,0.0,LiPF6,2.3030468948764367,2.3030468948764367
3835,LiCF3SO3,LiCF3SO3,True,0.0,LiPF6,2.3030468948764367,2.3030468948764367
3836,LiCF3SO3,LiCF3SO3,True,0.0,LiPF6,2.3030468948764367,2.3030468948764367
3837,LiCF3SO3,LiCF3SO3,True,0.0,LiPF6,2.3030468948764367,2.3030468948764367
3838,LiCF3SO3,LiCF3SO3,True,0.0,LiPF6,2.3030468948764367,2.3030468948764367
3839,LiCF3SO3,LiCF3SO3,True,0.0,LiPF6,2.3030468948764367,2.3030468948764367
3840,LiCF3SO3,LiCF3SO3,True,0.0,LiPF6,2.3030468948764367,2.3030468948764367
3841,LiCF3SO3,LiCF3SO3,True,0.0,LiPF6,2.3030468948764367,2.3030468948764367
3842,LiBOB,LiBOB,True,0.0,LiPDI,1.0819930683696648,1.0819930683696648
3843,LiBOB,LiBOB,True,0.0,LiPDI,1.0819930683696648,1.0819930683696648
3844,LiBOB,LiBOB,True,0.0,LiPDI,1.0819930683696648,1.0819930683696648
3845,LiBOB,LiBOB,True,0.0,LiPDI,1.0819930683696648,1.0819930683696648
3846,LiBOB,LiBOB,True,0.0,LiPDI,1.0819930683696648,1.0819930683696648
3847,LiBOB,LiBOB,True,0.0,LiPDI,1.0819930683696648,1.0819930683696648
3848,LiBOB,LiBOB,True,0.0,LiPDI,1.0819930683696648,1.0819930683696648
3849,LiBOB,LiBOB,True,0.0,LiPDI,1.0819930683696648,1.0819930683696648
3850,LiBOB,LiBOB,True,0.0,LiPDI,1.0819930683696648,1.0819930683696648
3851,LiBOB,LiBOB,True,0.0,LiPDI,1.0819930683696648,1.0819930683696648
3852,LiBOB,LiBOB,True,0.0,LiPDI,1.0819930683696648,1.0819930683696648
3853,LiBOB,LiBOB,True,0.0,LiPDI,1.0819930683696648,1.0819930683696648
3854,LiBOB,LiBOB,True,0.0,LiPDI,1.0819930683696648,1.0819930683696648
3855,LiBOB,LiBOB,True,0.0,LiPDI,1.0819930683696648,1.0819930683696648
3856,LiBOB,LiBOB,True,0.0,LiPDI,1.0819930683696648,1.0819930683696648
3857,LiBOB,LiBOB,True,0.0,LiPDI,1.0819930683696648,1.0819930683696648
3858,LiBOB,LiBOB,True,0.0,LiPDI,1.0819930683696648,1.0819930683696648
3859,LiBOB,LiBOB,True,0.0,LiPDI,1.0819930683696648,1.0819930683696648
3860,LiBOB,LiBOB,True,0.0,LiPDI,1.0819930683696648,1.0819930683696648
3861,LiBOB,LiBOB,True,0.0,LiPDI,1.0819930683696648,1.0819930683696648
3862,LiTFSI,LiTFSI,True,0.0,LiN(CF3SO2)2,0.08006247560491905,0.08006247560491905
3863,LiTFSI,LiTFSI,True,0.0,LiN(CF3SO2)2,0.08006247560491905,0.08006247560491905
3864,LiTFSI,LiTFSI,True,0.0,LiN(CF3SO2)2,0.08006247560491905,0.08006247560491905
3865,LiTFSI,LiTFSI,True,0.0,LiN(CF3SO2)2,0.08006247560491905,0.08006247560491905
3866,LiTFSI,LiTFSI,True,0.0,LiN(CF3SO2)2,0.08006247560491905,0.08006247560491905
3867,LiTFSI,LiTFSI,True,0.0,LiN(CF3SO2)2,0.08006247560491905,0.08006247560491905
3868,LiTFSI,LiTFSI,True,0.0,LiN(CF3SO2)2,0.08006247560491905,0.08006247560491905
3869,LiTFSI,LiTFSI,True,0.0,LiN(CF3SO2)2,0.08006247560491905,0.08006247560491905
3870,LiTFSI,LiTFSI,True,0.0,LiN(CF3SO2)2,0.08006247560491905,0.08006247560491905
3871,LiTFSI,LiTFSI,True,0.0,LiN(CF3SO2)2,0.08006247560491905,0.08006247560491905
3872,LiTFSI,LiTFSI,True,0.0,LiN(CF3SO2)2,0.08006247560491905,0.08006247560491905
3873,LiTFSI,LiTFSI,True,0.0,LiN(CF3SO2)2,0.08006247560491905,0.08006247560491905
3874,LiTFSI,LiTFSI,True,0.0,LiN(CF3SO2)2,0.08006247560491905,0.08006247560491905
3875,LiTFSI,LiTFSI,True,0.0,LiN(CF3SO2)2,0.08006247560491905,0.08006247560491905
3876,LiTFSI,LiTFSI,True,0.0,LiN(CF3SO2)2,0.08006247560491905,0.08006247560491905
3877,LiTFSI,LiTFSI,True,0.0,LiN(CF3SO2)2,0.08006247560491905,0.08006247560491905
3878,LiTFSI,LiTFSI,True,0.0,LiN(CF3SO2)2,0.08006247560491905,0.08006247560491905
3879,LiTFSI,LiTFSI,True,0.0,LiN(CF3SO2)2,0.08006247560491905,0.08006247560491905
3880,LiTFSI,LiTFSI,True,0.0,LiN(CF3SO2)2,0.08006247560491905,0.08006247560491905
3881,LiTFSI,LiTFSI,True,0.0,LiN(CF3SO2)2,0.08006247560491905,0.08006247560491905
3882,LiClO4,LiClO4,True,0.0,LiBMB,1.8499410801428244,1.8499410801428244
3883,LiClO4,LiClO4,True,0.0,LiBMB,1.8499410801428244,1.8499410801428244
3884,LiClO4,LiClO4,True,0.0,LiBMB,1.8499410801428244,1.8499410801428244
3885,LiClO4,LiClO4,True,0.0,LiBMB,1.8499410801428244,1.8499410801428244
3886,LiClO4,LiClO4,True,0.0,LiBMB,1.8499410801428244,1.8499410801428244
3887,LiClO4,LiClO4,True,0.0,LiBMB,1.8499410801428244,1.8499410801428244
3888,LiClO4,LiClO4,True,0.0,LiBMB,1.8499410801428244,1.8499410801428244
3889,LiClO4,LiClO4,True,0.0,LiBMB,1.8499410801428244,1.8499410801428244
3890,LiClO4,LiClO4,True,0.0,LiBMB,1.8499410801428244,1.8499410801428244
3891,LiClO4,LiClO4,True,0.0,LiBMB,1.8499410801428244,1.8499410801428244
3892,LiClO4,LiClO4,True,0.0,LiBMB,1.8499410801428244,1.8499410801428244
3893,LiClO4,LiClO4,True,0.0,LiBMB,1.8499410801428244,1.8499410801428244
3894,LiClO4,LiClO4,True,0.0,LiBMB,1.8499410801428244,1.8499410801428244
3895,LiClO4,LiClO4,True,0.0,LiBMB,1.8499410801428244,1.8499410801428244
3896,LiClO4,LiClO4,True,0.0,LiBMB,1.8499410801428244,1.8499410801428244
3897,LiClO4,LiClO4,True,0.0,LiBMB,1.8499410801428244,1.8499410801428244
3898,LiClO4,LiClO4,True,0.0,LiBMB,1.8499410801428244,1.8499410801428244
3899,LiClO4,LiClO4,True,0.0,LiBMB,1.8499410801428244,1.8499410801428244
3900,LiClO4,LiClO4,True,0.0,LiBMB,1.8499410801428244,1.8499410801428244
3901,LiClO4,LiClO4,True,0.0,LiBMB,1.8499410801428244,1.8499410801428244
3902,LiBPFPB,LiBPFPB,True,0.0,LiN(CF3SO2)2,0.4014187339923195,0.4014187339923195
3903,LiBPFPB,LiBPFPB,True,0.0,LiN(CF3SO2)2,0.4014187339923195,0.4014187339923195
3904,LiBPFPB,LiBPFPB,True,0.0,LiN(CF3SO2)2,0.4014187339923195,0.4014187339923195
3905,LiBPFPB,LiBPFPB,True,0.0,LiN(CF3SO2)2,0.4014187339923195,0.4014187339923195
3906,LiBPFPB,LiBPFPB,True,0.0,LiN(CF3SO2)2,0.4014187339923195,0.4014187339923195
3907,LiBPFPB,LiBPFPB,True,0.0,LiN(CF3SO2)2,0.4014187339923195,0.4014187339923195
3908,LiBPFPB,LiBPFPB,True,0.0,LiN(CF3SO2)2,0.4014187339923195,0.4014187339923195
3909,LiBPFPB,LiBPFPB,True,0.0,LiN(CF3SO2)2,0.4014187339923195,0.4014187339923195
3910,LiBPFPB,LiBPFPB,True,0.0,LiN(CF3SO2)2,0.4014187339923195,0.4014187339923195
3911,LiBPFPB,LiBPFPB,True,0.0,LiN(CF3SO2)2,0.4014187339923195,0.4014187339923195
3912,LiBPFPB,LiBPFPB,True,0.0,LiN(CF3SO2)2,0.4014187339923195,0.4014187339923195
3913,LiBPFPB,LiBPFPB,True,0.0,LiN(CF3SO2)2,0.4014187339923195,0.4014187339923195
3914,LiBPFPB,LiBPFPB,True,0.0,LiN(CF3SO2)2,0.4014187339923195,0.4014187339923195
3915,LiBPFPB,LiBPFPB,True,0.0,LiN(CF3SO2)2,0.4014187339923195,0.4014187339923195
3916,LiBPFPB,LiBPFPB,True,0.0,LiN(CF3SO2)2,0.4014187339923195,0.4014187339923195
3917,LiBPFPB,LiBPFPB,True,0.0,LiN(CF3SO2)2,0.4014187339923195,0.4014187339923195
3918,LiBPFPB,LiBPFPB,True,0.0,LiN(CF3SO2)2,0.4014187339923195,0.4014187339923195
3919,LiBPFPB,LiBPFPB,True,0.0,LiN(CF3SO2)2,0.4014187339923195,0.4014187339923195
3920,LiBPFPB,LiBPFPB,True,0.0,LiN(CF3SO2)2,0.4014187339923195,0.4014187339923195
3921,LiBPFPB,LiBPFPB,True,0.0,LiN(CF3SO2)2,0.4014187339923195,0.4014187339923195
3922,LiBMB,LiBMB,True,0.0,LiPDI,1.1897226567566075,1.1897226567566075
3923,LiBMB,LiBMB,True,0.0,LiPDI,1.1897226567566075,1.1897226567566075
3924,LiBMB,LiBMB,True,0.0,LiPDI,1.1897226567566075,1.1897226567566075
3925,LiBMB,LiBMB,True,0.0,LiPDI,1.1897226567566075,1.1897226567566075
3926,LiBMB,LiBMB,True,0.0,LiPDI,1.1897226567566075,1.1897226567566075
3927,LiBMB,LiBMB,True,0.0,LiPDI,1.1897226567566075,1.1897226567566075
3928,LiBMB,LiBMB,True,0.0,LiPDI,1.1897226567566075,1.1897226567566075
3929,LiBMB,LiBMB,True,0.0,LiPDI,1.1897226567566075,1.1897226567566075
3930,LiBMB,LiBMB,True,0.0,LiPDI,1.1897226567566075,1.1897226567566075
3931,LiBMB,LiBMB,True,0.0,LiPDI,1.1897226567566075,1.1897226567566075
3932,LiBMB,LiBMB,True,0.0,LiPDI,1.1897226567566075,1.1897226567566075
3933,LiBMB,LiBMB,True,0.0,LiPDI,1.1897226567566075,1.1897226567566075
3934,LiBMB,LiBMB,True,0.0,LiPDI,1.1897226567566075,1.1897226567566075
3935,LiBMB,LiBMB,True,0.0,LiPDI,1.1897226567566075,1.1897226567566075
3936,LiBMB,LiBMB,True,0.0,LiPDI,1.1897226567566075,1.1897226567566075
3937,LiBMB,LiBMB,True,0.0,LiPDI,1.1897226567566075,1.1897226567566075
3938,LiCF3SO3,LiCF3SO3,True,0.0,LiPF6,2.3030468948764367,2.3030468948764367
3939,LiCF3SO3,LiCF3SO3,True,0.0,LiPF6,2.3030468948764367,2.3030468948764367
3940,LiCF3SO3,LiCF3SO3,True,0.0,LiPF6,2.3030468948764367,2.3030468948764367
3941,LiCF3SO3,LiCF3SO3,True,0.0,LiPF6,2.3030468948764367,2.3030468948764367
3942,LiCF3SO3,LiCF3SO3,True,0.0,LiPF6,2.3030468948764367,2.3030468948764367
3943,LiCF3SO3,LiCF3SO3,True,0.0,LiPF6,2.3030468948764367,2.3030468948764367
3944,LiCF3SO3,LiCF3SO3,True,0.0,LiPF6,2.3030468948764367,2.3030468948764367
3945,LiCF3SO3,LiCF3SO3,True,0.0,LiPF6,2.3030468948764367,2.3030468948764367
3946,LiCF3SO3,LiCF3SO3,True,0.0,LiPF6,2.3030468948764367,2.3030468948764367
3947,LiCF3SO3,LiCF3SO3,True,0.0,LiPF6,2.3030468948764367,2.3030468948764367
3948,LiCF3SO3,LiCF3SO3,True,0.0,LiPF6,2.3030468948764367,2.3030468948764367
3949,LiCF3SO3,LiCF3SO3,True,0.0,LiPF6,2.3030468948764367,2.3030468948764367
3950,LiCF3SO3,LiCF3SO3,True,0.0,LiPF6,2.3030468948764367,2.3030468948764367
3951,LiCF3SO3,LiCF3SO3,True,0.0,LiPF6,2.3030468948764367,2.3030468948764367
3952,LiCF3SO3,LiCF3SO3,True,0.0,LiPF6,2.3030468948764367,2.3030468948764367
3953,LiCF3SO3,LiCF3SO3,True,0.0,LiPF6,2.3030468948764367,2.3030468948764367
3954,LiCF3SO3,LiCF3SO3,True,0.0,LiPF6,2.3030468948764367,2.3030468948764367
3955,LiCF3SO3,LiCF3SO3,True,0.0,LiPF6,2.3030468948764367,2.3030468948764367
3956,LiCF3SO3,LiCF3SO3,True,0.0,LiPF6,2.3030468948764367,2.3030468948764367
3957,LiCF3SO3,LiCF3SO3,True,0.0,LiPF6,2.3030468948764367,2.3030468948764367
3958,LiPF6,LiPF6,True,0.0,LiCF3SO3,2.3030468948764367,2.3030468948764367
3959,LiPF6,LiPF6,True,0.0,LiCF3SO3,2.3030468948764367,2.3030468948764367
3960,LiPF6,LiPF6,True,0.0,LiCF3SO3,2.3030468948764367,2.3030468948764367
3961,LiPF6,LiPF6,True,0.0,LiCF3SO3,2.3030468948764367,2.3030468948764367
3962,LiPF6,LiPF6,True,0.0,LiCF3SO3,2.3030468948764367,2.3030468948764367
3963,LiPF6,LiPF6,True,0.0,LiCF3SO3,2.3030468948764367,2.3030468948764367
3964,LiPF6,LiPF6,True,0.0,LiCF3SO3,2.3030468948764367,2.3030468948764367
3965,LiPF6,LiPF6,True,0.0,LiCF3SO3,2.3030468948764367,2.3030468948764367
3966,LiPF6,LiPF6,True,0.0,LiCF3SO3,2.3030468948764367,2.3030468948764367
3967,LiPF6,LiPF6,True,0.0,LiCF3SO3,2.3030468948764367,2.3030468948764367
3968,LiPF6,LiPF6,True,0.0,LiCF3SO3,2.3030468948764367,2.3030468948764367
3969,LiPF6,LiPF6,True,0.0,LiCF3SO3,2.3030468948764367,2.3030468948764367
3970,LiPF6,LiPF6,True,0.0,LiCF3SO3,2.3030468948764367,2.3030468948764367
3971,LiPF6,LiPF6,True,0.0,LiCF3SO3,2.3030468948764367,2.3030468948764367
3972,LiPF6,LiPF6,True,0.0,LiCF3SO3,2.3030468948764367,2.3030468948764367
3973,LiPF6,LiPF6,True,0.0,LiCF3SO3,2.3030468948764367,2.3030468948764367
3974,LiPF6,LiPF6,True,0.0,LiCF3SO3,2.3030468948764367,2.3030468948764367
3975,LiPF6,LiPF6,True,0.0,LiCF3SO3,2.3030468948764367,2.3030468948764367
3976,LiPF6,LiPF6,True,0.0,LiCF3SO3,2.3030468948764367,2.3030468948764367
3977,LiPF6,LiPF6,True,0.0,LiCF3SO3,2.3030468948764367,2.3030468948764367
3978,LiPF6,LiPF6,True,0.0,LiCF3SO3,2.3030468948764367,2.3030468948764367
3979,LiPF6,LiPF6,True,0.0,LiCF3SO3,2.3030468948764367,2.3030468948764367
3980,LiPF6,LiPF6,True,0.0,LiCF3SO3,2.3030468948764367,2.3030468948764367
3981,LiPF6,LiPF6,True,0.0,LiCF3SO3,2.3030468948764367,2.3030468948764367
3982,LiPF6,LiPF6,True,0.0,LiCF3SO3,2.3030468948764367,2.3030468948764367
3983,LiPF6,LiPF6,True,0.0,LiCF3SO3,2.3030468948764367,2.3030468948764367
3984,LiPF6,LiPF6,True,0.0,LiCF3SO3,2.3030468948764367,2.3030468948764367
3985,LiPF6,LiPF6,True,0.0,LiCF3SO3,2.3030468948764367,2.3030468948764367
3986,LiPF6,LiPF6,True,0.0,LiCF3SO3,2.3030468948764367,2.3030468948764367
3987,LiPF6,LiPF6,True,0.0,LiCF3SO3,2.3030468948764367,2.3030468948764367
3988,LiPF6,LiPF6,True,0.0,LiCF3SO3,2.3030468948764367,2.3030468948764367
3989,LiPF6,LiPF6,True,0.0,LiCF3SO3,2.3030468948764367,2.3030468948764367
3990,LiPF6,LiPF6,True,0.0,LiCF3SO3,2.3030468948764367,2.3030468948764367
3991,LiPF6,LiPF6,True,0.0,LiCF3SO3,2.3030468948764367,2.3030468948764367
3992,LiPF6,LiPF6,True,0.0,LiCF3SO3,2.3030468948764367,2.3030468948764367
3993,LiPF6,LiPF6,True,0.0,LiCF3SO3,2.3030468948764367,2.3030468948764367
3994,LiPF6,LiPF6,True,0.0,LiCF3SO3,2.3030468948764367,2.3030468948764367
3995,LiPF6,LiPF6,True,0.0,LiCF3SO3,2.3030468948764367,2.3030468948764367
3996,LiPF6,LiPF6,True,0.0,LiCF3SO3,2.3030468948764367,2.3030468948764367
3997,LiPF6,LiPF6,True,0.0,LiCF3SO3,2.3030468948764367,2.3030468948764367
3998,LiPF6,LiPF6,True,0.0,LiCF3SO3,2.3030468948764367,2.3030468948764367
3999,LiPF6,LiPF6,True,0.0,LiCF3SO3,2.3030468948764367,2.3030468948764367
4000,LiPF6,LiPF6,True,0.0,LiCF3SO3,2.3030468948764367,2.3030468948764367
4001,LiPF6,LiPF6,True,0.0,LiCF3SO3,2.3030468948764367,2.3030468948764367
4002,LiPF6,LiPF6,True,0.0,LiCF3SO3,2.3030468948764367,2.3030468948764367
4003,LiPF6,LiPF6,True,0.0,LiCF3SO3,2.3030468948764367,2.3030468948764367
4004,LiPF6,LiPF6,True,0.0,LiCF3SO3,2.3030468948764367,2.3030468948764367
4005,LiPF6,LiPF6,True,0.0,LiCF3SO3,2.3030468948764367,2.3030468948764367
4006,LiPF6,LiPF6,True,0.0,LiCF3SO3,2.3030468948764367,2.3030468948764367
4007,LiPF6,LiPF6,True,0.0,LiCF3SO3,2.3030468948764367,2.3030468948764367
4008,LiPF6,LiPF6,True,0.0,LiCF3SO3,2.3030468948764367,2.3030468948764367
4009,LiPF6,LiPF6,True,0.0,LiCF3SO3,2.3030468948764367,2.3030468948764367
4010,LiPF6,LiPF6,True,0.0,LiCF3SO3,2.3030468948764367,2.3030468948764367
4011,LiPF6,LiPF6,True,0.0,LiCF3SO3,2.3030468948764367,2.3030468948764367
4012,LiPF6,LiPF6,True,0.0,LiCF3SO3,2.3030468948764367,2.3030468948764367
4013,LiPF6,LiPF6,True,0.0,LiCF3SO3,2.3030468948764367,2.3030468948764367
4014,LiPF6,LiPF6,True,0.0,LiCF3SO3,2.3030468948764367,2.3030468948764367
4015,LiPF6,LiPF6,True,0.0,LiCF3SO3,2.3030468948764367,2.3030468948764367
4016,LiPF6,LiPF6,True,0.0,LiCF3SO3,2.3030468948764367,2.3030468948764367
4017,LiPF6,LiPF6,True,0.0,LiCF3SO3,2.3030468948764367,2.3030468948764367
4018,LiPF6,LiPF6,True,0.0,LiCF3SO3,2.3030468948764367,2.3030468948764367
4019,LiPF6,LiPF6,True,0.0,LiCF3SO3,2.3030468948764367,2.3030468948764367
4020,LiPF6,LiPF6,True,0.0,LiCF3SO3,2.3030468948764367,2.3030468948764367
4021,LiPF6,LiPF6,True,0.0,LiCF3SO3,2.3030468948764367,2.3030468948764367
4022,LiPF6,LiPF6,True,0.0,LiCF3SO3,2.3030468948764367,2.3030468948764367
4023,LiPF6,LiPF6,True,0.0,LiCF3SO3,2.3030468948764367,2.3030468948764367
4024,LiPF6,LiPF6,True,0.0,LiCF3SO3,2.3030468948764367,2.3030468948764367
4025,LiPF6,LiPF6,True,0.0,LiCF3SO3,2.3030468948764367,2.3030468948764367
4026,LiPF6,LiPF6,True,0.0,LiCF3SO3,2.3030468948764367,2.3030468948764367
4027,LiPF6,LiPF6,True,0.0,LiCF3SO3,2.3030468948764367,2.3030468948764367
4028,LiPF6,LiPF6,True,0.0,LiCF3SO3,2.3030468948764367,2.3030468948764367
4029,LiPF6,LiPF6,True,0.0,LiCF3SO3,2.3030468948764367,2.3030468948764367
4030,LiPF6,LiPF6,True,0.0,LiCF3SO3,2.3030468948764367,2.3030468948764367
4031,LiPF6,LiPF6,True,0.0,LiCF3SO3,2.3030468948764367,2.3030468948764367
4032,LiPF6,LiPF6,True,0.0,LiCF3SO3,2.3030468948764367,2.3030468948764367
4033,LiPF6,LiPF6,True,0.0,LiCF3SO3,2.3030468948764367,2.3030468948764367
4034,LiPF6,LiPF6,True,0.0,LiCF3SO3,2.3030468948764367,2.3030468948764367
4035,LiPF6,LiPF6,True,0.0,LiCF3SO3,2.3030468948764367,2.3030468948764367
4036,LiPF6,LiPF6,True,0.0,LiCF3SO3,2.3030468948764367,2.3030468948764367
4037,LiPF6,LiPF6,True,0.0,LiCF3SO3,2.3030468948764367,2.3030468948764367
4038,LiPF6,LiPF6,True,0.0,LiCF3SO3,2.3030468948764367,2.3030468948764367
4039,LiPF6,LiPF6,True,0.0,LiCF3SO3,2.3030468948764367,2.3030468948764367
4040,LiPF6,LiPF6,True,0.0,LiCF3SO3,2.3030468948764367,2.3030468948764367
4041,LiPF6,LiPF6,True,0.0,LiCF3SO3,2.3030468948764367,2.3030468948764367
4042,LiPF6,LiPF6,True,0.0,LiCF3SO3,2.3030468948764367,2.3030468948764367
4043,LiPF6,LiPF6,True,0.0,LiCF3SO3,2.3030468948764367,2.3030468948764367
4044,LiPF6,LiPF6,True,0.0,LiCF3SO3,2.3030468948764367,2.3030468948764367
4045,LiPF6,LiPF6,True,0.0,LiCF3SO3,2.3030468948764367,2.3030468948764367
4046,LiPF6,LiPF6,True,0.0,LiCF3SO3,2.3030468948764367,2.3030468948764367
4047,LiPF6,LiPF6,True,0.0,LiCF3SO3,2.3030468948764367,2.3030468948764367
4048,LiPF6,LiPF6,True,0.0,LiCF3SO3,2.3030468948764367,2.3030468948764367
4049,LiPF6,LiPF6,True,0.0,LiCF3SO3,2.3030468948764367,2.3030468948764367
4050,LiPF6,LiPF6,True,0.0,LiCF3SO3,2.3030468948764367,2.3030468948764367
4051,LiPF6,LiPF6,True,0.0,LiCF3SO3,2.3030468948764367,2.3030468948764367
4052,LiPF6,LiPF6,True,0.0,LiCF3SO3,2.3030468948764367,2.3030468948764367
4053,LiPF6,LiPF6,True,0.0,LiCF3SO3,2.3030468948764367,2.3030468948764367
4054,LiPF6,LiPF6,True,0.0,LiCF3SO3,2.3030468948764367,2.3030468948764367
4055,LiPF6,LiPF6,True,0.0,LiCF3SO3,2.3030468948764367,2.3030468948764367
4056,LiPF6,LiPF6,True,0.0,LiCF3SO3,2.3030468948764367,2.3030468948764367
4057,LiPF6,LiPF6,True,0.0,LiCF3SO3,2.3030468948764367,2.3030468948764367
4058,LiPF6,LiPF6,True,0.0,LiCF3SO3,2.3030468948764367,2.3030468948764367
4059,LiPF6,LiPF6,True,0.0,LiCF3SO3,2.3030468948764367,2.3030468948764367
4060,LiPF6,LiPF6,True,0.0,LiCF3SO3,2.3030468948764367,2.3030468948764367
4061,LiPF6,LiPF6,True,0.0,LiCF3SO3,2.3030468948764367,2.3030468948764367
4062,LiPF6,LiPF6,True,0.0,LiCF3SO3,2.3030468948764367,2.3030468948764367
4063,LiPF6,LiPF6,True,0.0,LiCF3SO3,2.3030468948764367,2.3030468948764367
4064,LiPF6,LiPF6,True,0.0,LiCF3SO3,2.3030468948764367,2.3030468948764367
4065,LiPF6,LiPF6,True,0.0,LiCF3SO3,2.3030468948764367,2.3030468948764367
4066,LiPF6,LiPF6,True,0.0,LiCF3SO3,2.3030468948764367,2.3030468948764367
4067,LiPF6,LiPF6,True,0.0,LiCF3SO3,2.3030468948764367,2.3030468948764367
4068,LiPF6,LiPF6,True,0.0,LiCF3SO3,2.3030468948764367,2.3030468948764367
4069,LiPF6,LiPF6,True,0.0,LiCF3SO3,2.3030468948764367,2.3030468948764367
4070,LiPF6,LiPF6,True,0.0,LiCF3SO3,2.3030468948764367,2.3030468948764367
4071,LiPF6,LiPF6,True,0.0,LiCF3SO3,2.3030468948764367,2.3030468948764367
4072,LiPF6,LiPF6,True,0.0,LiCF3SO3,2.3030468948764367,2.3030468948764367
4073,LiPF6,LiPF6,True,0.0,LiCF3SO3,2.3030468948764367,2.3030468948764367
4074,LiPF6,LiPF6,True,0.0,LiCF3SO3,2.3030468948764367,2.3030468948764367
4075,LiPF6,LiPF6,True,0.0,LiCF3SO3,2.3030468948764367,2.3030468948764367
4076,LiPF6,LiPF6,True,0.0,LiCF3SO3,2.3030468948764367,2.3030468948764367
4077,LiPF6,LiPF6,True,0.0,LiCF3SO3,2.3030468948764367,2.3030468948764367
4078,LiPF6,LiPF6,True,0.0,LiCF3SO3,2.3030468948764367,2.3030468948764367
4079,LiPF6,LiPF6,True,0.0,LiCF3SO3,2.3030468948764367,2.3030468948764367
4080,LiPF6,LiPF6,True,0.0,LiCF3SO3,2.3030468948764367,2.3030468948764367
4081,LiPF6,LiPF6,True,0.0,LiCF3SO3,2.3030468948764367,2.3030468948764367
4082,LiPF6,LiPF6,True,0.0,LiCF3SO3,2.3030468948764367,2.3030468948764367
4083,LiPF6,LiPF6,True,0.0,LiCF3SO3,2.3030468948764367,2.3030468948764367
4084,LiPF6,LiPF6,True,0.0,LiCF3SO3,2.3030468948764367,2.3030468948764367
4085,LiPF6,LiPF6,True,0.0,LiCF3SO3,2.3030468948764367,2.3030468948764367
4086,LiPF6,LiPF6,True,0.0,LiCF3SO3,2.3030468948764367,2.3030468948764367
4087,LiPF6,LiPF6,True,0.0,LiCF3SO3,2.3030468948764367,2.3030468948764367
4088,LiPF6,LiPF6,True,0.0,LiCF3SO3,2.3030468948764367,2.3030468948764367
4089,LiPF6,LiPF6,True,0.0,LiCF3SO3,2.3030468948764367,2.3030468948764367
4090,LiPF6,LiPF6,True,0.0,LiCF3SO3,2.3030468948764367,2.3030468948764367
4091,LiPF6,LiPF6,True,0.0,LiCF3SO3,2.3030468948764367,2.3030468948764367
4092,LiPF6,LiPF6,True,0.0,LiCF3SO3,2.3030468948764367,2.3030468948764367
4093,LiPF6,LiPF6,True,0.0,LiCF3SO3,2.3030468948764367,2.3030468948764367
4094,LiPF6,LiPF6,True,0.0,LiCF3SO3,2.3030468948764367,2.3030468948764367
4095,LiPF6,LiPF6,True,0.0,LiCF3SO3,2.3030468948764367,2.3030468948764367
4096,LiPF6,LiPF6,True,0.0,LiCF3SO3,2.3030468948764367,2.3030468948764367
4097,LiPF6,LiPF6,True,0.0,LiCF3SO3,2.3030468948764367,2.3030468948764367
4098,LiPF6,LiPF6,True,0.0,LiCF3SO3,2.3030468948764367,2.3030468948764367
4099,LiPF6,LiPF6,True,0.0,LiCF3SO3,2.3030468948764367,2.3030468948764367
4100,LiPF6,LiPF6,True,0.0,LiCF3SO3,2.3030468948764367,2.3030468948764367
4101,LiPF6,LiPF6,True,0.0,LiCF3SO3,2.3030468948764367,2.3030468948764367
4102,LiPF6,LiPF6,True,0.0,LiCF3SO3,2.3030468948764367,2.3030468948764367
4103,LiPF6,LiPF6,True,0.0,LiCF3SO3,2.3030468948764367,2.3030468948764367
4104,LiPF6,LiPF6,True,0.0,LiCF3SO3,2.3030468948764367,2.3030468948764367
4105,LiPF6,LiPF6,True,0.0,LiCF3SO3,2.3030468948764367,2.3030468948764367
4106,LiPF6,LiPF6,True,0.0,LiCF3SO3,2.3030468948764367,2.3030468948764367
4107,LiPF6,LiPF6,True,0.0,LiCF3SO3,2.3030468948764367,2.3030468948764367
4108,LiPF6,LiPF6,True,0.0,LiCF3SO3,2.3030468948764367,2.3030468948764367
4109,LiPF6,LiPF6,True,0.0,LiCF3SO3,2.3030468948764367,2.3030468948764367
4110,LiPF6,LiPF6,True,0.0,LiCF3SO3,2.3030468948764367,2.3030468948764367
4111,LiPF6,LiPF6,True,0.0,LiCF3SO3,2.3030468948764367,2.3030468948764367
4112,LiPF6,LiPF6,True,0.0,LiCF3SO3,2.3030468948764367,2.3030468948764367
4113,LiPF6,LiPF6,True,0.0,LiCF3SO3,2.3030468948764367,2.3030468948764367
4114,LiPF6,LiPF6,True,0.0,LiCF3SO3,2.3030468948764367,2.3030468948764367
4115,LiPF6,LiPF6,True,0.0,LiCF3SO3,2.3030468948764367,2.3030468948764367
4116,LiPF6,LiPF6,True,0.0,LiCF3SO3,2.3030468948764367,2.3030468948764367
4117,LiPF6,LiPF6,True,0.0,LiCF3SO3,2.3030468948764367,2.3030468948764367
4118,LiPF6,LiPF6,True,0.0,LiCF3SO3,2.3030468948764367,2.3030468948764367
4119,LiPF6,LiPF6,True,0.0,LiCF3SO3,2.3030468948764367,2.3030468948764367
4120,LiPF6,LiPF6,True,0.0,LiCF3SO3,2.3030468948764367,2.3030468948764367
4121,LiPF6,LiPF6,True,0.0,LiCF3SO3,2.3030468948764367,2.3030468948764367
4122,LiPF6,LiPF6,True,0.0,LiCF3SO3,2.3030468948764367,2.3030468948764367
4123,LiPF6,LiPF6,True,0.0,LiCF3SO3,2.3030468948764367,2.3030468948764367
4124,LiPF6,LiPF6,True,0.0,LiCF3SO3,2.3030468948764367,2.3030468948764367
4125,LiPF6,LiPF6,True,0.0,LiCF3SO3,2.3030468948764367,2.3030468948764367
4126,LiPF6,LiPF6,True,0.0,LiCF3SO3,2.3030468948764367,2.3030468948764367
4127,LiPF6,LiPF6,True,0.0,LiCF3SO3,2.3030468948764367,2.3030468948764367
4128,LiPF6,LiPF6,True,0.0,LiCF3SO3,2.3030468948764367,2.3030468948764367
4129,LiPF6,LiPF6,True,0.0,LiCF3SO3,2.3030468948764367,2.3030468948764367
4130,LiPF6,LiPF6,True,0.0,LiCF3SO3,2.3030468948764367,2.3030468948764367
4131,LiPF6,LiPF6,True,0.0,LiCF3SO3,2.3030468948764367,2.3030468948764367
4132,LiPF6,LiPF6,True,0.0,LiCF3SO3,2.3030468948764367,2.3030468948764367
4133,LiPF6,LiPF6,True,0.0,LiCF3SO3,2.3030468948764367,2.3030468948764367
4134,LiPF6,LiPF6,True,0.0,LiCF3SO3,2.3030468948764367,2.3030468948764367
4135,LiPF6,LiPF6,True,0.0,LiCF3SO3,2.3030468948764367,2.3030468948764367
4136,LiPF6,LiPF6,True,0.0,LiCF3SO3,2.3030468948764367,2.3030468948764367
4137,LiPF6,LiPF6,True,0.0,LiCF3SO3,2.3030468948764367,2.3030468948764367
4138,LiPF6,LiPF6,True,0.0,LiCF3SO3,2.3030468948764367,2.3030468948764367
4139,LiPF6,LiPF6,True,0.0,LiCF3SO3,2.3030468948764367,2.3030468948764367
4140,LiPF6,LiPF6,True,0.0,LiCF3SO3,2.3030468948764367,2.3030468948764367
4141,LiPF6,LiPF6,True,0.0,LiCF3SO3,2.3030468948764367,2.3030468948764367
4142,LiPF6,LiPF6,True,0.0,LiCF3SO3,2.3030468948764367,2.3030468948764367
4143,LiPF6,LiPF6,True,0.0,LiCF3SO3,2.3030468948764367,2.3030468948764367
4144,LiPF6,LiPF6,True,0.0,LiCF3SO3,2.3030468948764367,2.3030468948764367
4145,LiPF6,LiPF6,True,0.0,LiCF3SO3,2.3030468948764367,2.3030468948764367
4146,LiPF6,LiPF6,True,0.0,LiCF3SO3,2.3030468948764367,2.3030468948764367
4147,LiPF6,LiPF6,True,0.0,LiCF3SO3,2.3030468948764367,2.3030468948764367
4148,LiPF6,LiPF6,True,0.0,LiCF3SO3,2.3030468948764367,2.3030468948764367
4149,LiPF6,LiPF6,True,0.0,LiCF3SO3,2.3030468948764367,2.3030468948764367
4150,LiPF6,LiPF6,True,0.0,LiCF3SO3,2.3030468948764367,2.3030468948764367
4151,LiPF6,LiPF6,True,0.0,LiCF3SO3,2.3030468948764367,2.3030468948764367
4152,LiPF6,LiPF6,True,0.0,LiCF3SO3,2.3030468948764367,2.3030468948764367
4153,LiPF6,LiPF6,True,0.0,LiCF3SO3,2.3030468948764367,2.3030468948764367
4154,LiPF6,LiPF6,True,0.0,LiCF3SO3,2.3030468948764367,2.3030468948764367
4155,LiPF6,LiPF6,True,0.0,LiCF3SO3,2.3030468948764367,2.3030468948764367
4156,LiPF6,LiPF6,True,0.0,LiCF3SO3,2.3030468948764367,2.3030468948764367
4157,LiPF6,LiPF6,True,0.0,LiCF3SO3,2.3030468948764367,2.3030468948764367
4158,LiPF6,LiPF6,True,0.0,LiCF3SO3,2.3030468948764367,2.3030468948764367
4159,LiPF6,LiPF6,True,0.0,LiCF3SO3,2.3030468948764367,2.3030468948764367
4160,LiPF6,LiPF6,True,0.0,LiCF3SO3,2.3030468948764367,2.3030468948764367
4161,LiPF6,LiPF6,True,0.0,LiCF3SO3,2.3030468948764367,2.3030468948764367
4162,LiPF6,LiPF6,True,0.0,LiCF3SO3,2.3030468948764367,2.3030468948764367
4163,LiPF6,LiPF6,True,0.0,LiCF3SO3,2.3030468948764367,2.3030468948764367
4164,LiPF6,LiPF6,True,0.0,LiCF3SO3,2.3030468948764367,2.3030468948764367
4165,LiPF6,LiPF6,True,0.0,LiCF3SO3,2.3030468948764367,2.3030468948764367
4166,LiPF6,LiPF6,True,0.0,LiCF3SO3,2.3030468948764367,2.3030468948764367
4167,LiPF6,LiPF6,True,0.0,LiCF3SO3,2.3030468948764367,2.3030468948764367
4168,LiPF6,LiPF6,True,0.0,LiCF3SO3,2.3030468948764367,2.3030468948764367
4169,LiPF6,LiPF6,True,0.0,LiCF3SO3,2.3030468948764367,2.3030468948764367
4170,LiPF6,LiPF6,True,0.0,LiCF3SO3,2.3030468948764367,2.3030468948764367
4171,LiPF6,LiPF6,True,0.0,LiCF3SO3,2.3030468948764367,2.3030468948764367
4172,LiPF6,LiPF6,True,0.0,LiCF3SO3,2.3030468948764367,2.3030468948764367
4173,LiPF6,LiPF6,True,0.0,LiCF3SO3,2.3030468948764367,2.3030468948764367
4174,LiPF6,LiPF6,True,0.0,LiCF3SO3,2.3030468948764367,2.3030468948764367
4175,LiPF6,LiPF6,True,0.0,LiCF3SO3,2.3030468948764367,2.3030468948764367
4176,LiPF6,LiPF6,True,0.0,LiCF3SO3,2.3030468948764367,2.3030468948764367
4177,LiPF6,LiPF6,True,0.0,LiCF3SO3,2.3030468948764367,2.3030468948764367
4178,LiPF6,LiPF6,True,0.0,LiCF3SO3,2.3030468948764367,2.3030468948764367
4179,LiPF6,LiPF6,True,0.0,LiCF3SO3,2.3030468948764367,2.3030468948764367
4180,LiPF6,LiPF6,True,0.0,LiCF3SO3,2.3030468948764367,2.3030468948764367
4181,LiPF6,LiPF6,True,0.0,LiCF3SO3,2.3030468948764367,2.3030468948764367
4182,LiPF6,LiPF6,True,0.0,LiCF3SO3,2.3030468948764367,2.3030468948764367
4183,LiPF6,LiPF6,True,0.0,LiCF3SO3,2.3030468948764367,2.3030468948764367
4184,LiPF6,LiPF6,True,0.0,LiCF3SO3,2.3030468948764367,2.3030468948764367
4185,LiPF6,LiPF6,True,0.0,LiCF3SO3,2.3030468948764367,2.3030468948764367
4186,LiPF6,LiPF6,True,0.0,LiCF3SO3,2.3030468948764367,2.3030468948764367
4187,LiPF6,LiPF6,True,0.0,LiCF3SO3,2.3030468948764367,2.3030468948764367
4188,LiPF6,LiPF6,True,0.0,LiCF3SO3,2.3030468948764367,2.3030468948764367
4189,LiPF6,LiPF6,True,0.0,LiCF3SO3,2.3030468948764367,2.3030468948764367
4190,LiPF6,LiPF6,True,0.0,LiCF3SO3,2.3030468948764367,2.3030468948764367
4191,LiPF6,LiPF6,True,0.0,LiCF3SO3,2.3030468948764367,2.3030468948764367
4192,LiPF6,LiPF6,True,0.0,LiCF3SO3,2.3030468948764367,2.3030468948764367
4193,LiPF6,LiPF6,True,0.0,LiCF3SO3,2.3030468948764367,2.3030468948764367
4194,LiPF6,LiPF6,True,0.0,LiCF3SO3,2.3030468948764367,2.3030468948764367
4195,LiPF6,LiPF6,True,0.0,LiCF3SO3,2.3030468948764367,2.3030468948764367
4196,LiPF6,LiPF6,True,0.0,LiCF3SO3,2.3030468948764367,2.3030468948764367
4197,LiPF6,LiPF6,True,0.0,LiCF3SO3,2.3030468948764367,2.3030468948764367
4198,LiPF6,LiPF6,True,0.0,LiCF3SO3,2.3030468948764367,2.3030468948764367
4199,LiPF6,LiPF6,True,0.0,LiCF3SO3,2.3030468948764367,2.3030468948764367
4200,LiPF6,LiPF6,True,0.0,LiCF3SO3,2.3030468948764367,2.3030468948764367
4201,LiPF6,LiPF6,True,0.0,LiCF3SO3,2.3030468948764367,2.3030468948764367
4202,LiPF6,LiPF6,True,0.0,LiCF3SO3,2.3030468948764367,2.3030468948764367
4203,LiPF6,LiPF6,True,0.0,LiCF3SO3,2.3030468948764367,2.3030468948764367
4204,LiPF6,LiPF6,True,0.0,LiCF3SO3,2.3030468948764367,2.3030468948764367
4205,LiPF6,LiPF6,True,0.0,LiCF3SO3,2.3030468948764367,2.3030468948764367
4206,LiPF6,LiPF6,True,0.0,LiCF3SO3,2.3030468948764367,2.3030468948764367
4207,LiPF6,LiPF6,True,0.0,LiCF3SO3,2.3030468948764367,2.3030468948764367
4208,LiPF6,LiPF6,True,0.0,LiCF3SO3,2.3030468948764367,2.3030468948764367
4209,LiPF6,LiPF6,True,0.0,LiCF3SO3,2.3030468948764367,2.3030468948764367
4210,LiPF6,LiPF6,True,0.0,LiCF3SO3,2.3030468948764367,2.3030468948764367
4211,LiPF6,LiPF6,True,0.0,LiCF3SO3,2.3030468948764367,2.3030468948764367
4212,LiPF6,LiPF6,True,0.0,LiCF3SO3,2.3030468948764367,2.3030468948764367
4213,LiPF6,LiPF6,True,0.0,LiCF3SO3,2.3030468948764367,2.3030468948764367
4214,LiPF6,LiPF6,True,0.0,LiCF3SO3,2.3030468948764367,2.3030468948764367
4215,LiPF6,LiPF6,True,0.0,LiCF3SO3,2.3030468948764367,2.3030468948764367
4216,LiPF6,LiPF6,True,0.0,LiCF3SO3,2.3030468948764367,2.3030468948764367
4217,LiPF6,LiPF6,True,0.0,LiCF3SO3,2.3030468948764367,2.3030468948764367
4218,LiPF6,LiPF6,True,0.0,LiCF3SO3,2.3030468948764367,2.3030468948764367
4219,LiPF6,LiPF6,True,0.0,LiCF3SO3,2.3030468948764367,2.3030468948764367
4220,LiPF6,LiPF6,True,0.0,LiCF3SO3,2.3030468948764367,2.3030468948764367
4221,LiPF6,LiPF6,True,0.0,LiCF3SO3,2.3030468948764367,2.3030468948764367
4222,LiPF6,LiPF6,True,0.0,LiCF3SO3,2.3030468948764367,2.3030468948764367
4223,LiPF6,LiPF6,True,0.0,LiCF3SO3,2.3030468948764367,2.3030468948764367
4224,LiPF6,LiPF6,True,0.0,LiCF3SO3,2.3030468948764367,2.3030468948764367
4225,LiPF6,LiPF6,True,0.0,LiCF3SO3,2.3030468948764367,2.3030468948764367
4226,LiPF6,LiPF6,True,0.0,LiCF3SO3,2.3030468948764367,2.3030468948764367
4227,LiPF6,LiPF6,True,0.0,LiCF3SO3,2.3030468948764367,2.3030468948764367
4228,LiPF6,LiPF6,True,0.0,LiCF3SO3,2.3030468948764367,2.3030468948764367
4229,LiPF6,LiPF6,True,0.0,LiCF3SO3,2.3030468948764367,2.3030468948764367
4230,LiPF6,LiPF6,True,0.0,LiCF3SO3,2.3030468948764367,2.3030468948764367
4231,LiPF6,LiPF6,True,0.0,LiCF3SO3,2.3030468948764367,2.3030468948764367
4232,LiPF6,LiPF6,True,0.0,LiCF3SO3,2.3030468948764367,2.3030468948764367
4233,LiPF6,LiPF6,True,0.0,LiCF3SO3,2.3030468948764367,2.3030468948764367
4234,LiPF6,LiPF6,True,0.0,LiCF3SO3,2.3030468948764367,2.3030468948764367
4235,LiPF6,LiPF6,True,0.0,LiCF3SO3,2.3030468948764367,2.3030468948764367
4236,LiPF6,LiPF6,True,0.0,LiCF3SO3,2.3030468948764367,2.3030468948764367
4237,LiPF6,LiPF6,True,0.0,LiCF3SO3,2.3030468948764367,2.3030468948764367
4238,LiPF6,LiPF6,True,0.0,LiCF3SO3,2.3030468948764367,2.3030468948764367
4239,LiPF6,LiPF6,True,0.0,LiCF3SO3,2.3030468948764367,2.3030468948764367
4240,LiPF6,LiPF6,True,0.0,LiCF3SO3,2.3030468948764367,2.3030468948764367
4241,LiPF6,LiPF6,True,0.0,LiCF3SO3,2.3030468948764367,2.3030468948764367
4242,LiPF6,LiPF6,True,0.0,LiCF3SO3,2.3030468948764367,2.3030468948764367
4243,LiPF6,LiPF6,True,0.0,LiCF3SO3,2.3030468948764367,2.3030468948764367
4244,LiPF6,LiPF6,True,0.0,LiCF3SO3,2.3030468948764367,2.3030468948764367
4245,LiPF6,LiPF6,True,0.0,LiCF3SO3,2.3030468948764367,2.3030468948764367
4246,LiPF6,LiPF6,True,0.0,LiCF3SO3,2.3030468948764367,2.3030468948764367
4247,LiPF6,LiPF6,True,0.0,LiCF3SO3,2.3030468948764367,2.3030468948764367
4248,LiPF6,LiPF6,True,0.0,LiCF3SO3,2.3030468948764367,2.3030468948764367
4249,LiPF6,LiPF6,True,0.0,LiCF3SO3,2.3030468948764367,2.3030468948764367
4250,LiPF6,LiPF6,True,0.0,LiCF3SO3,2.3030468948764367,2.3030468948764367
4251,LiPF6,LiPF6,True,0.0,LiCF3SO3,2.3030468948764367,2.3030468948764367
4252,LiPF6,LiPF6,True,0.0,LiCF3SO3,2.3030468948764367,2.3030468948764367
4253,LiPF6,LiPF6,True,0.0,LiCF3SO3,2.3030468948764367,2.3030468948764367
4254,LiPF6,LiPF6,True,0.0,LiCF3SO3,2.3030468948764367,2.3030468948764367
4255,LiPF6,LiPF6,True,0.0,LiCF3SO3,2.3030468948764367,2.3030468948764367
4256,LiPF6,LiPF6,True,0.0,LiCF3SO3,2.3030468948764367,2.3030468948764367
4257,LiPF6,LiPF6,True,0.0,LiCF3SO3,2.3030468948764367,2.3030468948764367
4258,LiPF6,LiPF6,True,0.0,LiCF3SO3,2.3030468948764367,2.3030468948764367
4259,LiPF6,LiPF6,True,0.0,LiCF3SO3,2.3030468948764367,2.3030468948764367
4260,LiPF6,LiPF6,True,0.0,LiCF3SO3,2.3030468948764367,2.3030468948764367
4261,LiPF6,LiPF6,True,0.0,LiCF3SO3,2.3030468948764367,2.3030468948764367
4262,LiPF6,LiPF6,True,0.0,LiCF3SO3,2.3030468948764367,2.3030468948764367
4263,LiPF6,LiPF6,True,0.0,LiCF3SO3,2.3030468948764367,2.3030468948764367
4264,LiPF6,LiPF6,True,0.0,LiCF3SO3,2.3030468948764367,2.3030468948764367
4265,LiPF6,LiPF6,True,0.0,LiCF3SO3,2.3030468948764367,2.3030468948764367
4266,LiPF6,LiPF6,True,0.0,LiCF3SO3,2.3030468948764367,2.3030468948764367
4267,LiPF6,LiPF6,True,0.0,LiCF3SO3,2.3030468948764367,2.3030468948764367
4268,LiPF6,LiPF6,True,0.0,LiCF3SO3,2.3030468948764367,2.3030468948764367
4269,LiPF6,LiPF6,True,0.0,LiCF3SO3,2.3030468948764367,2.3030468948764367
4270,LiPF6,LiPF6,True,0.0,LiCF3SO3,2.3030468948764367,2.3030468948764367
4271,LiPF6,LiPF6,True,0.0,LiCF3SO3,2.3030468948764367,2.3030468948764367
4272,LiPF6,LiPF6,True,0.0,LiCF3SO3,2.3030468948764367,2.3030468948764367
4273,LiPF6,LiPF6,True,0.0,LiCF3SO3,2.3030468948764367,2.3030468948764367
4274,LiPF6,LiPF6,True,0.0,LiCF3SO3,2.3030468948764367,2.3030468948764367
4275,LiPF6,LiPF6,True,0.0,LiCF3SO3,2.3030468948764367,2.3030468948764367
4276,LiPF6,LiPF6,True,0.0,LiCF3SO3,2.3030468948764367,2.3030468948764367
4277,LiPF6,LiPF6,True,0.0,LiCF3SO3,2.3030468948764367,2.3030468948764367
4278,LiPF6,LiPF6,True,0.0,LiCF3SO3,2.3030468948764367,2.3030468948764367
4279,LiPF6,LiPF6,True,0.0,LiCF3SO3,2.3030468948764367,2.3030468948764367
4280,LiPF6,LiPF6,True,0.0,LiCF3SO3,2.3030468948764367,2.3030468948764367
4281,LiPF6,LiPF6,True,0.0,LiCF3SO3,2.3030468948764367,2.3030468948764367
4282,LiPF6,LiPF6,True,0.0,LiCF3SO3,2.3030468948764367,2.3030468948764367
4283,LiPF6,LiPF6,True,0.0,LiCF3SO3,2.3030468948764367,2.3030468948764367
4284,LiPF6,LiPF6,True,0.0,LiCF3SO3,2.3030468948764367,2.3030468948764367
4285,LiPF6,LiPF6,True,0.0,LiCF3SO3,2.3030468948764367,2.3030468948764367
4286,LiPF6,LiPF6,True,0.0,LiCF3SO3,2.3030468948764367,2.3030468948764367
4287,LiPF6,LiPF6,True,0.0,LiCF3SO3,2.3030468948764367,2.3030468948764367
4288,LiPF6,LiPF6,True,0.0,LiCF3SO3,2.3030468948764367,2.3030468948764367
4289,LiPF6,LiPF6,True,0.0,LiCF3SO3,2.3030468948764367,2.3030468948764367
4290,LiPF6,LiPF6,True,0.0,LiCF3SO3,2.3030468948764367,2.3030468948764367
4291,LiPF6,LiPF6,True,0.0,LiCF3SO3,2.3030468948764367,2.3030468948764367
4292,LiPF6,LiPF6,True,0.0,LiCF3SO3,2.3030468948764367,2.3030468948764367
4293,LiPF6,LiPF6,True,0.0,LiCF3SO3,2.3030468948764367,2.3030468948764367
4294,LiPF6,LiPF6,True,0.0,LiCF3SO3,2.3030468948764367,2.3030468948764367
4295,LiPF6,LiPF6,True,0.0,LiCF3SO3,2.3030468948764367,2.3030468948764367
4296,LiPF6,LiPF6,True,0.0,LiCF3SO3,2.3030468948764367,2.3030468948764367
4297,LiPF6,LiPF6,True,0.0,LiCF3SO3,2.3030468948764367,2.3030468948764367
4298,LiPF6,LiPF6,True,0.0,LiCF3SO3,2.3030468948764367,2.3030468948764367
4299,LiPF6,LiPF6,True,0.0,LiCF3SO3,2.3030468948764367,2.3030468948764367
4300,LiPF6,LiPF6,True,0.0,LiCF3SO3,2.3030468948764367,2.3030468948764367
4301,LiPF6,LiPF6,True,0.0,LiCF3SO3,2.3030468948764367,2.3030468948764367
4302,LiPF6,LiPF6,True,0.0,LiCF3SO3,2.3030468948764367,2.3030468948764367
4303,LiPF6,LiPF6,True,0.0,LiCF3SO3,2.3030468948764367,2.3030468948764367
4304,LiPF6,LiPF6,True,0.0,LiCF3SO3,2.3030468948764367,2.3030468948764367
4305,LiPF6,LiPF6,True,0.0,LiCF3SO3,2.3030468948764367,2.3030468948764367
4306,LiPF6,LiPF6,True,0.0,LiCF3SO3,2.3030468948764367,2.3030468948764367
4307,LiPF6,LiPF6,True,0.0,LiCF3SO3,2.3030468948764367,2.3030468948764367
4308,LiPF6,LiPF6,True,0.0,LiCF3SO3,2.3030468948764367,2.3030468948764367
4309,LiPF6,LiPF6,True,0.0,LiCF3SO3,2.3030468948764367,2.3030468948764367
4310,LiPF6,LiPF6,True,0.0,LiCF3SO3,2.3030468948764367,2.3030468948764367
4311,LiPF6,LiPF6,True,0.0,LiCF3SO3,2.3030468948764367,2.3030468948764367
4312,LiPF6,LiPF6,True,0.0,LiCF3SO3,2.3030468948764367,2.3030468948764367
4313,LiPF6,LiPF6,True,0.0,LiCF3SO3,2.3030468948764367,2.3030468948764367
4314,LiPF6,LiPF6,True,0.0,LiCF3SO3,2.3030468948764367,2.3030468948764367
4315,LiPF6,LiPF6,True,0.0,LiCF3SO3,2.3030468948764367,2.3030468948764367
4316,LiPF6,LiPF6,True,0.0,LiCF3SO3,2.3030468948764367,2.3030468948764367
4317,LiPF6,LiPF6,True,0.0,LiCF3SO3,2.3030468948764367,2.3030468948764367
4318,LiPF6,LiPF6,True,0.0,LiCF3SO3,2.3030468948764367,2.3030468948764367
4319,LiPF6,LiPF6,True,0.0,LiCF3SO3,2.3030468948764367,2.3030468948764367
4320,LiPF6,LiPF6,True,0.0,LiCF3SO3,2.3030468948764367,2.3030468948764367
4321,LiPF6,LiPF6,True,0.0,LiCF3SO3,2.3030468948764367,2.3030468948764367
4322,LiPF6,LiPF6,True,0.0,LiCF3SO3,2.3030468948764367,2.3030468948764367
4323,LiPF6,LiPF6,True,0.0,LiCF3SO3,2.3030468948764367,2.3030468948764367
4324,LiBF4,LiBF4,True,0.0,LiPF6,4.9577303274784965,4.9577303274784965
4325,LiBF4,LiBF4,True,0.0,LiPF6,4.9577303274784965,4.9577303274784965
4326,LiBF4,LiBF4,True,0.0,LiPF6,4.9577303274784965,4.9577303274784965
4327,LiBF4,LiBF4,True,0.0,LiPF6,4.9577303274784965,4.9577303274784965
4328,LiBF4,LiBF4,True,0.0,LiPF6,4.9577303274784965,4.9577303274784965
4329,LiBF4,LiBF4,True,0.0,LiPF6,4.9577303274784965,4.9577303274784965
4330,LiBF4,LiBF4,True,0.0,LiPF6,4.9577303274784965,4.9577303274784965
4331,LiBF4,LiBF4,True,0.0,LiPF6,4.9577303274784965,4.9577303274784965
4332,LiBF4,LiBF4,True,0.0,LiPF6,4.9577303274784965,4.9577303274784965
4333,LiBF4,LiBF4,True,0.0,LiPF6,4.9577303274784965,4.9577303274784965
4334,LiBF4,LiBF4,True,0.0,LiPF6,4.9577303274784965,4.9577303274784965
4335,LiBF4,LiBF4,True,0.0,LiPF6,4.9577303274784965,4.9577303274784965
4336,LiPF6,LiPF6,True,0.0,LiCF3SO3,2.3030468948764367,2.3030468948764367
4337,LiPF6,LiPF6,True,0.0,LiCF3SO3,2.3030468948764367,2.3030468948764367
4338,LiPF6,LiPF6,True,0.0,LiCF3SO3,2.3030468948764367,2.3030468948764367
4339,LiPF6,LiPF6,True,0.0,LiCF3SO3,2.3030468948764367,2.3030468948764367
4340,LiPF6,LiPF6,True,0.0,LiCF3SO3,2.3030468948764367,2.3030468948764367
4341,LiPF6,LiPF6,True,0.0,LiCF3SO3,2.3030468948764367,2.3030468948764367
4342,LiPF6,LiPF6,True,0.0,LiCF3SO3,2.3030468948764367,2.3030468948764367
4343,LiPF6,LiPF6,True,0.0,LiCF3SO3,2.3030468948764367,2.3030468948764367
4344,LiPF6,LiPF6,True,0.0,LiCF3SO3,2.3030468948764367,2.3030468948764367
4345,LiPF6,LiPF6,True,0.0,LiCF3SO3,2.3030468948764367,2.3030468948764367
4346,LiPF6,LiPF6,True,0.0,LiCF3SO3,2.3030468948764367,2.3030468948764367
4347,LiPF6,LiPF6,True,0.0,LiCF3SO3,2.3030468948764367,2.3030468948764367
4348,LiPF6,LiPF6,True,0.0,LiCF3SO3,2.3030468948764367,2.3030468948764367
4349,LiPF6,LiPF6,True,0.0,LiCF3SO3,2.3030468948764367,2.3030468948764367
4350,LiPF6,LiPF6,True,0.0,LiCF3SO3,2.3030468948764367,2.3030468948764367
4351,LiPF6,LiPF6,True,0.0,LiCF3SO3,2.3030468948764367,2.3030468948764367
4352,LiPF6,LiPF6,True,0.0,LiCF3SO3,2.3030468948764367,2.3030468948764367
4353,LiPF6,LiPF6,True,0.0,LiCF3SO3,2.3030468948764367,2.3030468948764367
4354,LiPF6,LiPF6,True,0.0,LiCF3SO3,2.3030468948764367,2.3030468948764367
4355,LiPF6,LiPF6,True,0.0,LiCF3SO3,2.3030468948764367,2.3030468948764367
4356,LiPF6,LiPF6,True,0.0,LiCF3SO3,2.3030468948764367,2.3030468948764367
4357,LiPF6,LiPF6,True,0.0,LiCF3SO3,2.3030468948764367,2.3030468948764367
4358,LiPF6,LiPF6,True,0.0,LiCF3SO3,2.3030468948764367,2.3030468948764367
4359,LiPF6,LiPF6,True,0.0,LiCF3SO3,2.3030468948764367,2.3030468948764367
4360,LiPF6,LiPF6,True,0.0,LiCF3SO3,2.3030468948764367,2.3030468948764367
4361,LiPF6,LiPF6,True,0.0,LiCF3SO3,2.3030468948764367,2.3030468948764367
4362,LiPF6,LiPF6,True,0.0,LiCF3SO3,2.3030468948764367,2.3030468948764367
4363,LiPF6,LiPF6,True,0.0,LiCF3SO3,2.3030468948764367,2.3030468948764367
4364,LiPF6,LiPF6,True,0.0,LiCF3SO3,2.3030468948764367,2.3030468948764367
4365,LiPF6,LiPF6,True,0.0,LiCF3SO3,2.3030468948764367,2.3030468948764367
4366,LiPF6,LiPF6,True,0.0,LiCF3SO3,2.3030468948764367,2.3030468948764367
4367,LiPF6,LiPF6,True,0.0,LiCF3SO3,2.3030468948764367,2.3030468948764367
4368,LiPF6,LiPF6,True,0.0,LiCF3SO3,2.3030468948764367,2.3030468948764367
4369,LiPF6,LiPF6,True,0.0,LiCF3SO3,2.3030468948764367,2.3030468948764367
4370,LiPF6,LiPF6,True,0.0,LiCF3SO3,2.3030468948764367,2.3030468948764367
4371,LiPF6,LiPF6,True,0.0,LiCF3SO3,2.3030468948764367,2.3030468948764367
4372,LiPF6,LiPF6,True,0.0,LiCF3SO3,2.3030468948764367,2.3030468948764367
4373,LiPF6,LiPF6,True,0.0,LiCF3SO3,2.3030468948764367,2.3030468948764367
4374,LiPF6,LiPF6,True,0.0,LiCF3SO3,2.3030468948764367,2.3030468948764367
4375,LiPF6,LiPF6,True,0.0,LiCF3SO3,2.3030468948764367,2.3030468948764367
4376,LiPF6,LiPF6,True,0.0,LiCF3SO3,2.3030468948764367,2.3030468948764367
4377,LiPF6,LiPF6,True,0.0,LiCF3SO3,2.3030468948764367,2.3030468948764367
4378,LiPF6,LiPF6,True,0.0,LiCF3SO3,2.3030468948764367,2.3030468948764367
4379,LiPF6,LiPF6,True,0.0,LiCF3SO3,2.3030468948764367,2.3030468948764367
4380,LiPF6,LiPF6,True,0.0,LiCF3SO3,2.3030468948764367,2.3030468948764367
4381,LiPF6,LiPF6,True,0.0,LiCF3SO3,2.3030468948764367,2.3030468948764367
4382,LiPF6,LiPF6,True,0.0,LiCF3SO3,2.3030468948764367,2.3030468948764367
4383,LiPF6,LiPF6,True,0.0,LiCF3SO3,2.3030468948764367,2.3030468948764367
4384,LiPF6,LiPF6,True,0.0,LiCF3SO3,2.3030468948764367,2.3030468948764367
4385,LiPF6,LiPF6,True,0.0,LiCF3SO3,2.3030468948764367,2.3030468948764367
4386,LiPF6,LiPF6,True,0.0,LiCF3SO3,2.3030468948764367,2.3030468948764367
4387,LiPF6,LiPF6,True,0.0,LiCF3SO3,2.3030468948764367,2.3030468948764367
4388,LiPF6,LiPF6,True,0.0,LiCF3SO3,2.3030468948764367,2.3030468948764367
4389,LiPF6,LiPF6,True,0.0,LiCF3SO3,2.3030468948764367,2.3030468948764367
4390,LiPF6,LiPF6,True,0.0,LiCF3SO3,2.3030468948764367,2.3030468948764367
4391,LiPF6,LiPF6,True,0.0,LiCF3SO3,2.3030468948764367,2.3030468948764367
4392,LiPF6,LiPF6,True,0.0,LiCF3SO3,2.3030468948764367,2.3030468948764367
4393,LiPF6,LiPF6,True,0.0,LiCF3SO3,2.3030468948764367,2.3030468948764367
4394,LiPF6,LiPF6,True,0.0,LiCF3SO3,2.3030468948764367,2.3030468948764367
4395,LiPF6,LiPF6,True,0.0,LiCF3SO3,2.3030468948764367,2.3030468948764367
4396,LiPF6,LiPF6,True,0.0,LiCF3SO3,2.3030468948764367,2.3030468948764367
4397,LiPF6,LiPF6,True,0.0,LiCF3SO3,2.3030468948764367,2.3030468948764367
4398,LiPF6,LiPF6,True,0.0,LiCF3SO3,2.3030468948764367,2.3030468948764367
4399,LiPF6,LiPF6,True,0.0,LiCF3SO3,2.3030468948764367,2.3030468948764367
4400,LiPF6,LiPF6,True,0.0,LiCF3SO3,2.3030468948764367,2.3030468948764367
4401,LiPF6,LiPF6,True,0.0,LiCF3SO3,2.3030468948764367,2.3030468948764367
4402,LiPF6,LiPF6,True,0.0,LiCF3SO3,2.3030468948764367,2.3030468948764367
4403,LiPF6,LiPF6,True,0.0,LiCF3SO3,2.3030468948764367,2.3030468948764367
4404,LiPF6,LiPF6,True,0.0,LiCF3SO3,2.3030468948764367,2.3030468948764367
4405,LiPF6,LiPF6,True,0.0,LiCF3SO3,2.3030468948764367,2.3030468948764367
4406,LiPF6,LiPF6,True,0.0,LiCF3SO3,2.3030468948764367,2.3030468948764367
4407,LiPF6,LiPF6,True,0.0,LiCF3SO3,2.3030468948764367,2.3030468948764367
4408,LiPF6,LiPF6,True,0.0,LiCF3SO3,2.3030468948764367,2.3030468948764367
4409,LiPF6,LiPF6,True,0.0,LiCF3SO3,2.3030468948764367,2.3030468948764367
4410,LiPF6,LiPF6,True,0.0,LiCF3SO3,2.3030468948764367,2.3030468948764367
4411,LiPF6,LiPF6,True,0.0,LiCF3SO3,2.3030468948764367,2.3030468948764367
4412,LiPF6,LiPF6,True,0.0,LiCF3SO3,2.3030468948764367,2.3030468948764367
4413,LiPF6,LiPF6,True,0.0,LiCF3SO3,2.3030468948764367,2.3030468948764367
4414,LiPF6,LiPF6,True,0.0,LiCF3SO3,2.3030468948764367,2.3030468948764367
4415,LiPF6,LiPF6,True,0.0,LiCF3SO3,2.3030468948764367,2.3030468948764367
4416,LiPF6,LiPF6,True,0.0,LiCF3SO3,2.3030468948764367,2.3030468948764367
4417,LiPF6,LiPF6,True,0.0,LiCF3SO3,2.3030468948764367,2.3030468948764367
4418,LiPF6,LiPF6,True,0.0,LiCF3SO3,2.3030468948764367,2.3030468948764367
4419,LiPF6,LiPF6,True,0.0,LiCF3SO3,2.3030468948764367,2.3030468948764367
4420,LiPF6,LiPF6,True,0.0,LiCF3SO3,2.3030468948764367,2.3030468948764367
4421,LiPF6,LiPF6,True,0.0,LiCF3SO3,2.3030468948764367,2.3030468948764367
4422,LiPF6,LiPF6,True,0.0,LiCF3SO3,2.3030468948764367,2.3030468948764367
4423,LiPF6,LiPF6,True,0.0,LiCF3SO3,2.3030468948764367,2.3030468948764367
4424,LiPF6,LiPF6,True,0.0,LiCF3SO3,2.3030468948764367,2.3030468948764367
4425,LiPF6,LiPF6,True,0.0,LiCF3SO3,2.3030468948764367,2.3030468948764367
4426,LiPF6,LiPF6,True,0.0,LiCF3SO3,2.3030468948764367,2.3030468948764367
4427,LiPF6,LiPF6,True,0.0,LiCF3SO3,2.3030468948764367,2.3030468948764367
4428,LiPF6,LiPF6,True,0.0,LiCF3SO3,2.3030468948764367,2.3030468948764367
4429,LiPF6,LiPF6,True,0.0,LiCF3SO3,2.3030468948764367,2.3030468948764367
4430,LiPF6,LiPF6,True,0.0,LiCF3SO3,2.3030468948764367,2.3030468948764367
4431,LiPF6,LiPF6,True,0.0,LiCF3SO3,2.3030468948764367,2.3030468948764367
4432,LiPF6,LiPF6,True,0.0,LiCF3SO3,2.3030468948764367,2.3030468948764367
4433,LiPF6,LiPF6,True,0.0,LiCF3SO3,2.3030468948764367,2.3030468948764367
4434,LiPF6,LiPF6,True,0.0,LiCF3SO3,2.3030468948764367,2.3030468948764367
4435,LiPF6,LiPF6,True,0.0,LiCF3SO3,2.3030468948764367,2.3030468948764367
4436,LiPF6,LiPF6,True,0.0,LiCF3SO3,2.3030468948764367,2.3030468948764367
4437,LiPF6,LiPF6,True,0.0,LiCF3SO3,2.3030468948764367,2.3030468948764367
4438,LiPF6,LiPF6,True,0.0,LiCF3SO3,2.3030468948764367,2.3030468948764367
4439,LiPF6,LiPF6,True,0.0,LiCF3SO3,2.3030468948764367,2.3030468948764367
4440,LiPF6,LiPF6,True,0.0,LiCF3SO3,2.3030468948764367,2.3030468948764367
4441,LiPF6,LiPF6,True,0.0,LiCF3SO3,2.3030468948764367,2.3030468948764367
4442,LiPF6,LiPF6,True,0.0,LiCF3SO3,2.3030468948764367,2.3030468948764367
4443,LiPF6,LiPF6,True,0.0,LiCF3SO3,2.3030468948764367,2.3030468948764367
4444,LiPF6,LiPF6,True,0.0,LiCF3SO3,2.3030468948764367,2.3030468948764367
4445,LiPF6,LiPF6,True,0.0,LiCF3SO3,2.3030468948764367,2.3030468948764367
4446,LiPF6,LiPF6,True,0.0,LiCF3SO3,2.3030468948764367,2.3030468948764367
4447,LiPF6,LiPF6,True,0.0,LiCF3SO3,2.3030468948764367,2.3030468948764367
4448,LiPF6,LiPF6,True,0.0,LiCF3SO3,2.3030468948764367,2.3030468948764367
4449,LiPF6,LiPF6,True,0.0,LiCF3SO3,2.3030468948764367,2.3030468948764367
4450,LiPF6,LiPF6,True,0.0,LiCF3SO3,2.3030468948764367,2.3030468948764367
4451,LiPF6,LiPF6,True,0.0,LiCF3SO3,2.3030468948764367,2.3030468948764367
4452,LiPF6,LiPF6,True,0.0,LiCF3SO3,2.3030468948764367,2.3030468948764367
4453,LiPF6,LiPF6,True,0.0,LiCF3SO3,2.3030468948764367,2.3030468948764367
4454,LiPF6,LiPF6,True,0.0,LiCF3SO3,2.3030468948764367,2.3030468948764367
4455,LiPF6,LiPF6,True,0.0,LiCF3SO3,2.3030468948764367,2.3030468948764367
4456,LiPF6,LiPF6,True,0.0,LiCF3SO3,2.3030468948764367,2.3030468948764367
4457,LiPF6,LiPF6,True,0.0,LiCF3SO3,2.3030468948764367,2.3030468948764367
4458,LiPF6,LiPF6,True,0.0,LiCF3SO3,2.3030468948764367,2.3030468948764367
4459,LiPF6,LiPF6,True,0.0,LiCF3SO3,2.3030468948764367,2.3030468948764367
4460,LiPF6,LiPF6,True,0.0,LiCF3SO3,2.3030468948764367,2.3030468948764367
4461,LiPF6,LiPF6,True,0.0,LiCF3SO3,2.3030468948764367,2.3030468948764367
4462,LiPF6,LiPF6,True,0.0,LiCF3SO3,2.3030468948764367,2.3030468948764367
4463,LiPF6,LiPF6,True,0.0,LiCF3SO3,2.3030468948764367,2.3030468948764367
4464,LiPF6,LiPF6,True,0.0,LiCF3SO3,2.3030468948764367,2.3030468948764367
4465,LiPF6,LiPF6,True,0.0,LiCF3SO3,2.3030468948764367,2.3030468948764367
4466,LiPF6,LiPF6,True,0.0,LiCF3SO3,2.3030468948764367,2.3030468948764367
4467,LiPF6,LiPF6,True,0.0,LiCF3SO3,2.3030468948764367,2.3030468948764367
4468,LiPF6,LiPF6,True,0.0,LiCF3SO3,2.3030468948764367,2.3030468948764367
4469,LiPF6,LiPF6,True,0.0,LiCF3SO3,2.3030468948764367,2.3030468948764367
4470,LiPF6,LiPF6,True,0.0,LiCF3SO3,2.3030468948764367,2.3030468948764367
4471,LiPF6,LiPF6,True,0.0,LiCF3SO3,2.3030468948764367,2.3030468948764367
4472,LiPF6,LiPF6,True,0.0,LiCF3SO3,2.3030468948764367,2.3030468948764367
4473,LiPF6,LiPF6,True,0.0,LiCF3SO3,2.3030468948764367,2.3030468948764367
4474,LiPF6,LiPF6,True,0.0,LiCF3SO3,2.3030468948764367,2.3030468948764367
4475,LiPF6,LiPF6,True,0.0,LiCF3SO3,2.3030468948764367,2.3030468948764367
4476,LiPF6,LiPF6,True,0.0,LiCF3SO3,2.3030468948764367,2.3030468948764367
4477,LiPF6,LiPF6,True,0.0,LiCF3SO3,2.3030468948764367,2.3030468948764367
4478,LiPF6,LiPF6,True,0.0,LiCF3SO3,2.3030468948764367,2.3030468948764367
4479,LiPF6,LiPF6,True,0.0,LiCF3SO3,2.3030468948764367,2.3030468948764367
4480,LiPF6,LiPF6,True,0.0,LiCF3SO3,2.3030468948764367,2.3030468948764367
4481,LiPF6,LiPF6,True,0.0,LiCF3SO3,2.3030468948764367,2.3030468948764367
4482,LiPF6,LiPF6,True,0.0,LiCF3SO3,2.3030468948764367,2.3030468948764367
4483,LiPF6,LiPF6,True,0.0,LiCF3SO3,2.3030468948764367,2.3030468948764367
4484,LiPF6,LiPF6,True,0.0,LiCF3SO3,2.3030468948764367,2.3030468948764367
4485,LiPF6,LiPF6,True,0.0,LiCF3SO3,2.3030468948764367,2.3030468948764367
4486,LiPF6,LiPF6,True,0.0,LiCF3SO3,2.3030468948764367,2.3030468948764367
4487,LiPF6,LiPF6,True,0.0,LiCF3SO3,2.3030468948764367,2.3030468948764367
4488,LiPF6,LiPF6,True,0.0,LiCF3SO3,2.3030468948764367,2.3030468948764367
4489,LiPF6,LiPF6,True,0.0,LiCF3SO3,2.3030468948764367,2.3030468948764367
4490,LiPF6,LiPF6,True,0.0,LiCF3SO3,2.3030468948764367,2.3030468948764367
4491,LiPF6,LiPF6,True,0.0,LiCF3SO3,2.3030468948764367,2.3030468948764367
4492,LiPF6,LiPF6,True,0.0,LiCF3SO3,2.3030468948764367,2.3030468948764367
4493,LiPF6,LiPF6,True,0.0,LiCF3SO3,2.3030468948764367,2.3030468948764367
4494,LiPF6,LiPF6,True,0.0,LiCF3SO3,2.3030468948764367,2.3030468948764367
4495,LiPF6,LiPF6,True,0.0,LiCF3SO3,2.3030468948764367,2.3030468948764367
4496,LiPF6,LiPF6,True,0.0,LiCF3SO3,2.3030468948764367,2.3030468948764367
4497,LiPF6,LiPF6,True,0.0,LiCF3SO3,2.3030468948764367,2.3030468948764367
4498,LiPF6,LiPF6,True,0.0,LiCF3SO3,2.3030468948764367,2.3030468948764367
4499,LiPF6,LiPF6,True,0.0,LiCF3SO3,2.3030468948764367,2.3030468948764367
4500,LiPF6,LiPF6,True,0.0,LiCF3SO3,2.3030468948764367,2.3030468948764367
4501,LiPF6,LiPF6,True,0.0,LiCF3SO3,2.3030468948764367,2.3030468948764367
4502,LiPF6,LiPF6,True,0.0,LiCF3SO3,2.3030468948764367,2.3030468948764367
4503,LiPF6,LiPF6,True,0.0,LiCF3SO3,2.3030468948764367,2.3030468948764367
4504,LiPF6,LiPF6,True,0.0,LiCF3SO3,2.3030468948764367,2.3030468948764367
4505,LiPF6,LiPF6,True,0.0,LiCF3SO3,2.3030468948764367,2.3030468948764367
4506,LiPF6,LiPF6,True,0.0,LiCF3SO3,2.3030468948764367,2.3030468948764367
4507,LiPF6,LiPF6,True,0.0,LiCF3SO3,2.3030468948764367,2.3030468948764367
4508,LiPF6,LiPF6,True,0.0,LiCF3SO3,2.3030468948764367,2.3030468948764367
4509,LiPF6,LiPF6,True,0.0,LiCF3SO3,2.3030468948764367,2.3030468948764367
4510,LiPF6,LiPF6,True,0.0,LiCF3SO3,2.3030468948764367,2.3030468948764367
4511,LiPF6,LiPF6,True,0.0,LiCF3SO3,2.3030468948764367,2.3030468948764367
4512,LiPF6,LiPF6,True,0.0,LiCF3SO3,2.3030468948764367,2.3030468948764367
4513,LiPF6,LiPF6,True,0.0,LiCF3SO3,2.3030468948764367,2.3030468948764367
4514,LiPF6,LiPF6,True,0.0,LiCF3SO3,2.3030468948764367,2.3030468948764367
4515,LiPF6,LiPF6,True,0.0,LiCF3SO3,2.3030468948764367,2.3030468948764367
4516,LiPF6,LiPF6,True,0.0,LiCF3SO3,2.3030468948764367,2.3030468948764367
4517,LiPF6,LiPF6,True,0.0,LiCF3SO3,2.3030468948764367,2.3030468948764367
4518,LiPF6,LiPF6,True,0.0,LiCF3SO3,2.3030468948764367,2.3030468948764367
4519,LiPF6,LiPF6,True,0.0,LiCF3SO3,2.3030468948764367,2.3030468948764367
4520,LiPF6,LiPF6,True,0.0,LiCF3SO3,2.3030468948764367,2.3030468948764367
4521,LiPF6,LiPF6,True,0.0,LiCF3SO3,2.3030468948764367,2.3030468948764367
4522,LiPF6,LiPF6,True,0.0,LiCF3SO3,2.3030468948764367,2.3030468948764367
4523,LiPF6,LiPF6,True,0.0,LiCF3SO3,2.3030468948764367,2.3030468948764367
4524,LiPF6,LiPF6,True,0.0,LiCF3SO3,2.3030468948764367,2.3030468948764367
4525,LiPF6,LiPF6,True,0.0,LiCF3SO3,2.3030468948764367,2.3030468948764367
4526,LiPF6,LiPF6,True,0.0,LiCF3SO3,2.3030468948764367,2.3030468948764367
4527,LiPF6,LiPF6,True,0.0,LiCF3SO3,2.3030468948764367,2.3030468948764367
4528,LiPF6,LiPF6,True,0.0,LiCF3SO3,2.3030468948764367,2.3030468948764367
4529,LiPF6,LiPF6,True,0.0,LiCF3SO3,2.3030468948764367,2.3030468948764367
4530,LiPF6,LiPF6,True,0.0,LiCF3SO3,2.3030468948764367,2.3030468948764367
4531,LiPF6,LiPF6,True,0.0,LiCF3SO3,2.3030468948764367,2.3030468948764367
4532,LiPF6,LiPF6,True,0.0,LiCF3SO3,2.3030468948764367,2.3030468948764367
4533,LiPF6,LiPF6,True,0.0,LiCF3SO3,2.3030468948764367,2.3030468948764367
4534,LiPF6,LiPF6,True,0.0,LiCF3SO3,2.3030468948764367,2.3030468948764367
4535,LiPF6,LiPF6,True,0.0,LiCF3SO3,2.3030468948764367,2.3030468948764367
4536,LiPF6,LiPF6,True,0.0,LiCF3SO3,2.3030468948764367,2.3030468948764367
4537,LiPF6,LiPF6,True,0.0,LiCF3SO3,2.3030468948764367,2.3030468948764367
4538,LiPF6,LiPF6,True,0.0,LiCF3SO3,2.3030468948764367,2.3030468948764367
4539,LiPF6,LiPF6,True,0.0,LiCF3SO3,2.3030468948764367,2.3030468948764367
4540,LiPF6,LiPF6,True,0.0,LiCF3SO3,2.3030468948764367,2.3030468948764367
4541,LiPF6,LiPF6,True,0.0,LiCF3SO3,2.3030468948764367,2.3030468948764367
4542,LiPF6,LiPF6,True,0.0,LiCF3SO3,2.3030468948764367,2.3030468948764367
4543,LiPF6,LiPF6,True,0.0,LiCF3SO3,2.3030468948764367,2.3030468948764367
4544,LiPF6,LiPF6,True,0.0,LiCF3SO3,2.3030468948764367,2.3030468948764367
4545,LiPF6,LiPF6,True,0.0,LiCF3SO3,2.3030468948764367,2.3030468948764367
4546,LiPF6,LiPF6,True,0.0,LiCF3SO3,2.3030468948764367,2.3030468948764367
4547,LiPF6,LiPF6,True,0.0,LiCF3SO3,2.3030468948764367,2.3030468948764367
4548,LiPF6,LiPF6,True,0.0,LiCF3SO3,2.3030468948764367,2.3030468948764367
4549,LiPF6,LiPF6,True,0.0,LiCF3SO3,2.3030468948764367,2.3030468948764367
4550,LiPF6,LiPF6,True,0.0,LiCF3SO3,2.3030468948764367,2.3030468948764367
4551,LiPF6,LiPF6,True,0.0,LiCF3SO3,2.3030468948764367,2.3030468948764367
4552,LiPF6,LiPF6,True,0.0,LiCF3SO3,2.3030468948764367,2.3030468948764367
4553,LiPF6,LiPF6,True,0.0,LiCF3SO3,2.3030468948764367,2.3030468948764367
4554,LiPF6,LiPF6,True,0.0,LiCF3SO3,2.3030468948764367,2.3030468948764367
4555,LiPF6,LiPF6,True,0.0,LiCF3SO3,2.3030468948764367,2.3030468948764367
4556,LiPF6,LiPF6,True,0.0,LiCF3SO3,2.3030468948764367,2.3030468948764367
4557,LiPF6,LiPF6,True,0.0,LiCF3SO3,2.3030468948764367,2.3030468948764367
4558,LiPF6,LiPF6,True,0.0,LiCF3SO3,2.3030468948764367,2.3030468948764367
4559,LiPF6,LiPF6,True,0.0,LiCF3SO3,2.3030468948764367,2.3030468948764367
4560,LiPF6,LiPF6,True,0.0,LiCF3SO3,2.3030468948764367,2.3030468948764367
4561,LiPF6,LiPF6,True,0.0,LiCF3SO3,2.3030468948764367,2.3030468948764367
4562,LiPF6,LiPF6,True,0.0,LiCF3SO3,2.3030468948764367,2.3030468948764367
4563,LiPF6,LiPF6,True,0.0,LiCF3SO3,2.3030468948764367,2.3030468948764367
4564,LiPF6,LiPF6,True,0.0,LiCF3SO3,2.3030468948764367,2.3030468948764367
4565,LiPF6,LiPF6,True,0.0,LiCF3SO3,2.3030468948764367,2.3030468948764367
4566,LiPF6,LiPF6,True,0.0,LiCF3SO3,2.3030468948764367,2.3030468948764367
4567,LiPF6,LiPF6,True,0.0,LiCF3SO3,2.3030468948764367,2.3030468948764367
4568,LiPF6,LiPF6,True,0.0,LiCF3SO3,2.3030468948764367,2.3030468948764367
4569,LiPF6,LiPF6,True,0.0,LiCF3SO3,2.3030468948764367,2.3030468948764367
4570,LiPF6,LiPF6,True,0.0,LiCF3SO3,2.3030468948764367,2.3030468948764367
4571,LiPF6,LiPF6,True,0.0,LiCF3SO3,2.3030468948764367,2.3030468948764367
4572,LiPF6,LiPF6,True,0.0,LiCF3SO3,2.3030468948764367,2.3030468948764367
4573,LiPF6,LiPF6,True,0.0,LiCF3SO3,2.3030468948764367,2.3030468948764367
4574,LiPF6,LiPF6,True,0.0,LiCF3SO3,2.3030468948764367,2.3030468948764367
4575,LiPF6,LiPF6,True,0.0,LiCF3SO3,2.3030468948764367,2.3030468948764367
4576,LiPF6,LiPF6,True,0.0,LiCF3SO3,2.3030468948764367,2.3030468948764367
4577,LiPF6,LiPF6,True,0.0,LiCF3SO3,2.3030468948764367,2.3030468948764367
4578,LiPF6,LiPF6,True,0.0,LiCF3SO3,2.3030468948764367,2.3030468948764367
4579,LiPF6,LiPF6,True,0.0,LiCF3SO3,2.3030468948764367,2.3030468948764367
4580,LiPF6,LiPF6,True,0.0,LiCF3SO3,2.3030468948764367,2.3030468948764367
4581,LiPF6,LiPF6,True,0.0,LiCF3SO3,2.3030468948764367,2.3030468948764367
4582,LiPF6,LiPF6,True,0.0,LiCF3SO3,2.3030468948764367,2.3030468948764367
4583,LiPF6,LiPF6,True,0.0,LiCF3SO3,2.3030468948764367,2.3030468948764367
4584,LiPF6,LiPF6,True,0.0,LiCF3SO3,2.3030468948764367,2.3030468948764367
4585,LiPF6,LiPF6,True,0.0,LiCF3SO3,2.3030468948764367,2.3030468948764367
4586,LiPF6,LiPF6,True,0.0,LiCF3SO3,2.3030468948764367,2.3030468948764367
4587,LiPF6,LiPF6,True,0.0,LiCF3SO3,2.3030468948764367,2.3030468948764367
4588,LiPF6,LiPF6,True,0.0,LiCF3SO3,2.3030468948764367,2.3030468948764367
4589,LiPF6,LiPF6,True,0.0,LiCF3SO3,2.3030468948764367,2.3030468948764367
4590,LiPF6,LiPF6,True,0.0,LiCF3SO3,2.3030468948764367,2.3030468948764367
4591,LiPF6,LiPF6,True,0.0,LiCF3SO3,2.3030468948764367,2.3030468948764367
4592,LiPF6,LiPF6,True,0.0,LiCF3SO3,2.3030468948764367,2.3030468948764367
4593,LiPF6,LiPF6,True,0.0,LiCF3SO3,2.3030468948764367,2.3030468948764367
4594,LiPF6,LiPF6,True,0.0,LiCF3SO3,2.3030468948764367,2.3030468948764367
4595,LiPF6,LiPF6,True,0.0,LiCF3SO3,2.3030468948764367,2.3030468948764367
4596,LiPF6,LiPF6,True,0.0,LiCF3SO3,2.3030468948764367,2.3030468948764367
4597,LiPF6,LiPF6,True,0.0,LiCF3SO3,2.3030468948764367,2.3030468948764367
4598,LiPF6,LiPF6,True,0.0,LiCF3SO3,2.3030468948764367,2.3030468948764367
4599,LiPF6,LiPF6,True,0.0,LiCF3SO3,2.3030468948764367,2.3030468948764367
4600,LiPF6,LiPF6,True,0.0,LiCF3SO3,2.3030468948764367,2.3030468948764367
4601,LiPF6,LiPF6,True,0.0,LiCF3SO3,2.3030468948764367,2.3030468948764367
4602,LiPF6,LiPF6,True,0.0,LiCF3SO3,2.3030468948764367,2.3030468948764367
4603,LiPF6,LiPF6,True,0.0,LiCF3SO3,2.3030468948764367,2.3030468948764367
4604,LiPF6,LiPF6,True,0.0,LiCF3SO3,2.3030468948764367,2.3030468948764367
4605,LiPF6,LiPF6,True,0.0,LiCF3SO3,2.3030468948764367,2.3030468948764367
4606,LiPF6,LiPF6,True,0.0,LiCF3SO3,2.3030468948764367,2.3030468948764367
4607,LiPF6,LiPF6,True,0.0,LiCF3SO3,2.3030468948764367,2.3030468948764367
4608,LiPF6,LiPF6,True,0.0,LiCF3SO3,2.3030468948764367,2.3030468948764367
4609,LiPF6,LiPF6,True,0.0,LiCF3SO3,2.3030468948764367,2.3030468948764367
4610,LiPF6,LiPF6,True,0.0,LiCF3SO3,2.3030468948764367,2.3030468948764367
4611,LiPF6,LiPF6,True,0.0,LiCF3SO3,2.3030468948764367,2.3030468948764367
4612,LiPF6,LiPF6,True,0.0,LiCF3SO3,2.3030468948764367,2.3030468948764367
4613,LiPF6,LiPF6,True,0.0,LiCF3SO3,2.3030468948764367,2.3030468948764367
4614,LiPF6,LiPF6,True,0.0,LiCF3SO3,2.3030468948764367,2.3030468948764367
4615,LiPF6,LiPF6,True,0.0,LiCF3SO3,2.3030468948764367,2.3030468948764367
4616,LiPF6,LiPF6,True,0.0,LiCF3SO3,2.3030468948764367,2.3030468948764367
4617,LiPF6,LiPF6,True,0.0,LiCF3SO3,2.3030468948764367,2.3030468948764367
4618,LiPF6,LiPF6,True,0.0,LiCF3SO3,2.3030468948764367,2.3030468948764367
4619,LiPF6,LiPF6,True,0.0,LiCF3SO3,2.3030468948764367,2.3030468948764367
4620,LiPF6,LiPF6,True,0.0,LiCF3SO3,2.3030468948764367,2.3030468948764367
4621,LiPF6,LiPF6,True,0.0,LiCF3SO3,2.3030468948764367,2.3030468948764367
4622,LiPF6,LiPF6,True,0.0,LiCF3SO3,2.3030468948764367,2.3030468948764367
4623,LiPF6,LiPF6,True,0.0,LiCF3SO3,2.3030468948764367,2.3030468948764367
4624,LiPF6,LiPF6,True,0.0,LiCF3SO3,2.3030468948764367,2.3030468948764367
4625,LiPF6,LiPF6,True,0.0,LiCF3SO3,2.3030468948764367,2.3030468948764367
4626,LiPF6,LiPF6,True,0.0,LiCF3SO3,2.3030468948764367,2.3030468948764367
4627,LiPF6,LiPF6,True,0.0,LiCF3SO3,2.3030468948764367,2.3030468948764367
4628,LiPF6,LiPF6,True,0.0,LiCF3SO3,2.3030468948764367,2.3030468948764367
4629,LiPF6,LiPF6,True,0.0,LiCF3SO3,2.3030468948764367,2.3030468948764367
4630,LiPF6,LiPF6,True,0.0,LiCF3SO3,2.3030468948764367,2.3030468948764367
4631,LiPF6,LiPF6,True,0.0,LiCF3SO3,2.3030468948764367,2.3030468948764367
4632,LiPF6,LiPF6,True,0.0,LiCF3SO3,2.3030468948764367,2.3030468948764367
4633,LiPF6,LiPF6,True,0.0,LiCF3SO3,2.3030468948764367,2.3030468948764367
4634,LiPF6,LiPF6,True,0.0,LiCF3SO3,2.3030468948764367,2.3030468948764367
4635,LiPF6,LiPF6,True,0.0,LiCF3SO3,2.3030468948764367,2.3030468948764367
4636,LiPF6,LiPF6,True,0.0,LiCF3SO3,2.3030468948764367,2.3030468948764367
4637,LiPF6,LiPF6,True,0.0,LiCF3SO3,2.3030468948764367,2.3030468948764367
4638,LiPF6,LiPF6,True,0.0,LiCF3SO3,2.3030468948764367,2.3030468948764367
4639,LiPF6,LiPF6,True,0.0,LiCF3SO3,2.3030468948764367,2.3030468948764367
4640,LiPF6,LiPF6,True,0.0,LiCF3SO3,2.3030468948764367,2.3030468948764367
4641,LiPF6,LiPF6,True,0.0,LiCF3SO3,2.3030468948764367,2.3030468948764367
4642,LiPF6,LiPF6,True,0.0,LiCF3SO3,2.3030468948764367,2.3030468948764367
4643,LiPF6,LiPF6,True,0.0,LiCF3SO3,2.3030468948764367,2.3030468948764367
4644,LiPF6,LiPF6,True,0.0,LiCF3SO3,2.3030468948764367,2.3030468948764367
4645,LiPF6,LiPF6,True,0.0,LiCF3SO3,2.3030468948764367,2.3030468948764367
4646,LiPF6,LiPF6,True,0.0,LiCF3SO3,2.3030468948764367,2.3030468948764367
4647,LiPF6,LiPF6,True,0.0,LiCF3SO3,2.3030468948764367,2.3030468948764367
4648,LiPF6,LiPF6,True,0.0,LiCF3SO3,2.3030468948764367,2.3030468948764367
4649,LiPF6,LiPF6,True,0.0,LiCF3SO3,2.3030468948764367,2.3030468948764367
4650,LiPF6,LiPF6,True,0.0,LiCF3SO3,2.3030468948764367,2.3030468948764367
4651,LiPF6,LiPF6,True,0.0,LiCF3SO3,2.3030468948764367,2.3030468948764367
4652,LiPF6,LiPF6,True,0.0,LiCF3SO3,2.3030468948764367,2.3030468948764367
4653,LiPF6,LiPF6,True,0.0,LiCF3SO3,2.3030468948764367,2.3030468948764367
4654,LiPF6,LiPF6,True,0.0,LiCF3SO3,2.3030468948764367,2.3030468948764367
4655,LiPF6,LiPF6,True,0.0,LiCF3SO3,2.3030468948764367,2.3030468948764367
4656,LiPF6,LiPF6,True,0.0,LiCF3SO3,2.3030468948764367,2.3030468948764367
4657,LiPF6,LiPF6,True,0.0,LiCF3SO3,2.3030468948764367,2.3030468948764367
4658,LiPF6,LiPF6,True,0.0,LiCF3SO3,2.3030468948764367,2.3030468948764367
4659,LiPF6,LiPF6,True,0.0,LiCF3SO3,2.3030468948764367,2.3030468948764367
4660,LiPF6,LiPF6,True,0.0,LiCF3SO3,2.3030468948764367,2.3030468948764367
4661,LiPF6,LiPF6,True,0.0,LiCF3SO3,2.3030468948764367,2.3030468948764367
4662,LiPF6,LiPF6,True,0.0,LiCF3SO3,2.3030468948764367,2.3030468948764367
4663,LiPF6,LiPF6,True,0.0,LiCF3SO3,2.3030468948764367,2.3030468948764367
4664,LiPF6,LiPF6,True,0.0,LiCF3SO3,2.3030468948764367,2.3030468948764367
4665,LiPF6,LiPF6,True,0.0,LiCF3SO3,2.3030468948764367,2.3030468948764367
4666,LiPF6,LiPF6,True,0.0,LiCF3SO3,2.3030468948764367,2.3030468948764367
4667,LiPF6,LiPF6,True,0.0,LiCF3SO3,2.3030468948764367,2.3030468948764367
4668,LiPF6,LiPF6,True,0.0,LiCF3SO3,2.3030468948764367,2.3030468948764367
4669,LiPF6,LiPF6,True,0.0,LiCF3SO3,2.3030468948764367,2.3030468948764367
4670,LiPF6,LiPF6,True,0.0,LiCF3SO3,2.3030468948764367,2.3030468948764367
4671,LiPF6,LiPF6,True,0.0,LiCF3SO3,2.3030468948764367,2.3030468948764367
4672,LiPF6,LiPF6,True,0.0,LiCF3SO3,2.3030468948764367,2.3030468948764367
4673,LiPF6,LiPF6,True,0.0,LiCF3SO3,2.3030468948764367,2.3030468948764367
4674,LiPF6,LiPF6,True,0.0,LiCF3SO3,2.3030468948764367,2.3030468948764367
4675,LiPF6,LiPF6,True,0.0,LiCF3SO3,2.3030468948764367,2.3030468948764367
4676,LiPF6,LiPF6,True,0.0,LiCF3SO3,2.3030468948764367,2.3030468948764367
4677,LiPF6,LiPF6,True,0.0,LiCF3SO3,2.3030468948764367,2.3030468948764367
4678,LiPF6,LiPF6,True,0.0,LiCF3SO3,2.3030468948764367,2.3030468948764367
4679,LiPF6,LiPF6,True,0.0,LiCF3SO3,2.3030468948764367,2.3030468948764367
4680,LiPF6,LiPF6,True,0.0,LiCF3SO3,2.3030468948764367,2.3030468948764367
4681,LiPF6,LiPF6,True,0.0,LiCF3SO3,2.3030468948764367,2.3030468948764367
4682,LiPF6,LiPF6,True,0.0,LiCF3SO3,2.3030468948764367,2.3030468948764367
4683,LiPF6,LiPF6,True,0.0,LiCF3SO3,2.3030468948764367,2.3030468948764367
4684,LiPF6,LiPF6,True,0.0,LiCF3SO3,2.3030468948764367,2.3030468948764367
4685,LiPF6,LiPF6,True,0.0,LiCF3SO3,2.3030468948764367,2.3030468948764367
4686,LiPF6,LiPF6,True,0.0,LiCF3SO3,2.3030468948764367,2.3030468948764367
4687,LiPF6,LiPF6,True,0.0,LiCF3SO3,2.3030468948764367,2.3030468948764367
4688,LiPF6,LiPF6,True,0.0,LiCF3SO3,2.3030468948764367,2.3030468948764367
4689,LiPF6,LiPF6,True,0.0,LiCF3SO3,2.3030468948764367,2.3030468948764367
4690,LiPF6,LiPF6,True,0.0,LiCF3SO3,2.3030468948764367,2.3030468948764367
4691,LiPF6,LiPF6,True,0.0,LiCF3SO3,2.3030468948764367,2.3030468948764367
4692,LiPF6,LiPF6,True,0.0,LiCF3SO3,2.3030468948764367,2.3030468948764367
4693,LiPF6,LiPF6,True,0.0,LiCF3SO3,2.3030468948764367,2.3030468948764367
4694,LiPF6,LiPF6,True,0.0,LiCF3SO3,2.3030468948764367,2.3030468948764367
4695,LiPF6,LiPF6,True,0.0,LiCF3SO3,2.3030468948764367,2.3030468948764367
4696,LiPF6,LiPF6,True,0.0,LiCF3SO3,2.3030468948764367,2.3030468948764367
4697,LiPF6,LiPF6,True,0.0,LiCF3SO3,2.3030468948764367,2.3030468948764367
4698,LiPF6,LiPF6,True,0.0,LiCF3SO3,2.3030468948764367,2.3030468948764367
4699,LiPF6,LiPF6,True,0.0,LiCF3SO3,2.3030468948764367,2.3030468948764367
4700,LiPF6,LiPF6,True,0.0,LiCF3SO3,2.3030468948764367,2.3030468948764367
4701,LiPF6,LiPF6,True,0.0,LiCF3SO3,2.3030468948764367,2.3030468948764367
4702,LiPF6,LiPF6,True,0.0,LiCF3SO3,2.3030468948764367,2.3030468948764367
4703,LiPF6,LiPF6,True,0.0,LiCF3SO3,2.3030468948764367,2.3030468948764367
4704,LiPF6,LiPF6,True,0.0,LiCF3SO3,2.3030468948764367,2.3030468948764367
4705,LiPF6,LiPF6,True,0.0,LiCF3SO3,2.3030468948764367,2.3030468948764367
4706,LiPF6,LiPF6,True,0.0,LiCF3SO3,2.3030468948764367,2.3030468948764367
4707,LiPF6,LiPF6,True,0.0,LiCF3SO3,2.3030468948764367,2.3030468948764367
4708,LiPF6,LiPF6,True,0.0,LiCF3SO3,2.3030468948764367,2.3030468948764367
4709,LiPF6,LiPF6,True,0.0,LiCF3SO3,2.3030468948764367,2.3030468948764367
4710,LiPF6,LiPF6,True,0.0,LiCF3SO3,2.3030468948764367,2.3030468948764367
4711,LiPF6,LiPF6,True,0.0,LiCF3SO3,2.3030468948764367,2.3030468948764367
4712,LiPF6,LiPF6,True,0.0,LiCF3SO3,2.3030468948764367,2.3030468948764367
4713,LiPF6,LiPF6,True,0.0,LiCF3SO3,2.3030468948764367,2.3030468948764367
4714,LiPF6,LiPF6,True,0.0,LiCF3SO3,2.3030468948764367,2.3030468948764367
4715,LiPF6,LiPF6,True,0.0,LiCF3SO3,2.3030468948764367,2.3030468948764367
4716,LiPF6,LiPF6,True,0.0,LiCF3SO3,2.3030468948764367,2.3030468948764367
4717,LiPF6,LiPF6,True,0.0,LiCF3SO3,2.3030468948764367,2.3030468948764367
4718,LiPF6,LiPF6,True,0.0,LiCF3SO3,2.3030468948764367,2.3030468948764367
4719,LiPF6,LiPF6,True,0.0,LiCF3SO3,2.3030468948764367,2.3030468948764367
4720,LiPF6,LiPF6,True,0.0,LiCF3SO3,2.3030468948764367,2.3030468948764367
4721,LiPF6,LiPF6,True,0.0,LiCF3SO3,2.3030468948764367,2.3030468948764367
4722,LiPF6,LiPF6,True,0.0,LiCF3SO3,2.3030468948764367,2.3030468948764367
4723,LiPF6,LiPF6,True,0.0,LiCF3SO3,2.3030468948764367,2.3030468948764367
4724,LiPF6,LiPF6,True,0.0,LiCF3SO3,2.3030468948764367,2.3030468948764367
4725,LiPF6,LiPF6,True,0.0,LiCF3SO3,2.3030468948764367,2.3030468948764367
4726,LiPF6,LiPF6,True,0.0,LiCF3SO3,2.3030468948764367,2.3030468948764367
4727,LiPF6,LiPF6,True,0.0,LiCF3SO3,2.3030468948764367,2.3030468948764367
4728,LiPF6,LiPF6,True,0.0,LiCF3SO3,2.3030468948764367,2.3030468948764367
4729,LiPF6,LiPF6,True,0.0,LiCF3SO3,2.3030468948764367,2.3030468948764367
4730,LiPF6,LiPF6,True,0.0,LiCF3SO3,2.3030468948764367,2.3030468948764367
4731,LiPF6,LiPF6,True,0.0,LiCF3SO3,2.3030468948764367,2.3030468948764367
4732,LiPF6,LiPF6,True,0.0,LiCF3SO3,2.3030468948764367,2.3030468948764367
4733,LiPF6,LiPF6,True,0.0,LiCF3SO3,2.3030468948764367,2.3030468948764367
4734,LiPF6,LiPF6,True,0.0,LiCF3SO3,2.3030468948764367,2.3030468948764367
4735,LiPF6,LiPF6,True,0.0,LiCF3SO3,2.3030468948764367,2.3030468948764367
4736,LiPF6,LiPF6,True,0.0,LiCF3SO3,2.3030468948764367,2.3030468948764367
4737,LiPF6,LiPF6,True,0.0,LiCF3SO3,2.3030468948764367,2.3030468948764367
4738,LiPF6,LiPF6,True,0.0,LiCF3SO3,2.3030468948764367,2.3030468948764367
4739,LiPF6,LiPF6,True,0.0,LiCF3SO3,2.3030468948764367,2.3030468948764367
4740,LiPF6,LiPF6,True,0.0,LiCF3SO3,2.3030468948764367,2.3030468948764367
4741,LiPF6,LiPF6,True,0.0,LiCF3SO3,2.3030468948764367,2.3030468948764367
4742,LiPF6,LiPF6,True,0.0,LiCF3SO3,2.3030468948764367,2.3030468948764367
4743,LiPF6,LiPF6,True,0.0,LiCF3SO3,2.3030468948764367,2.3030468948764367
4744,LiPF6,LiPF6,True,0.0,LiCF3SO3,2.3030468948764367,2.3030468948764367
4745,LiPF6,LiPF6,True,0.0,LiCF3SO3,2.3030468948764367,2.3030468948764367
4746,LiPF6,LiPF6,True,0.0,LiCF3SO3,2.3030468948764367,2.3030468948764367
4747,LiPF6,LiPF6,True,0.0,LiCF3SO3,2.3030468948764367,2.3030468948764367
4748,LiPF6,LiPF6,True,0.0,LiCF3SO3,2.3030468948764367,2.3030468948764367
4749,LiPF6,LiPF6,True,0.0,LiCF3SO3,2.3030468948764367,2.3030468948764367
4750,LiPF6,LiPF6,True,0.0,LiCF3SO3,2.3030468948764367,2.3030468948764367
4751,LiPF6,LiPF6,True,0.0,LiCF3SO3,2.3030468948764367,2.3030468948764367
4752,LiPF6,LiPF6,True,0.0,LiCF3SO3,2.3030468948764367,2.3030468948764367
4753,LiPF6,LiPF6,True,0.0,LiCF3SO3,2.3030468948764367,2.3030468948764367
4754,LiPF6,LiPF6,True,0.0,LiCF3SO3,2.3030468948764367,2.3030468948764367
4755,LiPF6,LiPF6,True,0.0,LiCF3SO3,2.3030468948764367,2.3030468948764367
4756,LiPF6,LiPF6,True,0.0,LiCF3SO3,2.3030468948764367,2.3030468948764367
4757,LiPF6,LiPF6,True,0.0,LiCF3SO3,2.3030468948764367,2.3030468948764367
4758,LiPF6,LiPF6,True,0.0,LiCF3SO3,2.3030468948764367,2.3030468948764367
4759,LiPF6,LiPF6,True,0.0,LiCF3SO3,2.3030468948764367,2.3030468948764367
4760,LiPF6,LiPF6,True,0.0,LiCF3SO3,2.3030468948764367,2.3030468948764367
4761,LiPF6,LiPF6,True,0.0,LiCF3SO3,2.3030468948764367,2.3030468948764367
4762,LiPF6,LiPF6,True,0.0,LiCF3SO3,2.3030468948764367,2.3030468948764367
4763,LiPF6,LiPF6,True,0.0,LiCF3SO3,2.3030468948764367,2.3030468948764367
4764,LiPF6,LiPF6,True,0.0,LiCF3SO3,2.3030468948764367,2.3030468948764367
4765,LiPF6,LiPF6,True,0.0,LiCF3SO3,2.3030468948764367,2.3030468948764367
4766,LiPF6,LiPF6,True,0.0,LiCF3SO3,2.3030468948764367,2.3030468948764367
4767,LiPF6,LiPF6,True,0.0,LiCF3SO3,2.3030468948764367,2.3030468948764367
4768,LiPF6,LiPF6,True,0.0,LiCF3SO3,2.3030468948764367,2.3030468948764367
4769,LiPF6,LiPF6,True,0.0,LiCF3SO3,2.3030468948764367,2.3030468948764367
4770,LiPF6,LiPF6,True,0.0,LiCF3SO3,2.3030468948764367,2.3030468948764367
4771,LiPF6,LiPF6,True,0.0,LiCF3SO3,2.3030468948764367,2.3030468948764367
4772,LiPF6,LiPF6,True,0.0,LiCF3SO3,2.3030468948764367,2.3030468948764367
4773,LiPF6,LiPF6,True,0.0,LiCF3SO3,2.3030468948764367,2.3030468948764367
4774,LiPF6,LiPF6,True,0.0,LiCF3SO3,2.3030468948764367,2.3030468948764367
4775,LiPF6,LiPF6,True,0.0,LiCF3SO3,2.3030468948764367,2.3030468948764367
4776,LiPF6,LiPF6,True,0.0,LiCF3SO3,2.3030468948764367,2.3030468948764367
4777,LiPF6,LiPF6,True,0.0,LiCF3SO3,2.3030468948764367,2.3030468948764367
4778,LiPF6,LiPF6,True,0.0,LiCF3SO3,2.3030468948764367,2.3030468948764367
4779,LiPF6,LiPF6,True,0.0,LiCF3SO3,2.3030468948764367,2.3030468948764367
4780,LiPF6,LiPF6,True,0.0,LiCF3SO3,2.3030468948764367,2.3030468948764367
4781,LiPF6,LiPF6,True,0.0,LiCF3SO3,2.3030468948764367,2.3030468948764367
4782,LiPF6,LiPF6,True,0.0,LiCF3SO3,2.3030468948764367,2.3030468948764367
4783,LiPF6,LiPF6,True,0.0,LiCF3SO3,2.3030468948764367,2.3030468948764367
4784,LiPF6,LiPF6,True,0.0,LiCF3SO3,2.3030468948764367,2.3030468948764367
4785,LiPF6,LiPF6,True,0.0,LiCF3SO3,2.3030468948764367,2.3030468948764367
4786,LiPF6,LiPF6,True,0.0,LiCF3SO3,2.3030468948764367,2.3030468948764367
4787,LiPF6,LiPF6,True,0.0,LiCF3SO3,2.3030468948764367,2.3030468948764367
4788,LiPF6,LiPF6,True,0.0,LiCF3SO3,2.3030468948764367,2.3030468948764367
4789,LiPF6,LiPF6,True,0.0,LiCF3SO3,2.3030468948764367,2.3030468948764367
4790,LiPF6,LiPF6,True,0.0,LiCF3SO3,2.3030468948764367,2.3030468948764367
4791,LiPF6,LiPF6,True,0.0,LiCF3SO3,2.3030468948764367,2.3030468948764367
4792,LiPF6,LiPF6,True,0.0,LiCF3SO3,2.3030468948764367,2.3030468948764367
4793,LiPF6,LiPF6,True,0.0,LiCF3SO3,2.3030468948764367,2.3030468948764367
4794,LiPF6,LiPF6,True,0.0,LiCF3SO3,2.3030468948764367,2.3030468948764367
4795,LiPF6,LiPF6,True,0.0,LiCF3SO3,2.3030468948764367,2.3030468948764367
4796,LiPF6,LiPF6,True,0.0,LiCF3SO3,2.3030468948764367,2.3030468948764367
4797,LiPF6,LiPF6,True,0.0,LiCF3SO3,2.3030468948764367,2.3030468948764367
4798,LiPF6,LiPF6,True,0.0,LiCF3SO3,2.3030468948764367,2.3030468948764367
4799,LiPF6,LiPF6,True,0.0,LiCF3SO3,2.3030468948764367,2.3030468948764367
4800,LiPF6,LiPF6,True,0.0,LiCF3SO3,2.3030468948764367,2.3030468948764367
4801,LiPF6,LiPF6,True,0.0,LiCF3SO3,2.3030468948764367,2.3030468948764367
4802,LiPF6,LiPF6,True,0.0,LiCF3SO3,2.3030468948764367,2.3030468948764367
4803,LiPF6,LiPF6,True,0.0,LiCF3SO3,2.3030468948764367,2.3030468948764367
4804,LiPF6,LiPF6,True,0.0,LiCF3SO3,2.3030468948764367,2.3030468948764367
4805,LiPF6,LiPF6,True,0.0,LiCF3SO3,2.3030468948764367,2.3030468948764367
4806,LiPF6,LiPF6,True,0.0,LiCF3SO3,2.3030468948764367,2.3030468948764367
4807,LiPF6,LiPF6,True,0.0,LiCF3SO3,2.3030468948764367,2.3030468948764367
4808,LiPF6,LiPF6,True,0.0,LiCF3SO3,2.3030468948764367,2.3030468948764367
4809,LiPF6,LiPF6,True,0.0,LiCF3SO3,2.3030468948764367,2.3030468948764367
4810,LiPF6,LiPF6,True,0.0,LiCF3SO3,2.3030468948764367,2.3030468948764367
4811,LiPF6,LiPF6,True,0.0,LiCF3SO3,2.3030468948764367,2.3030468948764367
4812,LiPF6,LiPF6,True,0.0,LiCF3SO3,2.3030468948764367,2.3030468948764367
4813,LiPF6,LiPF6,True,0.0,LiCF3SO3,2.3030468948764367,2.3030468948764367
4814,LiPF6,LiPF6,True,0.0,LiCF3SO3,2.3030468948764367,2.3030468948764367
4815,LiPF6,LiPF6,True,0.0,LiCF3SO3,2.3030468948764367,2.3030468948764367
4816,LiPF6,LiPF6,True,0.0,LiCF3SO3,2.3030468948764367,2.3030468948764367
4817,LiPF6,LiPF6,True,0.0,LiCF3SO3,2.3030468948764367,2.3030468948764367
4818,LiPF6,LiPF6,True,0.0,LiCF3SO3,2.3030468948764367,2.3030468948764367
4819,LiPF6,LiPF6,True,0.0,LiCF3SO3,2.3030468948764367,2.3030468948764367
4820,LiPF6,LiPF6,True,0.0,LiCF3SO3,2.3030468948764367,2.3030468948764367
4821,LiPF6,LiPF6,True,0.0,LiCF3SO3,2.3030468948764367,2.3030468948764367
4822,LiPF6,LiPF6,True,0.0,LiCF3SO3,2.3030468948764367,2.3030468948764367
4823,LiPF6,LiPF6,True,0.0,LiCF3SO3,2.3030468948764367,2.3030468948764367
4824,LiPF6,LiPF6,True,0.0,LiCF3SO3,2.3030468948764367,2.3030468948764367
4825,LiPF6,LiPF6,True,0.0,LiCF3SO3,2.3030468948764367,2.3030468948764367
4826,LiPF6,LiPF6,True,0.0,LiCF3SO3,2.3030468948764367,2.3030468948764367
4827,LiPF6,LiPF6,True,0.0,LiCF3SO3,2.3030468948764367,2.3030468948764367
4828,LiPF6,LiPF6,True,0.0,LiCF3SO3,2.3030468948764367,2.3030468948764367
4829,LiPF6,LiPF6,True,0.0,LiCF3SO3,2.3030468948764367,2.3030468948764367
4830,LiPF6,LiPF6,True,0.0,LiCF3SO3,2.3030468948764367,2.3030468948764367
4831,LiPF6,LiPF6,True,0.0,LiCF3SO3,2.3030468948764367,2.3030468948764367
4832,LiPF6,LiPF6,True,0.0,LiCF3SO3,2.3030468948764367,2.3030468948764367
4833,LiPF6,LiPF6,True,0.0,LiCF3SO3,2.3030468948764367,2.3030468948764367
4834,LiPF6,LiPF6,True,0.0,LiCF3SO3,2.3030468948764367,2.3030468948764367
4835,LiPF6,LiPF6,True,0.0,LiCF3SO3,2.3030468948764367,2.3030468948764367
4836,LiPF6,LiPF6,True,0.0,LiCF3SO3,2.3030468948764367,2.3030468948764367
4837,LiPF6,LiPF6,True,0.0,LiCF3SO3,2.3030468948764367,2.3030468948764367
4838,LiPF6,LiPF6,True,0.0,LiCF3SO3,2.3030468948764367,2.3030468948764367
4839,LiPF6,LiPF6,True,0.0,LiCF3SO3,2.3030468948764367,2.3030468948764367
4840,LiPF6,LiPF6,True,0.0,LiCF3SO3,2.3030468948764367,2.3030468948764367
4841,LiPF6,LiPF6,True,0.0,LiCF3SO3,2.3030468948764367,2.3030468948764367
4842,LiPF6,LiPF6,True,0.0,LiCF3SO3,2.3030468948764367,2.3030468948764367
4843,LiPF6,LiPF6,True,0.0,LiCF3SO3,2.3030468948764367,2.3030468948764367
4844,LiPF6,LiPF6,True,0.0,LiCF3SO3,2.3030468948764367,2.3030468948764367
4845,LiPF6,LiPF6,True,0.0,LiCF3SO3,2.3030468948764367,2.3030468948764367
4846,LiPF6,LiPF6,True,0.0,LiCF3SO3,2.3030468948764367,2.3030468948764367
4847,LiPF6,LiPF6,True,0.0,LiCF3SO3,2.3030468948764367,2.3030468948764367
4848,LiPF6,LiPF6,True,0.0,LiCF3SO3,2.3030468948764367,2.3030468948764367
4849,LiPF6,LiPF6,True,0.0,LiCF3SO3,2.3030468948764367,2.3030468948764367
4850,LiPF6,LiPF6,True,0.0,LiCF3SO3,2.3030468948764367,2.3030468948764367
4851,LiPF6,LiPF6,True,0.0,LiCF3SO3,2.3030468948764367,2.3030468948764367
4852,LiPF6,LiPF6,True,0.0,LiCF3SO3,2.3030468948764367,2.3030468948764367
4853,LiPF6,LiPF6,True,0.0,LiCF3SO3,2.3030468948764367,2.3030468948764367
4854,LiPF6,LiPF6,True,0.0,LiCF3SO3,2.3030468948764367,2.3030468948764367
4855,LiPF6,LiPF6,True,0.0,LiCF3SO3,2.3030468948764367,2.3030468948764367
4856,LiPF6,LiPF6,True,0.0,LiCF3SO3,2.3030468948764367,2.3030468948764367
4857,LiPF6,LiPF6,True,0.0,LiCF3SO3,2.3030468948764367,2.3030468948764367
4858,LiPF6,LiPF6,True,0.0,LiCF3SO3,2.3030468948764367,2.3030468948764367
4859,LiPF6,LiPF6,True,0.0,LiCF3SO3,2.3030468948764367,2.3030468948764367
4860,LiPF6,LiPF6,True,0.0,LiCF3SO3,2.3030468948764367,2.3030468948764367
4861,LiPF6,LiPF6,True,0.0,LiCF3SO3,2.3030468948764367,2.3030468948764367
4862,LiPF6,LiPF6,True,0.0,LiCF3SO3,2.3030468948764367,2.3030468948764367
4863,LiPF6,LiPF6,True,0.0,LiCF3SO3,2.3030468948764367,2.3030468948764367
4864,LiPF6,LiPF6,True,0.0,LiCF3SO3,2.3030468948764367,2.3030468948764367
4865,LiPF6,LiPF6,True,0.0,LiCF3SO3,2.3030468948764367,2.3030468948764367
4866,LiPF6,LiPF6,True,0.0,LiCF3SO3,2.3030468948764367,2.3030468948764367
4867,LiPF6,LiPF6,True,0.0,LiCF3SO3,2.3030468948764367,2.3030468948764367
4868,LiPF6,LiPF6,True,0.0,LiCF3SO3,2.3030468948764367,2.3030468948764367
4869,LiPF6,LiPF6,True,0.0,LiCF3SO3,2.3030468948764367,2.3030468948764367
4870,LiPF6,LiPF6,True,0.0,LiCF3SO3,2.3030468948764367,2.3030468948764367
4871,LiPF6,LiPF6,True,0.0,LiCF3SO3,2.3030468948764367,2.3030468948764367
4872,LiPF6,LiPF6,True,0.0,LiCF3SO3,2.3030468948764367,2.3030468948764367
4873,LiPF6,LiPF6,True,0.0,LiCF3SO3,2.3030468948764367,2.3030468948764367
4874,LiPF6,LiPF6,True,0.0,LiCF3SO3,2.3030468948764367,2.3030468948764367
4875,LiPF6,LiPF6,True,0.0,LiCF3SO3,2.3030468948764367,2.3030468948764367
4876,LiPF6,LiPF6,True,0.0,LiCF3SO3,2.3030468948764367,2.3030468948764367
4877,LiPF6,LiPF6,True,0.0,LiCF3SO3,2.3030468948764367,2.3030468948764367
4878,LiPF6,LiPF6,True,0.0,LiCF3SO3,2.3030468948764367,2.3030468948764367
4879,LiPF6,LiPF6,True,0.0,LiCF3SO3,2.3030468948764367,2.3030468948764367
4880,LiPF6,LiPF6,True,0.0,LiCF3SO3,2.3030468948764367,2.3030468948764367
4881,LiPF6,LiPF6,True,0.0,LiCF3SO3,2.3030468948764367,2.3030468948764367
4882,LiPF6,LiPF6,True,0.0,LiCF3SO3,2.3030468948764367,2.3030468948764367
4883,LiPF6,LiPF6,True,0.0,LiCF3SO3,2.3030468948764367,2.3030468948764367
4884,LiPF6,LiPF6,True,0.0,LiCF3SO3,2.3030468948764367,2.3030468948764367
4885,LiPF6,LiPF6,True,0.0,LiCF3SO3,2.3030468948764367,2.3030468948764367
4886,LiPF6,LiPF6,True,0.0,LiCF3SO3,2.3030468948764367,2.3030468948764367
4887,LiPF6,LiPF6,True,0.0,LiCF3SO3,2.3030468948764367,2.3030468948764367
4888,LiPF6,LiPF6,True,0.0,LiCF3SO3,2.3030468948764367,2.3030468948764367
4889,LiPF6,LiPF6,True,0.0,LiCF3SO3,2.3030468948764367,2.3030468948764367
4890,LiPF6,LiPF6,True,0.0,LiCF3SO3,2.3030468948764367,2.3030468948764367
4891,LiPF6,LiPF6,True,0.0,LiCF3SO3,2.3030468948764367,2.3030468948764367
4892,LiPF6,LiPF6,True,0.0,LiCF3SO3,2.3030468948764367,2.3030468948764367
4893,LiPF6,LiPF6,True,0.0,LiCF3SO3,2.3030468948764367,2.3030468948764367
4894,LiPF6,LiPF6,True,0.0,LiCF3SO3,2.3030468948764367,2.3030468948764367
4895,LiPF6,LiPF6,True,0.0,LiCF3SO3,2.3030468948764367,2.3030468948764367
4896,LiPF6,LiPF6,True,0.0,LiCF3SO3,2.3030468948764367,2.3030468948764367
4897,LiPF6,LiPF6,True,0.0,LiCF3SO3,2.3030468948764367,2.3030468948764367
4898,LiPF6,LiPF6,True,0.0,LiCF3SO3,2.3030468948764367,2.3030468948764367
4899,LiPF6,LiPF6,True,0.0,LiCF3SO3,2.3030468948764367,2.3030468948764367
4900,LiPF6,LiPF6,True,0.0,LiCF3SO3,2.3030468948764367,2.3030468948764367
4901,LiPF6,LiPF6,True,0.0,LiCF3SO3,2.3030468948764367,2.3030468948764367
4902,LiPF6,LiPF6,True,0.0,LiCF3SO3,2.3030468948764367,2.3030468948764367
4903,LiPF6,LiPF6,True,0.0,LiCF3SO3,2.3030468948764367,2.3030468948764367
4904,LiPF6,LiPF6,True,0.0,LiCF3SO3,2.3030468948764367,2.3030468948764367
4905,LiPF6,LiPF6,True,0.0,LiCF3SO3,2.3030468948764367,2.3030468948764367
4906,LiPF6,LiPF6,True,0.0,LiCF3SO3,2.3030468948764367,2.3030468948764367
4907,LiPF6,LiPF6,True,0.0,LiCF3SO3,2.3030468948764367,2.3030468948764367
4908,LiPF6,LiPF6,True,0.0,LiCF3SO3,2.3030468948764367,2.3030468948764367
4909,LiPF6,LiPF6,True,0.0,LiCF3SO3,2.3030468948764367,2.3030468948764367
4910,LiPF6,LiPF6,True,0.0,LiCF3SO3,2.3030468948764367,2.3030468948764367
4911,LiPF6,LiPF6,True,0.0,LiCF3SO3,2.3030468948764367,2.3030468948764367
4912,LiPF6,LiPF6,True,0.0,LiCF3SO3,2.3030468948764367,2.3030468948764367
4913,LiPF6,LiPF6,True,0.0,LiCF3SO3,2.3030468948764367,2.3030468948764367
4914,LiPF6,LiPF6,True,0.0,LiCF3SO3,2.3030468948764367,2.3030468948764367
4915,LiPF6,LiPF6,True,0.0,LiCF3SO3,2.3030468948764367,2.3030468948764367
4916,LiPF6,LiPF6,True,0.0,LiCF3SO3,2.3030468948764367,2.3030468948764367
4917,LiPF6,LiPF6,True,0.0,LiCF3SO3,2.3030468948764367,2.3030468948764367
4918,LiPF6,LiPF6,True,0.0,LiCF3SO3,2.3030468948764367,2.3030468948764367
4919,LiPF6,LiPF6,True,0.0,LiCF3SO3,2.3030468948764367,2.3030468948764367
4920,LiPF6,LiPF6,True,0.0,LiCF3SO3,2.3030468948764367,2.3030468948764367
4921,LiPF6,LiPF6,True,0.0,LiCF3SO3,2.3030468948764367,2.3030468948764367
4922,LiPF6,LiPF6,True,0.0,LiCF3SO3,2.3030468948764367,2.3030468948764367
4923,LiPF6,LiPF6,True,0.0,LiCF3SO3,2.3030468948764367,2.3030468948764367
4924,LiPF6,LiPF6,True,0.0,LiCF3SO3,2.3030468948764367,2.3030468948764367
4925,LiPF6,LiPF6,True,0.0,LiCF3SO3,2.3030468948764367,2.3030468948764367
4926,LiPF6,LiPF6,True,0.0,LiCF3SO3,2.3030468948764367,2.3030468948764367
4927,LiPF6,LiPF6,True,0.0,LiCF3SO3,2.3030468948764367,2.3030468948764367
4928,LiPF6,LiPF6,True,0.0,LiCF3SO3,2.3030468948764367,2.3030468948764367
4929,LiPF6,LiPF6,True,0.0,LiCF3SO3,2.3030468948764367,2.3030468948764367
4930,LiPF6,LiPF6,True,0.0,LiCF3SO3,2.3030468948764367,2.3030468948764367
4931,LiPF6,LiPF6,True,0.0,LiCF3SO3,2.3030468948764367,2.3030468948764367
4932,LiPF6,LiPF6,True,0.0,LiCF3SO3,2.3030468948764367,2.3030468948764367
4933,LiPF6,LiPF6,True,0.0,LiCF3SO3,2.3030468948764367,2.3030468948764367
4934,LiPF6,LiPF6,True,0.0,LiCF3SO3,2.3030468948764367,2.3030468948764367
4935,LiPF6,LiPF6,True,0.0,LiCF3SO3,2.3030468948764367,2.3030468948764367
4936,LiPF6,LiPF6,True,0.0,LiCF3SO3,2.3030468948764367,2.3030468948764367
4937,LiPF6,LiPF6,True,0.0,LiCF3SO3,2.3030468948764367,2.3030468948764367
4938,LiPF6,LiPF6,True,0.0,LiCF3SO3,2.3030468948764367,2.3030468948764367
4939,LiPF6,LiPF6,True,0.0,LiCF3SO3,2.3030468948764367,2.3030468948764367
4940,LiPF6,LiPF6,True,0.0,LiCF3SO3,2.3030468948764367,2.3030468948764367
4941,LiPF6,LiPF6,True,0.0,LiCF3SO3,2.3030468948764367,2.3030468948764367
4942,LiPF6,LiPF6,True,0.0,LiCF3SO3,2.3030468948764367,2.3030468948764367
4943,LiPF6,LiPF6,True,0.0,LiCF3SO3,2.3030468948764367,2.3030468948764367
4944,LiPF6,LiPF6,True,0.0,LiCF3SO3,2.3030468948764367,2.3030468948764367
4945,LiPF6,LiPF6,True,0.0,LiCF3SO3,2.3030468948764367,2.3030468948764367
4946,LiPF6,LiPF6,True,0.0,LiCF3SO3,2.3030468948764367,2.3030468948764367
4947,LiPF6,LiPF6,True,0.0,LiCF3SO3,2.3030468948764367,2.3030468948764367
4948,LiPF6,LiPF6,True,0.0,LiCF3SO3,2.3030468948764367,2.3030468948764367
4949,LiPF6,LiPF6,True,0.0,LiCF3SO3,2.3030468948764367,2.3030468948764367
4950,LiPF6,LiPF6,True,0.0,LiCF3SO3,2.3030468948764367,2.3030468948764367
4951,LiPF6,LiPF6,True,0.0,LiCF3SO3,2.3030468948764367,2.3030468948764367
4952,LiPF6,LiPF6,True,0.0,LiCF3SO3,2.3030468948764367,2.3030468948764367
4953,LiPF6,LiPF6,True,0.0,LiCF3SO3,2.3030468948764367,2.3030468948764367
4954,LiPF6,LiPF6,True,0.0,LiCF3SO3,2.3030468948764367,2.3030468948764367
4955,LiPF6,LiPF6,True,0.0,LiCF3SO3,2.3030468948764367,2.3030468948764367
4956,LiPF6,LiPF6,True,0.0,LiCF3SO3,2.3030468948764367,2.3030468948764367
4957,LiPF6,LiPF6,True,0.0,LiCF3SO3,2.3030468948764367,2.3030468948764367
4958,LiPF6,LiPF6,True,0.0,LiCF3SO3,2.3030468948764367,2.3030468948764367
4959,LiPF6,LiPF6,True,0.0,LiCF3SO3,2.3030468948764367,2.3030468948764367
4960,LiPF6,LiPF6,True,0.0,LiCF3SO3,2.3030468948764367,2.3030468948764367
4961,LiPF6,LiPF6,True,0.0,LiCF3SO3,2.3030468948764367,2.3030468948764367
4962,LiPF6,LiPF6,True,0.0,LiCF3SO3,2.3030468948764367,2.3030468948764367
4963,LiPF6,LiPF6,True,0.0,LiCF3SO3,2.3030468948764367,2.3030468948764367
4964,LiPF6,LiPF6,True,0.0,LiCF3SO3,2.3030468948764367,2.3030468948764367
4965,LiPF6,LiPF6,True,0.0,LiCF3SO3,2.3030468948764367,2.3030468948764367
4966,LiPF6,LiPF6,True,0.0,LiCF3SO3,2.3030468948764367,2.3030468948764367
4967,LiPF6,LiPF6,True,0.0,LiCF3SO3,2.3030468948764367,2.3030468948764367
4968,LiPF6,LiPF6,True,0.0,LiCF3SO3,2.3030468948764367,2.3030468948764367
4969,LiPF6,LiPF6,True,0.0,LiCF3SO3,2.3030468948764367,2.3030468948764367
4970,LiPF6,LiPF6,True,0.0,LiCF3SO3,2.3030468948764367,2.3030468948764367
4971,LiPF6,LiPF6,True,0.0,LiCF3SO3,2.3030468948764367,2.3030468948764367
4972,LiPF6,LiPF6,True,0.0,LiCF3SO3,2.3030468948764367,2.3030468948764367
4973,LiPF6,LiPF6,True,0.0,LiCF3SO3,2.3030468948764367,2.3030468948764367
4974,LiPF6,LiPF6,True,0.0,LiCF3SO3,2.3030468948764367,2.3030468948764367
4975,LiPF6,LiPF6,True,0.0,LiCF3SO3,2.3030468948764367,2.3030468948764367
4976,LiPF6,LiPF6,True,0.0,LiCF3SO3,2.3030468948764367,2.3030468948764367
4977,LiPF6,LiPF6,True,0.0,LiCF3SO3,2.3030468948764367,2.3030468948764367
4978,LiPF6,LiPF6,True,0.0,LiCF3SO3,2.3030468948764367,2.3030468948764367
4979,LiPF6,LiPF6,True,0.0,LiCF3SO3,2.3030468948764367,2.3030468948764367
4980,LiPF6,LiPF6,True,0.0,LiCF3SO3,2.3030468948764367,2.3030468948764367
4981,LiPF6,LiPF6,True,0.0,LiCF3SO3,2.3030468948764367,2.3030468948764367
4982,LiPF6,LiPF6,True,0.0,LiCF3SO3,2.3030468948764367,2.3030468948764367
4983,LiPF6,LiPF6,True,0.0,LiCF3SO3,2.3030468948764367,2.3030468948764367
4984,LiPF6,LiPF6,True,0.0,LiCF3SO3,2.3030468948764367,2.3030468948764367
4985,LiPF6,LiPF6,True,0.0,LiCF3SO3,2.3030468948764367,2.3030468948764367
4986,LiPF6,LiPF6,True,0.0,LiCF3SO3,2.3030468948764367,2.3030468948764367
4987,LiBMB,LiBMB,True,0.0,LiPDI,1.1897226567566075,1.1897226567566075
4988,LiBMB,LiBMB,True,0.0,LiPDI,1.1897226567566075,1.1897226567566075
4989,LiBMB,LiBMB,True,0.0,LiPDI,1.1897226567566075,1.1897226567566075
4990,LiBMB,LiBMB,True,0.0,LiPDI,1.1897226567566075,1.1897226567566075
4991,LiBMB,LiBMB,True,0.0,LiPDI,1.1897226567566075,1.1897226567566075
4992,LiBMB,LiBMB,True,0.0,LiPDI,1.1897226567566075,1.1897226567566075
4993,LiBMB,LiBMB,True,0.0,LiPDI,1.1897226567566075,1.1897226567566075
4994,LiBMB,LiBMB,True,0.0,LiPDI,1.1897226567566075,1.1897226567566075
4995,LiBMB,LiBMB,True,0.0,LiPDI,1.1897226567566075,1.1897226567566075
4996,LiBMB,LiBMB,True,0.0,LiPDI,1.1897226567566075,1.1897226567566075
4997,LiBMB,LiBMB,True,0.0,LiPDI,1.1897226567566075,1.1897226567566075
4998,LiBMB,LiBMB,True,0.0,LiPDI,1.1897226567566075,1.1897226567566075
4999,LiBMB,LiBMB,True,0.0,LiPDI,1.1897226567566075,1.1897226567566075
5000,LiBMB,LiBMB,True,0.0,LiPDI,1.1897226567566075,1.1897226567566075
5001,LiBMB,LiBMB,True,0.0,LiPDI,1.1897226567566075,1.1897226567566075
5002,LiBMB,LiBMB,True,0.0,LiPDI,1.1897226567566075,1.1897226567566075
5003,LiBMB,LiBMB,True,0.0,LiPDI,1.1897226567566075,1.1897226567566075
5004,LiBMB,LiBMB,True,0.0,LiPDI,1.1897226567566075,1.1897226567566075
5005,LiBMB,LiBMB,True,0.0,LiPDI,1.1897226567566075,1.1897226567566075
5006,LiBMB,LiBMB,True,0.0,LiPDI,1.1897226567566075,1.1897226567566075
5007,LiBMB,LiBMB,True,0.0,LiPDI,1.1897226567566075,1.1897226567566075
5008,LiBMB,LiBMB,True,0.0,LiPDI,1.1897226567566075,1.1897226567566075
5009,LiBMB,LiBMB,True,0.0,LiPDI,1.1897226567566075,1.1897226567566075
5010,LiBMB,LiBMB,True,0.0,LiPDI,1.1897226567566075,1.1897226567566075
5011,LiBPFPB,LiBPFPB,True,0.0,LiN(CF3SO2)2,0.4014187339923195,0.4014187339923195
5012,LiBPFPB,LiBPFPB,True,0.0,LiN(CF3SO2)2,0.4014187339923195,0.4014187339923195
5013,LiBPFPB,LiBPFPB,True,0.0,LiN(CF3SO2)2,0.4014187339923195,0.4014187339923195
5014,LiBPFPB,LiBPFPB,True,0.0,LiN(CF3SO2)2,0.4014187339923195,0.4014187339923195
5015,LiBPFPB,LiBPFPB,True,0.0,LiN(CF3SO2)2,0.4014187339923195,0.4014187339923195
5016,LiBPFPB,LiBPFPB,True,0.0,LiN(CF3SO2)2,0.4014187339923195,0.4014187339923195
5017,LiBPFPB,LiBPFPB,True,0.0,LiN(CF3SO2)2,0.4014187339923195,0.4014187339923195
5018,LiBPFPB,LiBPFPB,True,0.0,LiN(CF3SO2)2,0.4014187339923195,0.4014187339923195
5019,LiBPFPB,LiBPFPB,True,0.0,LiN(CF3SO2)2,0.4014187339923195,0.4014187339923195
5020,LiBPFPB,LiBPFPB,True,0.0,LiN(CF3SO2)2,0.4014187339923195,0.4014187339923195
5021,LiBPFPB,LiBPFPB,True,0.0,LiN(CF3SO2)2,0.4014187339923195,0.4014187339923195
5022,LiBPFPB,LiBPFPB,True,0.0,LiN(CF3SO2)2,0.4014187339923195,0.4014187339923195
5023,LiBPFPB,LiBPFPB,True,0.0,LiN(CF3SO2)2,0.4014187339923195,0.4014187339923195
5024,LiBPFPB,LiBPFPB,True,0.0,LiN(CF3SO2)2,0.4014187339923195,0.4014187339923195
5025,LiBPFPB,LiBPFPB,True,0.0,LiN(CF3SO2)2,0.4014187339923195,0.4014187339923195
5026,LiBPFPB,LiBPFPB,True,0.0,LiN(CF3SO2)2,0.4014187339923195,0.4014187339923195
5027,LiBPFPB,LiBPFPB,True,0.0,LiN(CF3SO2)2,0.4014187339923195,0.4014187339923195
5028,LiBPFPB,LiBPFPB,True,0.0,LiN(CF3SO2)2,0.4014187339923195,0.4014187339923195
5029,LiBPFPB,LiBPFPB,True,0.0,LiN(CF3SO2)2,0.4014187339923195,0.4014187339923195
5030,LiBOB,LiBOB,True,0.0,LiPDI,1.0819930683696648,1.0819930683696648
5031,LiBOB,LiBOB,True,0.0,LiPDI,1.0819930683696648,1.0819930683696648
5032,LiBOB,LiBOB,True,0.0,LiPDI,1.0819930683696648,1.0819930683696648
5033,LiBOB,LiBOB,True,0.0,LiPDI,1.0819930683696648,1.0819930683696648
5034,LiBOB,LiBOB,True,0.0,LiPDI,1.0819930683696648,1.0819930683696648
5035,LiBOB,LiBOB,True,0.0,LiPDI,1.0819930683696648,1.0819930683696648
5036,LiBOB,LiBOB,True,0.0,LiPDI,1.0819930683696648,1.0819930683696648
5037,LiBOB,LiBOB,True,0.0,LiPDI,1.0819930683696648,1.0819930683696648
5038,LiBOB,LiBOB,True,0.0,LiPDI,1.0819930683696648,1.0819930683696648
5039,LiBOB,LiBOB,True,0.0,LiPDI,1.0819930683696648,1.0819930683696648
5040,LiBOB,LiBOB,True,0.0,LiPDI,1.0819930683696648,1.0819930683696648
5041,LiBOB,LiBOB,True,0.0,LiPDI,1.0819930683696648,1.0819930683696648
5042,LiBOB,LiBOB,True,0.0,LiPDI,1.0819930683696648,1.0819930683696648
5043,LiBOB,LiBOB,True,0.0,LiPDI,1.0819930683696648,1.0819930683696648
5044,LiBOB,LiBOB,True,0.0,LiPDI,1.0819930683696648,1.0819930683696648
5045,LiBOB,LiBOB,True,0.0,LiPDI,1.0819930683696648,1.0819930683696648
5046,LiBOB,LiBOB,True,0.0,LiPDI,1.0819930683696648,1.0819930683696648
5047,LiBOB,LiBOB,True,0.0,LiPDI,1.0819930683696648,1.0819930683696648
5048,LiBOB,LiBOB,True,0.0,LiPDI,1.0819930683696648,1.0819930683696648
5049,LiBOB,LiBOB,True,0.0,LiPDI,1.0819930683696648,1.0819930683696648
5050,LiBOB,LiBOB,True,0.0,LiPDI,1.0819930683696648,1.0819930683696648
5051,LiBOB,LiBOB,True,0.0,LiPDI,1.0819930683696648,1.0819930683696648
5052,LiBOB,LiBOB,True,0.0,LiPDI,1.0819930683696648,1.0819930683696648
5053,LiBOB,LiBOB,True,0.0,LiPDI,1.0819930683696648,1.0819930683696648
5054,LiBOB,LiBOB,True,0.0,LiPDI,1.0819930683696648,1.0819930683696648
5055,LiBOB,LiBOB,True,0.0,LiPDI,1.0819930683696648,1.0819930683696648
5056,LiBOB,LiBOB,True,0.0,LiPDI,1.0819930683696648,1.0819930683696648
5057,LiBOB,LiBOB,True,0.0,LiPDI,1.0819930683696648,1.0819930683696648
5058,LiBOB,LiBOB,True,0.0,LiPDI,1.0819930683696648,1.0819930683696648
5059,LiBOB,LiBOB,True,0.0,LiPDI,1.0819930683696648,1.0819930683696648
5060,LiBOB,LiBOB,True,0.0,LiPDI,1.0819930683696648,1.0819930683696648
5061,LiBOB,LiBOB,True,0.0,LiPDI,1.0819930683696648,1.0819930683696648
5062,LiBOB,LiBOB,True,0.0,LiPDI,1.0819930683696648,1.0819930683696648
5063,LiBOB,LiBOB,True,0.0,LiPDI,1.0819930683696648,1.0819930683696648
5064,LiBOB,LiBOB,True,0.0,LiPDI,1.0819930683696648,1.0819930683696648
5065,LiBOB,LiBOB,True,0.0,LiPDI,1.0819930683696648,1.0819930683696648
5066,LiBOB,LiBOB,True,0.0,LiPDI,1.0819930683696648,1.0819930683696648
5067,LiBOB,LiBOB,True,0.0,LiPDI,1.0819930683696648,1.0819930683696648
5068,LiBOB,LiBOB,True,0.0,LiPDI,1.0819930683696648,1.0819930683696648
5069,LiBOB,LiBOB,True,0.0,LiPDI,1.0819930683696648,1.0819930683696648
5070,LiBOB,LiBOB,True,0.0,LiPDI,1.0819930683696648,1.0819930683696648
5071,LiBOB,LiBOB,True,0.0,LiPDI,1.0819930683696648,1.0819930683696648
5072,LiBOB,LiBOB,True,0.0,LiPDI,1.0819930683696648,1.0819930683696648
5073,LiBOB,LiBOB,True,0.0,LiPDI,1.0819930683696648,1.0819930683696648
5074,LiBOB,LiBOB,True,0.0,LiPDI,1.0819930683696648,1.0819930683696648
5075,LiBOB,LiBOB,True,0.0,LiPDI,1.0819930683696648,1.0819930683696648
5076,LiBOB,LiBOB,True,0.0,LiPDI,1.0819930683696648,1.0819930683696648
5077,LiBOB,LiBOB,True,0.0,LiPDI,1.0819930683696648,1.0819930683696648
5078,LiBOB,LiBOB,True,0.0,LiPDI,1.0819930683696648,1.0819930683696648
5079,LiBOB,LiBOB,True,0.0,LiPDI,1.0819930683696648,1.0819930683696648
5080,LiBOB,LiBOB,True,0.0,LiPDI,1.0819930683696648,1.0819930683696648
5081,LiBOB,LiBOB,True,0.0,LiPDI,1.0819930683696648,1.0819930683696648
5082,LiBOB,LiBOB,True,0.0,LiPDI,1.0819930683696648,1.0819930683696648
5083,LiBOB,LiBOB,True,0.0,LiPDI,1.0819930683696648,1.0819930683696648
5084,LiBOB,LiBOB,True,0.0,LiPDI,1.0819930683696648,1.0819930683696648
5085,LiBOB,LiBOB,True,0.0,LiPDI,1.0819930683696648,1.0819930683696648
5086,LiBOB,LiBOB,True,0.0,LiPDI,1.0819930683696648,1.0819930683696648
5087,LiBOB,LiBOB,True,0.0,LiPDI,1.0819930683696648,1.0819930683696648
5088,LiBOB,LiBOB,True,0.0,LiPDI,1.0819930683696648,1.0819930683696648
5089,LiBOB,LiBOB,True,0.0,LiPDI,1.0819930683696648,1.0819930683696648
5090,LiBOB,LiBOB,True,0.0,LiPDI,1.0819930683696648,1.0819930683696648
5091,LiBOB,LiBOB,True,0.0,LiPDI,1.0819930683696648,1.0819930683696648
5092,LiBOB,LiBOB,True,0.0,LiPDI,1.0819930683696648,1.0819930683696648
5093,LiBOB,LiBOB,True,0.0,LiPDI,1.0819930683696648,1.0819930683696648
5094,LiBOB,LiBOB,True,0.0,LiPDI,1.0819930683696648,1.0819930683696648
5095,LiBOB,LiBOB,True,0.0,LiPDI,1.0819930683696648,1.0819930683696648
5096,LiBOB,LiBOB,True,0.0,LiPDI,1.0819930683696648,1.0819930683696648
5097,LiBOB,LiBOB,True,0.0,LiPDI,1.0819930683696648,1.0819930683696648
5098,LiBOB,LiBOB,True,0.0,LiPDI,1.0819930683696648,1.0819930683696648
5099,LiBOB,LiBOB,True,0.0,LiPDI,1.0819930683696648,1.0819930683696648
5100,LiBOB,LiBOB,True,0.0,LiPDI,1.0819930683696648,1.0819930683696648
5101,LiBOB,LiBOB,True,0.0,LiPDI,1.0819930683696648,1.0819930683696648
5102,LiBOB,LiBOB,True,0.0,LiPDI,1.0819930683696648,1.0819930683696648
5103,LiBOB,LiBOB,True,0.0,LiPDI,1.0819930683696648,1.0819930683696648
5104,LiBOB,LiBOB,True,0.0,LiPDI,1.0819930683696648,1.0819930683696648
5105,LiBOB,LiBOB,True,0.0,LiPDI,1.0819930683696648,1.0819930683696648
5106,LiBOB,LiBOB,True,0.0,LiPDI,1.0819930683696648,1.0819930683696648
5107,LiBOB,LiBOB,True,0.0,LiPDI,1.0819930683696648,1.0819930683696648
5108,LiBOB,LiBOB,True,0.0,LiPDI,1.0819930683696648,1.0819930683696648
5109,LiBOB,LiBOB,True,0.0,LiPDI,1.0819930683696648,1.0819930683696648
5110,LiBOB,LiBOB,True,0.0,LiPDI,1.0819930683696648,1.0819930683696648
5111,LiBOB,LiBOB,True,0.0,LiPDI,1.0819930683696648,1.0819930683696648
5112,LiBOB,LiBOB,True,0.0,LiPDI,1.0819930683696648,1.0819930683696648
5113,LiBOB,LiBOB,True,0.0,LiPDI,1.0819930683696648,1.0819930683696648
5114,LiBOB,LiBOB,True,0.0,LiPDI,1.0819930683696648,1.0819930683696648
5115,LiBOB,LiBOB,True,0.0,LiPDI,1.0819930683696648,1.0819930683696648
5116,LiBOB,LiBOB,True,0.0,LiPDI,1.0819930683696648,1.0819930683696648
5117,LiBOB,LiBOB,True,0.0,LiPDI,1.0819930683696648,1.0819930683696648
5118,LiBOB,LiBOB,True,0.0,LiPDI,1.0819930683696648,1.0819930683696648
5119,LiBOB,LiBOB,True,0.0,LiPDI,1.0819930683696648,1.0819930683696648
5120,LiBOB,LiBOB,True,0.0,LiPDI,1.0819930683696648,1.0819930683696648
5121,LiBOB,LiBOB,True,0.0,LiPDI,1.0819930683696648,1.0819930683696648
5122,LiBOB,LiBOB,True,0.0,LiPDI,1.0819930683696648,1.0819930683696648
5123,LiBOB,LiBOB,True,0.0,LiPDI,1.0819930683696648,1.0819930683696648
5124,LiBOB,LiBOB,True,0.0,LiPDI,1.0819930683696648,1.0819930683696648
5125,LiBOB,LiBOB,True,0.0,LiPDI,1.0819930683696648,1.0819930683696648
5126,LiBOB,LiBOB,True,0.0,LiPDI,1.0819930683696648,1.0819930683696648
5127,LiBOB,LiBOB,True,0.0,LiPDI,1.0819930683696648,1.0819930683696648
5128,LiBOB,LiBOB,True,0.0,LiPDI,1.0819930683696648,1.0819930683696648
5129,LiBOB,LiBOB,True,0.0,LiPDI,1.0819930683696648,1.0819930683696648
5130,LiBOB,LiBOB,True,0.0,LiPDI,1.0819930683696648,1.0819930683696648
5131,LiBOB,LiBOB,True,0.0,LiPDI,1.0819930683696648,1.0819930683696648
5132,LiBOB,LiBOB,True,0.0,LiPDI,1.0819930683696648,1.0819930683696648
5133,LiBOB,LiBOB,True,0.0,LiPDI,1.0819930683696648,1.0819930683696648
5134,LiBOB,LiBOB,True,0.0,LiPDI,1.0819930683696648,1.0819930683696648
5135,LiBOB,LiBOB,True,0.0,LiPDI,1.0819930683696648,1.0819930683696648
5136,LiBOB,LiBOB,True,0.0,LiPDI,1.0819930683696648,1.0819930683696648
5137,LiBOB,LiBOB,True,0.0,LiPDI,1.0819930683696648,1.0819930683696648
5138,LiBOB,LiBOB,True,0.0,LiPDI,1.0819930683696648,1.0819930683696648
5139,LiBOB,LiBOB,True,0.0,LiPDI,1.0819930683696648,1.0819930683696648
5140,LiBOB,LiBOB,True,0.0,LiPDI,1.0819930683696648,1.0819930683696648
5141,LiBOB,LiBOB,True,0.0,LiPDI,1.0819930683696648,1.0819930683696648
5142,LiBOB,LiBOB,True,0.0,LiPDI,1.0819930683696648,1.0819930683696648
5143,LiBOB,LiBOB,True,0.0,LiPDI,1.0819930683696648,1.0819930683696648
5144,LiBOB,LiBOB,True,0.0,LiPDI,1.0819930683696648,1.0819930683696648
5145,LiBOB,LiBOB,True,0.0,LiPDI,1.0819930683696648,1.0819930683696648
5146,LiBOB,LiBOB,True,0.0,LiPDI,1.0819930683696648,1.0819930683696648
5147,LiBOB,LiBOB,True,0.0,LiPDI,1.0819930683696648,1.0819930683696648
5148,LiBOB,LiBOB,True,0.0,LiPDI,1.0819930683696648,1.0819930683696648
5149,LiBOB,LiBOB,True,0.0,LiPDI,1.0819930683696648,1.0819930683696648
5150,LiBOB,LiBOB,True,0.0,LiPDI,1.0819930683696648,1.0819930683696648
5151,LiBOB,LiBOB,True,0.0,LiPDI,1.0819930683696648,1.0819930683696648
5152,LiBOB,LiBOB,True,0.0,LiPDI,1.0819930683696648,1.0819930683696648
5153,LiBOB,LiBOB,True,0.0,LiPDI,1.0819930683696648,1.0819930683696648
5154,LiBOB,LiBOB,True,0.0,LiPDI,1.0819930683696648,1.0819930683696648
5155,LiBOB,LiBOB,True,0.0,LiPDI,1.0819930683696648,1.0819930683696648
5156,LiBOB,LiBOB,True,0.0,LiPDI,1.0819930683696648,1.0819930683696648
5157,LiBOB,LiBOB,True,0.0,LiPDI,1.0819930683696648,1.0819930683696648
5158,LiBOB,LiBOB,True,0.0,LiPDI,1.0819930683696648,1.0819930683696648
5159,LiBOB,LiBOB,True,0.0,LiPDI,1.0819930683696648,1.0819930683696648
5160,LiBOB,LiBOB,True,0.0,LiPDI,1.0819930683696648,1.0819930683696648
5161,LiBOB,LiBOB,True,0.0,LiPDI,1.0819930683696648,1.0819930683696648
5162,LiBOB,LiBOB,True,0.0,LiPDI,1.0819930683696648,1.0819930683696648
5163,LiBOB,LiBOB,True,0.0,LiPDI,1.0819930683696648,1.0819930683696648
5164,LiBOB,LiBOB,True,0.0,LiPDI,1.0819930683696648,1.0819930683696648
5165,LiBOB,LiBOB,True,0.0,LiPDI,1.0819930683696648,1.0819930683696648
5166,LiBOB,LiBOB,True,0.0,LiPDI,1.0819930683696648,1.0819930683696648
5167,LiBPFPB,LiBPFPB,True,0.0,LiN(CF3SO2)2,0.4014187339923195,0.4014187339923195
5168,LiBPFPB,LiBPFPB,True,0.0,LiN(CF3SO2)2,0.4014187339923195,0.4014187339923195
5169,LiBPFPB,LiBPFPB,True,0.0,LiN(CF3SO2)2,0.4014187339923195,0.4014187339923195
5170,LiBPFPB,LiBPFPB,True,0.0,LiN(CF3SO2)2,0.4014187339923195,0.4014187339923195
5171,LiBPFPB,LiBPFPB,True,0.0,LiN(CF3SO2)2,0.4014187339923195,0.4014187339923195
5172,LiBPFPB,LiBPFPB,True,0.0,LiN(CF3SO2)2,0.4014187339923195,0.4014187339923195
5173,LiBPFPB,LiBPFPB,True,0.0,LiN(CF3SO2)2,0.4014187339923195,0.4014187339923195
5174,LiBPFPB,LiBPFPB,True,0.0,LiN(CF3SO2)2,0.4014187339923195,0.4014187339923195
5175,LiBPFPB,LiBPFPB,True,0.0,LiN(CF3SO2)2,0.4014187339923195,0.4014187339923195
5176,LiBPFPB,LiBPFPB,True,0.0,LiN(CF3SO2)2,0.4014187339923195,0.4014187339923195
5177,LiBPFPB,LiBPFPB,True,0.0,LiN(CF3SO2)2,0.4014187339923195,0.4014187339923195
5178,LiBPFPB,LiBPFPB,True,0.0,LiN(CF3SO2)2,0.4014187339923195,0.4014187339923195
5179,LiBPFPB,LiBPFPB,True,0.0,LiN(CF3SO2)2,0.4014187339923195,0.4014187339923195
5180,LiBPFPB,LiBPFPB,True,0.0,LiN(CF3SO2)2,0.4014187339923195,0.4014187339923195
5181,LiBPFPB,LiBPFPB,True,0.0,LiN(CF3SO2)2,0.4014187339923195,0.4014187339923195
5182,LiBPFPB,LiBPFPB,True,0.0,LiN(CF3SO2)2,0.4014187339923195,0.4014187339923195
5183,LiBPFPB,LiBPFPB,True,0.0,LiN(CF3SO2)2,0.4014187339923195,0.4014187339923195
5184,LiBPFPB,LiBPFPB,True,0.0,LiN(CF3SO2)2,0.4014187339923195,0.4014187339923195
5185,LiBPFPB,LiBPFPB,True,0.0,LiN(CF3SO2)2,0.4014187339923195,0.4014187339923195
5186,LiBPFPB,LiBPFPB,True,0.0,LiN(CF3SO2)2,0.4014187339923195,0.4014187339923195
5187,LiBPFPB,LiBPFPB,True,0.0,LiN(CF3SO2)2,0.4014187339923195,0.4014187339923195
5188,LiBPFPB,LiBPFPB,True,0.0,LiN(CF3SO2)2,0.4014187339923195,0.4014187339923195
5189,LiBPFPB,LiBPFPB,True,0.0,LiN(CF3SO2)2,0.4014187339923195,0.4014187339923195
5190,LiBPFPB,LiBPFPB,True,0.0,LiN(CF3SO2)2,0.4014187339923195,0.4014187339923195
5191,LiBPFPB,LiBPFPB,True,0.0,LiN(CF3SO2)2,0.4014187339923195,0.4014187339923195
5192,LiBPFPB,LiBPFPB,True,0.0,LiN(CF3SO2)2,0.4014187339923195,0.4014187339923195
5193,LiBPFPB,LiBPFPB,True,0.0,LiN(CF3SO2)2,0.4014187339923195,0.4014187339923195
5194,LiBPFPB,LiBPFPB,True,0.0,LiN(CF3SO2)2,0.4014187339923195,0.4014187339923195
5195,LiBPFPB,LiBPFPB,True,0.0,LiN(CF3SO2)2,0.4014187339923195,0.4014187339923195
5196,LiBPFPB,LiBPFPB,True,0.0,LiN(CF3SO2)2,0.4014187339923195,0.4014187339923195
5197,LiBPFPB,LiBPFPB,True,0.0,LiN(CF3SO2)2,0.4014187339923195,0.4014187339923195
5198,LiBPFPB,LiBPFPB,True,0.0,LiN(CF3SO2)2,0.4014187339923195,0.4014187339923195
5199,LiBPFPB,LiBPFPB,True,0.0,LiN(CF3SO2)2,0.4014187339923195,0.4014187339923195
5200,LiBPFPB,LiBPFPB,True,0.0,LiN(CF3SO2)2,0.4014187339923195,0.4014187339923195
5201,LiBPFPB,LiBPFPB,True,0.0,LiN(CF3SO2)2,0.4014187339923195,0.4014187339923195
5202,LiBPFPB,LiBPFPB,True,0.0,LiN(CF3SO2)2,0.4014187339923195,0.4014187339923195
5203,LiBPFPB,LiBPFPB,True,0.0,LiN(CF3SO2)2,0.4014187339923195,0.4014187339923195
5204,LiBPFPB,LiBPFPB,True,0.0,LiN(CF3SO2)2,0.4014187339923195,0.4014187339923195
5205,LiBPFPB,LiBPFPB,True,0.0,LiN(CF3SO2)2,0.4014187339923195,0.4014187339923195
5206,LiBPFPB,LiBPFPB,True,0.0,LiN(CF3SO2)2,0.4014187339923195,0.4014187339923195
5207,LiBPFPB,LiBPFPB,True,0.0,LiN(CF3SO2)2,0.4014187339923195,0.4014187339923195
5208,LiBPFPB,LiBPFPB,True,0.0,LiN(CF3SO2)2,0.4014187339923195,0.4014187339923195
5209,LiBPFPB,LiBPFPB,True,0.0,LiN(CF3SO2)2,0.4014187339923195,0.4014187339923195
5210,LiBPFPB,LiBPFPB,True,0.0,LiN(CF3SO2)2,0.4014187339923195,0.4014187339923195
5211,LiBPFPB,LiBPFPB,True,0.0,LiN(CF3SO2)2,0.4014187339923195,0.4014187339923195
5212,LiBPFPB,LiBPFPB,True,0.0,LiN(CF3SO2)2,0.4014187339923195,0.4014187339923195
5213,LiBPFPB,LiBPFPB,True,0.0,LiN(CF3SO2)2,0.4014187339923195,0.4014187339923195
5214,LiBPFPB,LiBPFPB,True,0.0,LiN(CF3SO2)2,0.4014187339923195,0.4014187339923195
5215,LiBPFPB,LiBPFPB,True,0.0,LiN(CF3SO2)2,0.4014187339923195,0.4014187339923195
5216,LiBPFPB,LiBPFPB,True,0.0,LiN(CF3SO2)2,0.4014187339923195,0.4014187339923195
5217,LiBPFPB,LiBPFPB,True,0.0,LiN(CF3SO2)2,0.4014187339923195,0.4014187339923195
5218,LiBPFPB,LiBPFPB,True,0.0,LiN(CF3SO2)2,0.4014187339923195,0.4014187339923195
5219,LiBPFPB,LiBPFPB,True,0.0,LiN(CF3SO2)2,0.4014187339923195,0.4014187339923195
5220,LiBPFPB,LiBPFPB,True,0.0,LiN(CF3SO2)2,0.4014187339923195,0.4014187339923195
5221,LiBPFPB,LiBPFPB,True,0.0,LiN(CF3SO2)2,0.4014187339923195,0.4014187339923195
5222,LiBPFPB,LiBPFPB,True,0.0,LiN(CF3SO2)2,0.4014187339923195,0.4014187339923195
5223,LiBPFPB,LiBPFPB,True,0.0,LiN(CF3SO2)2,0.4014187339923195,0.4014187339923195
5224,LiBPFPB,LiBPFPB,True,0.0,LiN(CF3SO2)2,0.4014187339923195,0.4014187339923195
5225,LiBPFPB,LiBPFPB,True,0.0,LiN(CF3SO2)2,0.4014187339923195,0.4014187339923195
5226,LiBPFPB,LiBPFPB,True,0.0,LiN(CF3SO2)2,0.4014187339923195,0.4014187339923195
5227,LiBPFPB,LiBPFPB,True,0.0,LiN(CF3SO2)2,0.4014187339923195,0.4014187339923195
5228,LiBPFPB,LiBPFPB,True,0.0,LiN(CF3SO2)2,0.4014187339923195,0.4014187339923195
5229,LiBPFPB,LiBPFPB,True,0.0,LiN(CF3SO2)2,0.4014187339923195,0.4014187339923195
5230,LiBPFPB,LiBPFPB,True,0.0,LiN(CF3SO2)2,0.4014187339923195,0.4014187339923195
5231,LiBPFPB,LiBPFPB,True,0.0,LiN(CF3SO2)2,0.4014187339923195,0.4014187339923195
5232,LiBPFPB,LiBPFPB,True,0.0,LiN(CF3SO2)2,0.4014187339923195,0.4014187339923195
5233,LiBPFPB,LiBPFPB,True,0.0,LiN(CF3SO2)2,0.4014187339923195,0.4014187339923195
5234,LiBPFPB,LiBPFPB,True,0.0,LiN(CF3SO2)2,0.4014187339923195,0.4014187339923195
5235,LiBPFPB,LiBPFPB,True,0.0,LiN(CF3SO2)2,0.4014187339923195,0.4014187339923195
5236,LiBPFPB,LiBPFPB,True,0.0,LiN(CF3SO2)2,0.4014187339923195,0.4014187339923195
5237,LiBPFPB,LiBPFPB,True,0.0,LiN(CF3SO2)2,0.4014187339923195,0.4014187339923195
5238,LiBPFPB,LiBPFPB,True,0.0,LiN(CF3SO2)2,0.4014187339923195,0.4014187339923195
5239,LiBPFPB,LiBPFPB,True,0.0,LiN(CF3SO2)2,0.4014187339923195,0.4014187339923195
5240,LiBPFPB,LiBPFPB,True,0.0,LiN(CF3SO2)2,0.4014187339923195,0.4014187339923195
5241,LiBPFPB,LiBPFPB,True,0.0,LiN(CF3SO2)2,0.4014187339923195,0.4014187339923195
5242,LiBPFPB,LiBPFPB,True,0.0,LiN(CF3SO2)2,0.4014187339923195,0.4014187339923195
5243,LiBPFPB,LiBPFPB,True,0.0,LiN(CF3SO2)2,0.4014187339923195,0.4014187339923195
5244,LiBPFPB,LiBPFPB,True,0.0,LiN(CF3SO2)2,0.4014187339923195,0.4014187339923195
5245,LiBPFPB,LiBPFPB,True,0.0,LiN(CF3SO2)2,0.4014187339923195,0.4014187339923195
5246,LiBPFPB,LiBPFPB,True,0.0,LiN(CF3SO2)2,0.4014187339923195,0.4014187339923195
5247,LiBPFPB,LiBPFPB,True,0.0,LiN(CF3SO2)2,0.4014187339923195,0.4014187339923195
5248,LiBPFPB,LiBPFPB,True,0.0,LiN(CF3SO2)2,0.4014187339923195,0.4014187339923195
5249,LiBPFPB,LiBPFPB,True,0.0,LiN(CF3SO2)2,0.4014187339923195,0.4014187339923195
5250,LiBPFPB,LiBPFPB,True,0.0,LiN(CF3SO2)2,0.4014187339923195,0.4014187339923195
5251,LiBPFPB,LiBPFPB,True,0.0,LiN(CF3SO2)2,0.4014187339923195,0.4014187339923195
5252,LiBPFPB,LiBPFPB,True,0.0,LiN(CF3SO2)2,0.4014187339923195,0.4014187339923195
5253,LiBPFPB,LiBPFPB,True,0.0,LiN(CF3SO2)2,0.4014187339923195,0.4014187339923195
5254,LiBPFPB,LiBPFPB,True,0.0,LiN(CF3SO2)2,0.4014187339923195,0.4014187339923195
5255,LiBPFPB,LiBPFPB,True,0.0,LiN(CF3SO2)2,0.4014187339923195,0.4014187339923195
5256,LiBPFPB,LiBPFPB,True,0.0,LiN(CF3SO2)2,0.4014187339923195,0.4014187339923195
5257,LiBPFPB,LiBPFPB,True,0.0,LiN(CF3SO2)2,0.4014187339923195,0.4014187339923195
5258,LiBPFPB,LiBPFPB,True,0.0,LiN(CF3SO2)2,0.4014187339923195,0.4014187339923195
5259,LiBPFPB,LiBPFPB,True,0.0,LiN(CF3SO2)2,0.4014187339923195,0.4014187339923195
5260,LiBPFPB,LiBPFPB,True,0.0,LiN(CF3SO2)2,0.4014187339923195,0.4014187339923195
5261,LiBPFPB,LiBPFPB,True,0.0,LiN(CF3SO2)2,0.4014187339923195,0.4014187339923195
5262,LiBPFPB,LiBPFPB,True,0.0,LiN(CF3SO2)2,0.4014187339923195,0.4014187339923195
5263,LiBPFPB,LiBPFPB,True,0.0,LiN(CF3SO2)2,0.4014187339923195,0.4014187339923195
5264,LiBPFPB,LiBPFPB,True,0.0,LiN(CF3SO2)2,0.4014187339923195,0.4014187339923195
5265,LiBPFPB,LiBPFPB,True,0.0,LiN(CF3SO2)2,0.4014187339923195,0.4014187339923195
5266,LiBPFPB,LiBPFPB,True,0.0,LiN(CF3SO2)2,0.4014187339923195,0.4014187339923195
5267,LiBPFPB,LiBPFPB,True,0.0,LiN(CF3SO2)2,0.4014187339923195,0.4014187339923195
5268,LiBPFPB,LiBPFPB,True,0.0,LiN(CF3SO2)2,0.4014187339923195,0.4014187339923195
5269,LiBPFPB,LiBPFPB,True,0.0,LiN(CF3SO2)2,0.4014187339923195,0.4014187339923195
5270,LiBPFPB,LiBPFPB,True,0.0,LiN(CF3SO2)2,0.4014187339923195,0.4014187339923195
5271,LiBPFPB,LiBPFPB,True,0.0,LiN(CF3SO2)2,0.4014187339923195,0.4014187339923195
5272,LiBPFPB,LiBPFPB,True,0.0,LiN(CF3SO2)2,0.4014187339923195,0.4014187339923195
5273,LiBPFPB,LiBPFPB,True,0.0,LiN(CF3SO2)2,0.4014187339923195,0.4014187339923195
5274,LiBPFPB,LiBPFPB,True,0.0,LiN(CF3SO2)2,0.4014187339923195,0.4014187339923195
5275,LiBPFPB,LiBPFPB,True,0.0,LiN(CF3SO2)2,0.4014187339923195,0.4014187339923195
5276,LiBPFPB,LiBPFPB,True,0.0,LiN(CF3SO2)2,0.4014187339923195,0.4014187339923195
5277,LiBPFPB,LiBPFPB,True,0.0,LiN(CF3SO2)2,0.4014187339923195,0.4014187339923195
5278,LiBPFPB,LiBPFPB,True,0.0,LiN(CF3SO2)2,0.4014187339923195,0.4014187339923195
5279,LiBPFPB,LiBPFPB,True,0.0,LiN(CF3SO2)2,0.4014187339923195,0.4014187339923195
5280,LiBPFPB,LiBPFPB,True,0.0,LiN(CF3SO2)2,0.4014187339923195,0.4014187339923195
5281,LiBPFPB,LiBPFPB,True,0.0,LiN(CF3SO2)2,0.4014187339923195,0.4014187339923195
5282,LiBPFPB,LiBPFPB,True,0.0,LiN(CF3SO2)2,0.4014187339923195,0.4014187339923195
5283,LiBPFPB,LiBPFPB,True,0.0,LiN(CF3SO2)2,0.4014187339923195,0.4014187339923195
5284,LiBPFPB,LiBPFPB,True,0.0,LiN(CF3SO2)2,0.4014187339923195,0.4014187339923195
5285,LiBPFPB,LiBPFPB,True,0.0,LiN(CF3SO2)2,0.4014187339923195,0.4014187339923195
5286,LiBPFPB,LiBPFPB,True,0.0,LiN(CF3SO2)2,0.4014187339923195,0.4014187339923195
5287,LiBPFPB,LiBPFPB,True,0.0,LiN(CF3SO2)2,0.4014187339923195,0.4014187339923195
5288,LiBPFPB,LiBPFPB,True,0.0,LiN(CF3SO2)2,0.4014187339923195,0.4014187339923195
5289,LiBPFPB,LiBPFPB,True,0.0,LiN(CF3SO2)2,0.4014187339923195,0.4014187339923195
5290,LiBPFPB,LiBPFPB,True,0.0,LiN(CF3SO2)2,0.4014187339923195,0.4014187339923195
5291,LiBPFPB,LiBPFPB,True,0.0,LiN(CF3SO2)2,0.4014187339923195,0.4014187339923195
5292,LiBPFPB,LiBPFPB,True,0.0,LiN(CF3SO2)2,0.4014187339923195,0.4014187339923195
5293,LiBPFPB,LiBPFPB,True,0.0,LiN(CF3SO2)2,0.4014187339923195,0.4014187339923195
5294,LiBPFPB,LiBPFPB,True,0.0,LiN(CF3SO2)2,0.4014187339923195,0.4014187339923195
5295,LiBPFPB,LiBPFPB,True,0.0,LiN(CF3SO2)2,0.4014187339923195,0.4014187339923195
5296,LiBPFPB,LiBPFPB,True,0.0,LiN(CF3SO2)2,0.4014187339923195,0.4014187339923195
5297,LiBPFPB,LiBPFPB,True,0.0,LiN(CF3SO2)2,0.4014187339923195,0.4014187339923195
5298,LiBPFPB,LiBPFPB,True,0.0,LiN(CF3SO2)2,0.4014187339923195,0.4014187339923195
5299,LiBPFPB,LiBPFPB,True,0.0,LiN(CF3SO2)2,0.4014187339923195,0.4014187339923195
5300,LiBPFPB,LiBPFPB,True,0.0,LiN(CF3SO2)2,0.4014187339923195,0.4014187339923195
5301,LiBPFPB,LiBPFPB,True,0.0,LiN(CF3SO2)2,0.4014187339923195,0.4014187339923195
5302,LiBPFPB,LiBPFPB,True,0.0,LiN(CF3SO2)2,0.4014187339923195,0.4014187339923195
5303,LiBPFPB,LiBPFPB,True,0.0,LiN(CF3SO2)2,0.4014187339923195,0.4014187339923195
5304,LiBPFPB,LiBPFPB,True,0.0,LiN(CF3SO2)2,0.4014187339923195,0.4014187339923195
5305,LiBPFPB,LiBPFPB,True,0.0,LiN(CF3SO2)2,0.4014187339923195,0.4014187339923195
5306,LiBPFPB,LiBPFPB,True,0.0,LiN(CF3SO2)2,0.4014187339923195,0.4014187339923195
5307,LiBPFPB,LiBPFPB,True,0.0,LiN(CF3SO2)2,0.4014187339923195,0.4014187339923195
5308,LiBPFPB,LiBPFPB,True,0.0,LiN(CF3SO2)2,0.4014187339923195,0.4014187339923195
5309,LiBPFPB,LiBPFPB,True,0.0,LiN(CF3SO2)2,0.4014187339923195,0.4014187339923195
5310,LiBPFPB,LiBPFPB,True,0.0,LiN(CF3SO2)2,0.4014187339923195,0.4014187339923195
5311,LiBPFPB,LiBPFPB,True,0.0,LiN(CF3SO2)2,0.4014187339923195,0.4014187339923195
5312,LiBPFPB,LiBPFPB,True,0.0,LiN(CF3SO2)2,0.4014187339923195,0.4014187339923195
5313,LiBPFPB,LiBPFPB,True,0.0,LiN(CF3SO2)2,0.4014187339923195,0.4014187339923195
5314,LiBPFPB,LiBPFPB,True,0.0,LiN(CF3SO2)2,0.4014187339923195,0.4014187339923195
5315,LiBPFPB,LiBPFPB,True,0.0,LiN(CF3SO2)2,0.4014187339923195,0.4014187339923195
5316,LiBPFPB,LiBPFPB,True,0.0,LiN(CF3SO2)2,0.4014187339923195,0.4014187339923195
5317,LiBPFPB,LiBPFPB,True,0.0,LiN(CF3SO2)2,0.4014187339923195,0.4014187339923195
5318,LiBPFPB,LiBPFPB,True,0.0,LiN(CF3SO2)2,0.4014187339923195,0.4014187339923195
5319,LiBPFPB,LiBPFPB,True,0.0,LiN(CF3SO2)2,0.4014187339923195,0.4014187339923195
5320,LiBPFPB,LiBPFPB,True,0.0,LiN(CF3SO2)2,0.4014187339923195,0.4014187339923195
5321,LiBPFPB,LiBPFPB,True,0.0,LiN(CF3SO2)2,0.4014187339923195,0.4014187339923195
5322,LiBPFPB,LiBPFPB,True,0.0,LiN(CF3SO2)2,0.4014187339923195,0.4014187339923195
5323,LiBPFPB,LiBPFPB,True,0.0,LiN(CF3SO2)2,0.4014187339923195,0.4014187339923195
5324,LiBPFPB,LiBPFPB,True,0.0,LiN(CF3SO2)2,0.4014187339923195,0.4014187339923195
5325,LiBPFPB,LiBPFPB,True,0.0,LiN(CF3SO2)2,0.4014187339923195,0.4014187339923195
5326,LiBPFPB,LiBPFPB,True,0.0,LiN(CF3SO2)2,0.4014187339923195,0.4014187339923195
5327,LiBPFPB,LiBPFPB,True,0.0,LiN(CF3SO2)2,0.4014187339923195,0.4014187339923195
5328,LiBPFPB,LiBPFPB,True,0.0,LiN(CF3SO2)2,0.4014187339923195,0.4014187339923195
5329,LiBPFPB,LiBPFPB,True,0.0,LiN(CF3SO2)2,0.4014187339923195,0.4014187339923195
5330,LiBPFPB,LiBPFPB,True,0.0,LiN(CF3SO2)2,0.4014187339923195,0.4014187339923195
5331,LiBPFPB,LiBPFPB,True,0.0,LiN(CF3SO2)2,0.4014187339923195,0.4014187339923195
5332,LiBPFPB,LiBPFPB,True,0.0,LiN(CF3SO2)2,0.4014187339923195,0.4014187339923195
5333,LiBPFPB,LiBPFPB,True,0.0,LiN(CF3SO2)2,0.4014187339923195,0.4014187339923195
5334,LiBPFPB,LiBPFPB,True,0.0,LiN(CF3SO2)2,0.4014187339923195,0.4014187339923195
5335,LiBPFPB,LiBPFPB,True,0.0,LiN(CF3SO2)2,0.4014187339923195,0.4014187339923195
5336,LiBPFPB,LiBPFPB,True,0.0,LiN(CF3SO2)2,0.4014187339923195,0.4014187339923195
5337,LiBPFPB,LiBPFPB,True,0.0,LiN(CF3SO2)2,0.4014187339923195,0.4014187339923195
5338,LiBPFPB,LiBPFPB,True,0.0,LiN(CF3SO2)2,0.4014187339923195,0.4014187339923195
5339,LiBPFPB,LiBPFPB,True,0.0,LiN(CF3SO2)2,0.4014187339923195,0.4014187339923195
5340,LiBPFPB,LiBPFPB,True,0.0,LiN(CF3SO2)2,0.4014187339923195,0.4014187339923195
5341,LiBPFPB,LiBPFPB,True,0.0,LiN(CF3SO2)2,0.4014187339923195,0.4014187339923195
5342,LiBPFPB,LiBPFPB,True,0.0,LiN(CF3SO2)2,0.4014187339923195,0.4014187339923195
5343,LiBPFPB,LiBPFPB,True,0.0,LiN(CF3SO2)2,0.4014187339923195,0.4014187339923195
5344,LiBPFPB,LiBPFPB,True,0.0,LiN(CF3SO2)2,0.4014187339923195,0.4014187339923195
5345,LiBPFPB,LiBPFPB,True,0.0,LiN(CF3SO2)2,0.4014187339923195,0.4014187339923195
5346,LiBPFPB,LiBPFPB,True,0.0,LiN(CF3SO2)2,0.4014187339923195,0.4014187339923195
5347,LiBPFPB,LiBPFPB,True,0.0,LiN(CF3SO2)2,0.4014187339923195,0.4014187339923195
5348,LiBPFPB,LiBPFPB,True,0.0,LiN(CF3SO2)2,0.4014187339923195,0.4014187339923195
5349,LiBPFPB,LiBPFPB,True,0.0,LiN(CF3SO2)2,0.4014187339923195,0.4014187339923195
5350,LiBPFPB,LiBPFPB,True,0.0,LiN(CF3SO2)2,0.4014187339923195,0.4014187339923195
5351,LiBPFPB,LiBPFPB,True,0.0,LiN(CF3SO2)2,0.4014187339923195,0.4014187339923195
5352,LiBPFPB,LiBPFPB,True,0.0,LiN(CF3SO2)2,0.4014187339923195,0.4014187339923195
5353,LiBPFPB,LiBPFPB,True,0.0,LiN(CF3SO2)2,0.4014187339923195,0.4014187339923195
5354,LiBPFPB,LiBPFPB,True,0.0,LiN(CF3SO2)2,0.4014187339923195,0.4014187339923195
5355,LiBPFPB,LiBPFPB,True,0.0,LiN(CF3SO2)2,0.4014187339923195,0.4014187339923195
5356,LiBPFPB,LiBPFPB,True,0.0,LiN(CF3SO2)2,0.4014187339923195,0.4014187339923195
5357,LiBPFPB,LiBPFPB,True,0.0,LiN(CF3SO2)2,0.4014187339923195,0.4014187339923195
5358,LiBPFPB,LiBPFPB,True,0.0,LiN(CF3SO2)2,0.4014187339923195,0.4014187339923195
5359,LiBPFPB,LiBPFPB,True,0.0,LiN(CF3SO2)2,0.4014187339923195,0.4014187339923195
5360,LiBPFPB,LiBPFPB,True,0.0,LiN(CF3SO2)2,0.4014187339923195,0.4014187339923195
5361,LiBPFPB,LiBPFPB,True,0.0,LiN(CF3SO2)2,0.4014187339923195,0.4014187339923195
5362,LiBPFPB,LiBPFPB,True,0.0,LiN(CF3SO2)2,0.4014187339923195,0.4014187339923195
5363,LiBPFPB,LiBPFPB,True,0.0,LiN(CF3SO2)2,0.4014187339923195,0.4014187339923195
5364,LiBPFPB,LiBPFPB,True,0.0,LiN(CF3SO2)2,0.4014187339923195,0.4014187339923195
5365,LiBPFPB,LiBPFPB,True,0.0,LiN(CF3SO2)2,0.4014187339923195,0.4014187339923195
5366,LiBPFPB,LiBPFPB,True,0.0,LiN(CF3SO2)2,0.4014187339923195,0.4014187339923195
5367,LiBPFPB,LiBPFPB,True,0.0,LiN(CF3SO2)2,0.4014187339923195,0.4014187339923195
5368,LiBPFPB,LiBPFPB,True,0.0,LiN(CF3SO2)2,0.4014187339923195,0.4014187339923195
5369,LiBPFPB,LiBPFPB,True,0.0,LiN(CF3SO2)2,0.4014187339923195,0.4014187339923195
5370,LiBPFPB,LiBPFPB,True,0.0,LiN(CF3SO2)2,0.4014187339923195,0.4014187339923195
5371,LiBPFPB,LiBPFPB,True,0.0,LiN(CF3SO2)2,0.4014187339923195,0.4014187339923195
5372,LiBPFPB,LiBPFPB,True,0.0,LiN(CF3SO2)2,0.4014187339923195,0.4014187339923195
5373,LiBPFPB,LiBPFPB,True,0.0,LiN(CF3SO2)2,0.4014187339923195,0.4014187339923195
5374,LiBPFPB,LiBPFPB,True,0.0,LiN(CF3SO2)2,0.4014187339923195,0.4014187339923195
5375,LiBPFPB,LiBPFPB,True,0.0,LiN(CF3SO2)2,0.4014187339923195,0.4014187339923195
5376,LiBPFPB,LiBPFPB,True,0.0,LiN(CF3SO2)2,0.4014187339923195,0.4014187339923195
5377,LiBPFPB,LiBPFPB,True,0.0,LiN(CF3SO2)2,0.4014187339923195,0.4014187339923195
5378,LiBPFPB,LiBPFPB,True,0.0,LiN(CF3SO2)2,0.4014187339923195,0.4014187339923195
5379,LiBPFPB,LiBPFPB,True,0.0,LiN(CF3SO2)2,0.4014187339923195,0.4014187339923195
5380,LiBPFPB,LiBPFPB,True,0.0,LiN(CF3SO2)2,0.4014187339923195,0.4014187339923195
5381,LiBPFPB,LiBPFPB,True,0.0,LiN(CF3SO2)2,0.4014187339923195,0.4014187339923195
5382,LiBPFPB,LiBPFPB,True,0.0,LiN(CF3SO2)2,0.4014187339923195,0.4014187339923195
5383,LiBPFPB,LiBPFPB,True,0.0,LiN(CF3SO2)2,0.4014187339923195,0.4014187339923195
5384,LiBPFPB,LiBPFPB,True,0.0,LiN(CF3SO2)2,0.4014187339923195,0.4014187339923195
5385,LiBPFPB,LiBPFPB,True,0.0,LiN(CF3SO2)2,0.4014187339923195,0.4014187339923195
5386,LiBPFPB,LiBPFPB,True,0.0,LiN(CF3SO2)2,0.4014187339923195,0.4014187339923195
5387,LiBPFPB,LiBPFPB,True,0.0,LiN(CF3SO2)2,0.4014187339923195,0.4014187339923195
5388,LiBPFPB,LiBPFPB,True,0.0,LiN(CF3SO2)2,0.4014187339923195,0.4014187339923195
5389,LiBPFPB,LiBPFPB,True,0.0,LiN(CF3SO2)2,0.4014187339923195,0.4014187339923195
5390,LiBPFPB,LiBPFPB,True,0.0,LiN(CF3SO2)2,0.4014187339923195,0.4014187339923195
5391,LiBPFPB,LiBPFPB,True,0.0,LiN(CF3SO2)2,0.4014187339923195,0.4014187339923195
5392,LiBPFPB,LiBPFPB,True,0.0,LiN(CF3SO2)2,0.4014187339923195,0.4014187339923195
5393,LiBPFPB,LiBPFPB,True,0.0,LiN(CF3SO2)2,0.4014187339923195,0.4014187339923195
5394,LiBPFPB,LiBPFPB,True,0.0,LiN(CF3SO2)2,0.4014187339923195,0.4014187339923195
5395,LiBPFPB,LiBPFPB,True,0.0,LiN(CF3SO2)2,0.4014187339923195,0.4014187339923195
5396,LiBPFPB,LiBPFPB,True,0.0,LiN(CF3SO2)2,0.4014187339923195,0.4014187339923195
5397,LiBPFPB,LiBPFPB,True,0.0,LiN(CF3SO2)2,0.4014187339923195,0.4014187339923195
5398,LiBPFPB,LiBPFPB,True,0.0,LiN(CF3SO2)2,0.4014187339923195,0.4014187339923195
5399,LiBPFPB,LiBPFPB,True,0.0,LiN(CF3SO2)2,0.4014187339923195,0.4014187339923195
5400,LiBPFPB,LiBPFPB,True,0.0,LiN(CF3SO2)2,0.4014187339923195,0.4014187339923195
5401,LiBPFPB,LiBPFPB,True,0.0,LiN(CF3SO2)2,0.4014187339923195,0.4014187339923195
5402,LiBPFPB,LiBPFPB,True,0.0,LiN(CF3SO2)2,0.4014187339923195,0.4014187339923195
5403,LiBPFPB,LiBPFPB,True,0.0,LiN(CF3SO2)2,0.4014187339923195,0.4014187339923195
5404,LiBPFPB,LiBPFPB,True,0.0,LiN(CF3SO2)2,0.4014187339923195,0.4014187339923195
5405,LiBPFPB,LiBPFPB,True,0.0,LiN(CF3SO2)2,0.4014187339923195,0.4014187339923195
5406,LiBPFPB,LiBPFPB,True,0.0,LiN(CF3SO2)2,0.4014187339923195,0.4014187339923195
5407,LiBPFPB,LiBPFPB,True,0.0,LiN(CF3SO2)2,0.4014187339923195,0.4014187339923195
5408,LiBPFPB,LiBPFPB,True,0.0,LiN(CF3SO2)2,0.4014187339923195,0.4014187339923195
5409,LiBPFPB,LiBPFPB,True,0.0,LiN(CF3SO2)2,0.4014187339923195,0.4014187339923195
5410,LiBPFPB,LiBPFPB,True,0.0,LiN(CF3SO2)2,0.4014187339923195,0.4014187339923195
5411,LiBPFPB,LiBPFPB,True,0.0,LiN(CF3SO2)2,0.4014187339923195,0.4014187339923195
5412,LiBPFPB,LiBPFPB,True,0.0,LiN(CF3SO2)2,0.4014187339923195,0.4014187339923195
5413,LiBPFPB,LiBPFPB,True,0.0,LiN(CF3SO2)2,0.4014187339923195,0.4014187339923195
5414,LiBPFPB,LiBPFPB,True,0.0,LiN(CF3SO2)2,0.4014187339923195,0.4014187339923195
5415,LiBPFPB,LiBPFPB,True,0.0,LiN(CF3SO2)2,0.4014187339923195,0.4014187339923195
5416,LiBPFPB,LiBPFPB,True,0.0,LiN(CF3SO2)2,0.4014187339923195,0.4014187339923195
5417,LiBPFPB,LiBPFPB,True,0.0,LiN(CF3SO2)2,0.4014187339923195,0.4014187339923195
5418,LiBPFPB,LiBPFPB,True,0.0,LiN(CF3SO2)2,0.4014187339923195,0.4014187339923195
5419,LiBPFPB,LiBPFPB,True,0.0,LiN(CF3SO2)2,0.4014187339923195,0.4014187339923195
5420,LiBPFPB,LiBPFPB,True,0.0,LiN(CF3SO2)2,0.4014187339923195,0.4014187339923195
5421,LiBPFPB,LiBPFPB,True,0.0,LiN(CF3SO2)2,0.4014187339923195,0.4014187339923195
5422,LiBPFPB,LiBPFPB,True,0.0,LiN(CF3SO2)2,0.4014187339923195,0.4014187339923195
5423,LiBPFPB,LiBPFPB,True,0.0,LiN(CF3SO2)2,0.4014187339923195,0.4014187339923195
5424,LiBPFPB,LiBPFPB,True,0.0,LiN(CF3SO2)2,0.4014187339923195,0.4014187339923195
5425,LiBPFPB,LiBPFPB,True,0.0,LiN(CF3SO2)2,0.4014187339923195,0.4014187339923195
5426,LiBPFPB,LiBPFPB,True,0.0,LiN(CF3SO2)2,0.4014187339923195,0.4014187339923195
5427,LiBPFPB,LiBPFPB,True,0.0,LiN(CF3SO2)2,0.4014187339923195,0.4014187339923195
5428,LiBPFPB,LiBPFPB,True,0.0,LiN(CF3SO2)2,0.4014187339923195,0.4014187339923195
5429,LiBPFPB,LiBPFPB,True,0.0,LiN(CF3SO2)2,0.4014187339923195,0.4014187339923195
5430,LiBPFPB,LiBPFPB,True,0.0,LiN(CF3SO2)2,0.4014187339923195,0.4014187339923195
5431,LiBPFPB,LiBPFPB,True,0.0,LiN(CF3SO2)2,0.4014187339923195,0.4014187339923195
5432,LiBPFPB,LiBPFPB,True,0.0,LiN(CF3SO2)2,0.4014187339923195,0.4014187339923195
5433,LiBPFPB,LiBPFPB,True,0.0,LiN(CF3SO2)2,0.4014187339923195,0.4014187339923195
5434,LiBPFPB,LiBPFPB,True,0.0,LiN(CF3SO2)2,0.4014187339923195,0.4014187339923195
5435,LiBPFPB,LiBPFPB,True,0.0,LiN(CF3SO2)2,0.4014187339923195,0.4014187339923195
5436,LiBPFPB,LiBPFPB,True,0.0,LiN(CF3SO2)2,0.4014187339923195,0.4014187339923195
5437,LiBPFPB,LiBPFPB,True,0.0,LiN(CF3SO2)2,0.4014187339923195,0.4014187339923195
5438,LiBPFPB,LiBPFPB,True,0.0,LiN(CF3SO2)2,0.4014187339923195,0.4014187339923195
5439,LiBPFPB,LiBPFPB,True,0.0,LiN(CF3SO2)2,0.4014187339923195,0.4014187339923195
5440,LiBPFPB,LiBPFPB,True,0.0,LiN(CF3SO2)2,0.4014187339923195,0.4014187339923195
5441,LiBPFPB,LiBPFPB,True,0.0,LiN(CF3SO2)2,0.4014187339923195,0.4014187339923195
5442,LiBPFPB,LiBPFPB,True,0.0,LiN(CF3SO2)2,0.4014187339923195,0.4014187339923195
5443,LiBPFPB,LiBPFPB,True,0.0,LiN(CF3SO2)2,0.4014187339923195,0.4014187339923195
5444,LiBPFPB,LiBPFPB,True,0.0,LiN(CF3SO2)2,0.4014187339923195,0.4014187339923195
5445,LiBPFPB,LiBPFPB,True,0.0,LiN(CF3SO2)2,0.4014187339923195,0.4014187339923195
5446,LiBOB,LiBOB,True,0.0,LiPDI,1.0819930683696648,1.0819930683696648
5447,LiBOB,LiBOB,True,0.0,LiPDI,1.0819930683696648,1.0819930683696648
5448,LiBOB,LiBOB,True,0.0,LiPDI,1.0819930683696648,1.0819930683696648
5449,LiBOB,LiBOB,True,0.0,LiPDI,1.0819930683696648,1.0819930683696648
5450,LiBOB,LiBOB,True,0.0,LiPDI,1.0819930683696648,1.0819930683696648
5451,LiBOB,LiBOB,True,0.0,LiPDI,1.0819930683696648,1.0819930683696648
5452,LiBOB,LiBOB,True,0.0,LiPDI,1.0819930683696648,1.0819930683696648
5453,LiBOB,LiBOB,True,0.0,LiPDI,1.0819930683696648,1.0819930683696648
5454,LiBOB,LiBOB,True,0.0,LiPDI,1.0819930683696648,1.0819930683696648
5455,LiBOB,LiBOB,True,0.0,LiPDI,1.0819930683696648,1.0819930683696648
5456,LiBOB,LiBOB,True,0.0,LiPDI,1.0819930683696648,1.0819930683696648
5457,LiBOB,LiBOB,True,0.0,LiPDI,1.0819930683696648,1.0819930683696648
5458,LiBOB,LiBOB,True,0.0,LiPDI,1.0819930683696648,1.0819930683696648
5459,LiBOB,LiBOB,True,0.0,LiPDI,1.0819930683696648,1.0819930683696648
5460,LiBOB,LiBOB,True,0.0,LiPDI,1.0819930683696648,1.0819930683696648
5461,LiBOB,LiBOB,True,0.0,LiPDI,1.0819930683696648,1.0819930683696648
5462,LiBOB,LiBOB,True,0.0,LiPDI,1.0819930683696648,1.0819930683696648
5463,LiBOB,LiBOB,True,0.0,LiPDI,1.0819930683696648,1.0819930683696648
5464,LiBOB,LiBOB,True,0.0,LiPDI,1.0819930683696648,1.0819930683696648
5465,LiBOB,LiBOB,True,0.0,LiPDI,1.0819930683696648,1.0819930683696648
5466,LiBOB,LiBOB,True,0.0,LiPDI,1.0819930683696648,1.0819930683696648
5467,LiBOB,LiBOB,True,0.0,LiPDI,1.0819930683696648,1.0819930683696648
5468,LiBOB,LiBOB,True,0.0,LiPDI,1.0819930683696648,1.0819930683696648
5469,LiBOB,LiBOB,True,0.0,LiPDI,1.0819930683696648,1.0819930683696648
5470,LiBOB,LiBOB,True,0.0,LiPDI,1.0819930683696648,1.0819930683696648
5471,LiBOB,LiBOB,True,0.0,LiPDI,1.0819930683696648,1.0819930683696648
5472,LiBOB,LiBOB,True,0.0,LiPDI,1.0819930683696648,1.0819930683696648
5473,LiBOB,LiBOB,True,0.0,LiPDI,1.0819930683696648,1.0819930683696648
5474,LiBOB,LiBOB,True,0.0,LiPDI,1.0819930683696648,1.0819930683696648
5475,LiBOB,LiBOB,True,0.0,LiPDI,1.0819930683696648,1.0819930683696648
5476,LiBOB,LiBOB,True,0.0,LiPDI,1.0819930683696648,1.0819930683696648
5477,LiBOB,LiBOB,True,0.0,LiPDI,1.0819930683696648,1.0819930683696648
5478,LiBOB,LiBOB,True,0.0,LiPDI,1.0819930683696648,1.0819930683696648
5479,LiBOB,LiBOB,True,0.0,LiPDI,1.0819930683696648,1.0819930683696648
5480,LiBOB,LiBOB,True,0.0,LiPDI,1.0819930683696648,1.0819930683696648
5481,LiBOB,LiBOB,True,0.0,LiPDI,1.0819930683696648,1.0819930683696648
5482,LiBOB,LiBOB,True,0.0,LiPDI,1.0819930683696648,1.0819930683696648
5483,LiBOB,LiBOB,True,0.0,LiPDI,1.0819930683696648,1.0819930683696648
5484,LiBOB,LiBOB,True,0.0,LiPDI,1.0819930683696648,1.0819930683696648
5485,LiBOB,LiBOB,True,0.0,LiPDI,1.0819930683696648,1.0819930683696648
5486,LiBOB,LiBOB,True,0.0,LiPDI,1.0819930683696648,1.0819930683696648
5487,LiBOB,LiBOB,True,0.0,LiPDI,1.0819930683696648,1.0819930683696648
5488,LiBOB,LiBOB,True,0.0,LiPDI,1.0819930683696648,1.0819930683696648
5489,LiBOB,LiBOB,True,0.0,LiPDI,1.0819930683696648,1.0819930683696648
5490,LiBOB,LiBOB,True,0.0,LiPDI,1.0819930683696648,1.0819930683696648
5491,LiBOB,LiBOB,True,0.0,LiPDI,1.0819930683696648,1.0819930683696648
5492,LiBOB,LiBOB,True,0.0,LiPDI,1.0819930683696648,1.0819930683696648
5493,LiBOB,LiBOB,True,0.0,LiPDI,1.0819930683696648,1.0819930683696648
5494,LiBOB,LiBOB,True,0.0,LiPDI,1.0819930683696648,1.0819930683696648
5495,LiBOB,LiBOB,True,0.0,LiPDI,1.0819930683696648,1.0819930683696648
5496,LiBOB,LiBOB,True,0.0,LiPDI,1.0819930683696648,1.0819930683696648
5497,LiBOB,LiBOB,True,0.0,LiPDI,1.0819930683696648,1.0819930683696648
5498,LiBOB,LiBOB,True,0.0,LiPDI,1.0819930683696648,1.0819930683696648
5499,LiBOB,LiBOB,True,0.0,LiPDI,1.0819930683696648,1.0819930683696648
5500,LiBOB,LiBOB,True,0.0,LiPDI,1.0819930683696648,1.0819930683696648
5501,LiBOB,LiBOB,True,0.0,LiPDI,1.0819930683696648,1.0819930683696648
5502,LiBOB,LiBOB,True,0.0,LiPDI,1.0819930683696648,1.0819930683696648
5503,LiBOB,LiBOB,True,0.0,LiPDI,1.0819930683696648,1.0819930683696648
5504,LiBOB,LiBOB,True,0.0,LiPDI,1.0819930683696648,1.0819930683696648
5505,LiBOB,LiBOB,True,0.0,LiPDI,1.0819930683696648,1.0819930683696648
5506,LiBOB,LiBOB,True,0.0,LiPDI,1.0819930683696648,1.0819930683696648
5507,LiBOB,LiBOB,True,0.0,LiPDI,1.0819930683696648,1.0819930683696648
5508,LiBOB,LiBOB,True,0.0,LiPDI,1.0819930683696648,1.0819930683696648
5509,LiBOB,LiBOB,True,0.0,LiPDI,1.0819930683696648,1.0819930683696648
5510,LiBOB,LiBOB,True,0.0,LiPDI,1.0819930683696648,1.0819930683696648
5511,LiBOB,LiBOB,True,0.0,LiPDI,1.0819930683696648,1.0819930683696648
5512,LiBOB,LiBOB,True,0.0,LiPDI,1.0819930683696648,1.0819930683696648
5513,LiBOB,LiBOB,True,0.0,LiPDI,1.0819930683696648,1.0819930683696648
5514,LiBOB,LiBOB,True,0.0,LiPDI,1.0819930683696648,1.0819930683696648
5515,LiBOB,LiBOB,True,0.0,LiPDI,1.0819930683696648,1.0819930683696648
5516,LiBOB,LiBOB,True,0.0,LiPDI,1.0819930683696648,1.0819930683696648
5517,LiBOB,LiBOB,True,0.0,LiPDI,1.0819930683696648,1.0819930683696648
5518,LiBOB,LiBOB,True,0.0,LiPDI,1.0819930683696648,1.0819930683696648
5519,LiBOB,LiBOB,True,0.0,LiPDI,1.0819930683696648,1.0819930683696648
5520,LiBOB,LiBOB,True,0.0,LiPDI,1.0819930683696648,1.0819930683696648
5521,LiBOB,LiBOB,True,0.0,LiPDI,1.0819930683696648,1.0819930683696648
5522,LiBOB,LiBOB,True,0.0,LiPDI,1.0819930683696648,1.0819930683696648
5523,LiBOB,LiBOB,True,0.0,LiPDI,1.0819930683696648,1.0819930683696648
5524,LiBOB,LiBOB,True,0.0,LiPDI,1.0819930683696648,1.0819930683696648
5525,LiBOB,LiBOB,True,0.0,LiPDI,1.0819930683696648,1.0819930683696648
5526,LiBOB,LiBOB,True,0.0,LiPDI,1.0819930683696648,1.0819930683696648
5527,LiBOB,LiBOB,True,0.0,LiPDI,1.0819930683696648,1.0819930683696648
5528,LiBOB,LiBOB,True,0.0,LiPDI,1.0819930683696648,1.0819930683696648
5529,LiBOB,LiBOB,True,0.0,LiPDI,1.0819930683696648,1.0819930683696648
5530,LiBOB,LiBOB,True,0.0,LiPDI,1.0819930683696648,1.0819930683696648
5531,LiBOB,LiBOB,True,0.0,LiPDI,1.0819930683696648,1.0819930683696648
5532,LiBOB,LiBOB,True,0.0,LiPDI,1.0819930683696648,1.0819930683696648
5533,LiBOB,LiBOB,True,0.0,LiPDI,1.0819930683696648,1.0819930683696648
5534,LiBOB,LiBOB,True,0.0,LiPDI,1.0819930683696648,1.0819930683696648
5535,LiBOB,LiBOB,True,0.0,LiPDI,1.0819930683696648,1.0819930683696648
5536,LiBOB,LiBOB,True,0.0,LiPDI,1.0819930683696648,1.0819930683696648
5537,LiBOB,LiBOB,True,0.0,LiPDI,1.0819930683696648,1.0819930683696648
5538,LiBOB,LiBOB,True,0.0,LiPDI,1.0819930683696648,1.0819930683696648
5539,LiBOB,LiBOB,True,0.0,LiPDI,1.0819930683696648,1.0819930683696648
5540,LiBOB,LiBOB,True,0.0,LiPDI,1.0819930683696648,1.0819930683696648
5541,LiBOB,LiBOB,True,0.0,LiPDI,1.0819930683696648,1.0819930683696648
5542,LiBOB,LiBOB,True,0.0,LiPDI,1.0819930683696648,1.0819930683696648
5543,LiBOB,LiBOB,True,0.0,LiPDI,1.0819930683696648,1.0819930683696648
5544,LiBOB,LiBOB,True,0.0,LiPDI,1.0819930683696648,1.0819930683696648
5545,LiBOB,LiBOB,True,0.0,LiPDI,1.0819930683696648,1.0819930683696648
5546,LiBOB,LiBOB,True,0.0,LiPDI,1.0819930683696648,1.0819930683696648
5547,LiBOB,LiBOB,True,0.0,LiPDI,1.0819930683696648,1.0819930683696648
5548,LiBOB,LiBOB,True,0.0,LiPDI,1.0819930683696648,1.0819930683696648
5549,LiBOB,LiBOB,True,0.0,LiPDI,1.0819930683696648,1.0819930683696648
5550,LiBOB,LiBOB,True,0.0,LiPDI,1.0819930683696648,1.0819930683696648
5551,LiBOB,LiBOB,True,0.0,LiPDI,1.0819930683696648,1.0819930683696648
5552,LiBOB,LiBOB,True,0.0,LiPDI,1.0819930683696648,1.0819930683696648
5553,LiBOB,LiBOB,True,0.0,LiPDI,1.0819930683696648,1.0819930683696648
5554,LiBOB,LiBOB,True,0.0,LiPDI,1.0819930683696648,1.0819930683696648
5555,LiBOB,LiBOB,True,0.0,LiPDI,1.0819930683696648,1.0819930683696648
5556,LiBOB,LiBOB,True,0.0,LiPDI,1.0819930683696648,1.0819930683696648
5557,LiBOB,LiBOB,True,0.0,LiPDI,1.0819930683696648,1.0819930683696648
5558,LiBOB,LiBOB,True,0.0,LiPDI,1.0819930683696648,1.0819930683696648
5559,LiBOB,LiBOB,True,0.0,LiPDI,1.0819930683696648,1.0819930683696648
5560,LiBOB,LiBOB,True,0.0,LiPDI,1.0819930683696648,1.0819930683696648
5561,LiBOB,LiBOB,True,0.0,LiPDI,1.0819930683696648,1.0819930683696648
5562,LiBOB,LiBOB,True,0.0,LiPDI,1.0819930683696648,1.0819930683696648
5563,LiBOB,LiBOB,True,0.0,LiPDI,1.0819930683696648,1.0819930683696648
5564,LiBOB,LiBOB,True,0.0,LiPDI,1.0819930683696648,1.0819930683696648
5565,LiBOB,LiBOB,True,0.0,LiPDI,1.0819930683696648,1.0819930683696648
5566,LiBOB,LiBOB,True,0.0,LiPDI,1.0819930683696648,1.0819930683696648
5567,LiBOB,LiBOB,True,0.0,LiPDI,1.0819930683696648,1.0819930683696648
5568,LiBOB,LiBOB,True,0.0,LiPDI,1.0819930683696648,1.0819930683696648
5569,LiBOB,LiBOB,True,0.0,LiPDI,1.0819930683696648,1.0819930683696648
5570,LiBOB,LiBOB,True,0.0,LiPDI,1.0819930683696648,1.0819930683696648
5571,LiBOB,LiBOB,True,0.0,LiPDI,1.0819930683696648,1.0819930683696648
5572,LiBOB,LiBOB,True,0.0,LiPDI,1.0819930683696648,1.0819930683696648
5573,LiBOB,LiBOB,True,0.0,LiPDI,1.0819930683696648,1.0819930683696648
5574,LiBOB,LiBOB,True,0.0,LiPDI,1.0819930683696648,1.0819930683696648
5575,LiBOB,LiBOB,True,0.0,LiPDI,1.0819930683696648,1.0819930683696648
5576,LiBOB,LiBOB,True,0.0,LiPDI,1.0819930683696648,1.0819930683696648
5577,LiBOB,LiBOB,True,0.0,LiPDI,1.0819930683696648,1.0819930683696648
5578,LiBOB,LiBOB,True,0.0,LiPDI,1.0819930683696648,1.0819930683696648
5579,LiBOB,LiBOB,True,0.0,LiPDI,1.0819930683696648,1.0819930683696648
5580,LiBOB,LiBOB,True,0.0,LiPDI,1.0819930683696648,1.0819930683696648
5581,LiBOB,LiBOB,True,0.0,LiPDI,1.0819930683696648,1.0819930683696648
5582,LiBOB,LiBOB,True,0.0,LiPDI,1.0819930683696648,1.0819930683696648
5583,LiBOB,LiBOB,True,0.0,LiPDI,1.0819930683696648,1.0819930683696648
5584,LiBOB,LiBOB,True,0.0,LiPDI,1.0819930683696648,1.0819930683696648
5585,LiBOB,LiBOB,True,0.0,LiPDI,1.0819930683696648,1.0819930683696648
5586,LiBOB,LiBOB,True,0.0,LiPDI,1.0819930683696648,1.0819930683696648
5587,LiBOB,LiBOB,True,0.0,LiPDI,1.0819930683696648,1.0819930683696648
5588,LiBOB,LiBOB,True,0.0,LiPDI,1.0819930683696648,1.0819930683696648
5589,LiBOB,LiBOB,True,0.0,LiPDI,1.0819930683696648,1.0819930683696648
5590,LiBOB,LiBOB,True,0.0,LiPDI,1.0819930683696648,1.0819930683696648
5591,LiBOB,LiBOB,True,0.0,LiPDI,1.0819930683696648,1.0819930683696648
5592,LiBOB,LiBOB,True,0.0,LiPDI,1.0819930683696648,1.0819930683696648
5593,LiBOB,LiBOB,True,0.0,LiPDI,1.0819930683696648,1.0819930683696648
5594,LiBOB,LiBOB,True,0.0,LiPDI,1.0819930683696648,1.0819930683696648
5595,LiBOB,LiBOB,True,0.0,LiPDI,1.0819930683696648,1.0819930683696648
5596,LiBOB,LiBOB,True,0.0,LiPDI,1.0819930683696648,1.0819930683696648
5597,LiBOB,LiBOB,True,0.0,LiPDI,1.0819930683696648,1.0819930683696648
5598,LiBOB,LiBOB,True,0.0,LiPDI,1.0819930683696648,1.0819930683696648
5599,LiBOB,LiBOB,True,0.0,LiPDI,1.0819930683696648,1.0819930683696648
5600,LiBOB,LiBOB,True,0.0,LiPDI,1.0819930683696648,1.0819930683696648
5601,LiBOB,LiBOB,True,0.0,LiPDI,1.0819930683696648,1.0819930683696648
5602,LiBOB,LiBOB,True,0.0,LiPDI,1.0819930683696648,1.0819930683696648
5603,LiPF6,LiPF6,True,0.0,LiCF3SO3,2.3030468948764367,2.3030468948764367
5604,LiPF6,LiPF6,True,0.0,LiCF3SO3,2.3030468948764367,2.3030468948764367
5605,LiPF6,LiPF6,True,0.0,LiCF3SO3,2.3030468948764367,2.3030468948764367
5606,LiPF6,LiPF6,True,0.0,LiCF3SO3,2.3030468948764367,2.3030468948764367
5607,LiPF6,LiPF6,True,0.0,LiCF3SO3,2.3030468948764367,2.3030468948764367
5608,LiPF6,LiPF6,True,0.0,LiCF3SO3,2.3030468948764367,2.3030468948764367
5609,LiPF6,LiPF6,True,0.0,LiCF3SO3,2.3030468948764367,2.3030468948764367
5610,LiPF6,LiPF6,True,0.0,LiCF3SO3,2.3030468948764367,2.3030468948764367
5611,LiPF6,LiPF6,True,0.0,LiCF3SO3,2.3030468948764367,2.3030468948764367
5612,LiPF6,LiPF6,True,0.0,LiCF3SO3,2.3030468948764367,2.3030468948764367
5613,LiPF6,LiPF6,True,0.0,LiCF3SO3,2.3030468948764367,2.3030468948764367
5614,LiPF6,LiPF6,True,0.0,LiCF3SO3,2.3030468948764367,2.3030468948764367
5615,LiPF6,LiPF6,True,0.0,LiCF3SO3,2.3030468948764367,2.3030468948764367
5616,LiPF6,LiPF6,True,0.0,LiCF3SO3,2.3030468948764367,2.3030468948764367
5617,LiPF6,LiPF6,True,0.0,LiCF3SO3,2.3030468948764367,2.3030468948764367
5618,LiPF6,LiPF6,True,0.0,LiCF3SO3,2.3030468948764367,2.3030468948764367
5619,LiPF6,LiPF6,True,0.0,LiCF3SO3,2.3030468948764367,2.3030468948764367
5620,LiPF6,LiPF6,True,0.0,LiCF3SO3,2.3030468948764367,2.3030468948764367
5621,LiPF6,LiPF6,True,0.0,LiCF3SO3,2.3030468948764367,2.3030468948764367
5622,LiPF6,LiPF6,True,0.0,LiCF3SO3,2.3030468948764367,2.3030468948764367
5623,LiPF6,LiPF6,True,0.0,LiCF3SO3,2.3030468948764367,2.3030468948764367
5624,LiPF6,LiPF6,True,0.0,LiCF3SO3,2.3030468948764367,2.3030468948764367
5625,LiPF6,LiPF6,True,0.0,LiCF3SO3,2.3030468948764367,2.3030468948764367
5626,LiPF6,LiPF6,True,0.0,LiCF3SO3,2.3030468948764367,2.3030468948764367
5627,LiPF6,LiPF6,True,0.0,LiCF3SO3,2.3030468948764367,2.3030468948764367
5628,LiPF6,LiPF6,True,0.0,LiCF3SO3,2.3030468948764367,2.3030468948764367
5629,LiPF6,LiPF6,True,0.0,LiCF3SO3,2.3030468948764367,2.3030468948764367
5630,LiPF6,LiPF6,True,0.0,LiCF3SO3,2.3030468948764367,2.3030468948764367
5631,LiPF6,LiPF6,True,0.0,LiCF3SO3,2.3030468948764367,2.3030468948764367
5632,LiPF6,LiPF6,True,0.0,LiCF3SO3,2.3030468948764367,2.3030468948764367
5633,LiPF6,LiPF6,True,0.0,LiCF3SO3,2.3030468948764367,2.3030468948764367
5634,LiPF6,LiPF6,True,0.0,LiCF3SO3,2.3030468948764367,2.3030468948764367
5635,LiPF6,LiPF6,True,0.0,LiCF3SO3,2.3030468948764367,2.3030468948764367
5636,LiPF6,LiPF6,True,0.0,LiCF3SO3,2.3030468948764367,2.3030468948764367
5637,LiPF6,LiPF6,True,0.0,LiCF3SO3,2.3030468948764367,2.3030468948764367
5638,LiPF6,LiPF6,True,0.0,LiCF3SO3,2.3030468948764367,2.3030468948764367
5639,LiPF6,LiPF6,True,0.0,LiCF3SO3,2.3030468948764367,2.3030468948764367
5640,LiPF6,LiPF6,True,0.0,LiCF3SO3,2.3030468948764367,2.3030468948764367
5641,LiPF6,LiPF6,True,0.0,LiCF3SO3,2.3030468948764367,2.3030468948764367
5642,LiPF6,LiPF6,True,0.0,LiCF3SO3,2.3030468948764367,2.3030468948764367
5643,LiPF6,LiPF6,True,0.0,LiCF3SO3,2.3030468948764367,2.3030468948764367
5644,LiPF6,LiPF6,True,0.0,LiCF3SO3,2.3030468948764367,2.3030468948764367
5645,LiPF6,LiPF6,True,0.0,LiCF3SO3,2.3030468948764367,2.3030468948764367
5646,LiPF6,LiPF6,True,0.0,LiCF3SO3,2.3030468948764367,2.3030468948764367
5647,LiPF6,LiPF6,True,0.0,LiCF3SO3,2.3030468948764367,2.3030468948764367
5648,LiPF6,LiPF6,True,0.0,LiCF3SO3,2.3030468948764367,2.3030468948764367
5649,LiPF6,LiPF6,True,0.0,LiCF3SO3,2.3030468948764367,2.3030468948764367
5650,LiPF6,LiPF6,True,0.0,LiCF3SO3,2.3030468948764367,2.3030468948764367
5651,LiPF6,LiPF6,True,0.0,LiCF3SO3,2.3030468948764367,2.3030468948764367
5652,LiPF6,LiPF6,True,0.0,LiCF3SO3,2.3030468948764367,2.3030468948764367
5653,LiPF6,LiPF6,True,0.0,LiCF3SO3,2.3030468948764367,2.3030468948764367
5654,LiPF6,LiPF6,True,0.0,LiCF3SO3,2.3030468948764367,2.3030468948764367
5655,LiPF6,LiPF6,True,0.0,LiCF3SO3,2.3030468948764367,2.3030468948764367
5656,LiPF6,LiPF6,True,0.0,LiCF3SO3,2.3030468948764367,2.3030468948764367
5657,LiPF6,LiPF6,True,0.0,LiCF3SO3,2.3030468948764367,2.3030468948764367
5658,LiPF6,LiPF6,True,0.0,LiCF3SO3,2.3030468948764367,2.3030468948764367
5659,LiPF6,LiPF6,True,0.0,LiCF3SO3,2.3030468948764367,2.3030468948764367
5660,LiPF6,LiPF6,True,0.0,LiCF3SO3,2.3030468948764367,2.3030468948764367
5661,LiPF6,LiPF6,True,0.0,LiCF3SO3,2.3030468948764367,2.3030468948764367
5662,LiPF6,LiPF6,True,0.0,LiCF3SO3,2.3030468948764367,2.3030468948764367
5663,LiPF6,LiPF6,True,0.0,LiCF3SO3,2.3030468948764367,2.3030468948764367
5664,LiPF6,LiPF6,True,0.0,LiCF3SO3,2.3030468948764367,2.3030468948764367
5665,LiPF6,LiPF6,True,0.0,LiCF3SO3,2.3030468948764367,2.3030468948764367
5666,LiPF6,LiPF6,True,0.0,LiCF3SO3,2.3030468948764367,2.3030468948764367
5667,LiPF6,LiPF6,True,0.0,LiCF3SO3,2.3030468948764367,2.3030468948764367
5668,LiPF6,LiPF6,True,0.0,LiCF3SO3,2.3030468948764367,2.3030468948764367
5669,LiPF6,LiPF6,True,0.0,LiCF3SO3,2.3030468948764367,2.3030468948764367
5670,LiPF6,LiPF6,True,0.0,LiCF3SO3,2.3030468948764367,2.3030468948764367
5671,LiPF6,LiPF6,True,0.0,LiCF3SO3,2.3030468948764367,2.3030468948764367
5672,LiPF6,LiPF6,True,0.0,LiCF3SO3,2.3030468948764367,2.3030468948764367
5673,LiPF6,LiPF6,True,0.0,LiCF3SO3,2.3030468948764367,2.3030468948764367
5674,LiPF6,LiPF6,True,0.0,LiCF3SO3,2.3030468948764367,2.3030468948764367
5675,LiPF6,LiPF6,True,0.0,LiCF3SO3,2.3030468948764367,2.3030468948764367
5676,LiPF6,LiPF6,True,0.0,LiCF3SO3,2.3030468948764367,2.3030468948764367
5677,LiPF6,LiPF6,True,0.0,LiCF3SO3,2.3030468948764367,2.3030468948764367
5678,LiPF6,LiPF6,True,0.0,LiCF3SO3,2.3030468948764367,2.3030468948764367
5679,LiPF6,LiPF6,True,0.0,LiCF3SO3,2.3030468948764367,2.3030468948764367
5680,LiPF6,LiPF6,True,0.0,LiCF3SO3,2.3030468948764367,2.3030468948764367
5681,LiPF6,LiPF6,True,0.0,LiCF3SO3,2.3030468948764367,2.3030468948764367
5682,LiPF6,LiPF6,True,0.0,LiCF3SO3,2.3030468948764367,2.3030468948764367
5683,LiPF6,LiPF6,True,0.0,LiCF3SO3,2.3030468948764367,2.3030468948764367
5684,LiPF6,LiPF6,True,0.0,LiCF3SO3,2.3030468948764367,2.3030468948764367
5685,LiPF6,LiPF6,True,0.0,LiCF3SO3,2.3030468948764367,2.3030468948764367
5686,LiPF6,LiPF6,True,0.0,LiCF3SO3,2.3030468948764367,2.3030468948764367
5687,LiPF6,LiPF6,True,0.0,LiCF3SO3,2.3030468948764367,2.3030468948764367
5688,LiPF6,LiPF6,True,0.0,LiCF3SO3,2.3030468948764367,2.3030468948764367
5689,LiPF6,LiPF6,True,0.0,LiCF3SO3,2.3030468948764367,2.3030468948764367
5690,LiPF6,LiPF6,True,0.0,LiCF3SO3,2.3030468948764367,2.3030468948764367
5691,LiPF6,LiPF6,True,0.0,LiCF3SO3,2.3030468948764367,2.3030468948764367
5692,LiPF6,LiPF6,True,0.0,LiCF3SO3,2.3030468948764367,2.3030468948764367
5693,LiPF6,LiPF6,True,0.0,LiCF3SO3,2.3030468948764367,2.3030468948764367
5694,LiPF6,LiPF6,True,0.0,LiCF3SO3,2.3030468948764367,2.3030468948764367
5695,LiPF6,LiPF6,True,0.0,LiCF3SO3,2.3030468948764367,2.3030468948764367
5696,LiPF6,LiPF6,True,0.0,LiCF3SO3,2.3030468948764367,2.3030468948764367
5697,LiPF6,LiPF6,True,0.0,LiCF3SO3,2.3030468948764367,2.3030468948764367
5698,LiPF6,LiPF6,True,0.0,LiCF3SO3,2.3030468948764367,2.3030468948764367
5699,LiPF6,LiPF6,True,0.0,LiCF3SO3,2.3030468948764367,2.3030468948764367
5700,LiPF6,LiPF6,True,0.0,LiCF3SO3,2.3030468948764367,2.3030468948764367
5701,LiPF6,LiPF6,True,0.0,LiCF3SO3,2.3030468948764367,2.3030468948764367
5702,LiPF6,LiPF6,True,0.0,LiCF3SO3,2.3030468948764367,2.3030468948764367
5703,LiPF6,LiPF6,True,0.0,LiCF3SO3,2.3030468948764367,2.3030468948764367
5704,LiPF6,LiPF6,True,0.0,LiCF3SO3,2.3030468948764367,2.3030468948764367
5705,LiPF6,LiPF6,True,0.0,LiCF3SO3,2.3030468948764367,2.3030468948764367
5706,LiPF6,LiPF6,True,0.0,LiCF3SO3,2.3030468948764367,2.3030468948764367
5707,LiPF6,LiPF6,True,0.0,LiCF3SO3,2.3030468948764367,2.3030468948764367
5708,LiPF6,LiPF6,True,0.0,LiCF3SO3,2.3030468948764367,2.3030468948764367
5709,LiPF6,LiPF6,True,0.0,LiCF3SO3,2.3030468948764367,2.3030468948764367
5710,LiPF6,LiPF6,True,0.0,LiCF3SO3,2.3030468948764367,2.3030468948764367
5711,LiPF6,LiPF6,True,0.0,LiCF3SO3,2.3030468948764367,2.3030468948764367
5712,LiPF6,LiPF6,True,0.0,LiCF3SO3,2.3030468948764367,2.3030468948764367
5713,LiPF6,LiPF6,True,0.0,LiCF3SO3,2.3030468948764367,2.3030468948764367
5714,LiPF6,LiPF6,True,0.0,LiCF3SO3,2.3030468948764367,2.3030468948764367
5715,LiPF6,LiPF6,True,0.0,LiCF3SO3,2.3030468948764367,2.3030468948764367
5716,LiPF6,LiPF6,True,0.0,LiCF3SO3,2.3030468948764367,2.3030468948764367
5717,LiPF6,LiPF6,True,0.0,LiCF3SO3,2.3030468948764367,2.3030468948764367
5718,LiPF6,LiPF6,True,0.0,LiCF3SO3,2.3030468948764367,2.3030468948764367
5719,LiPF6,LiPF6,True,0.0,LiCF3SO3,2.3030468948764367,2.3030468948764367
5720,LiPF6,LiPF6,True,0.0,LiCF3SO3,2.3030468948764367,2.3030468948764367
5721,LiPF6,LiPF6,True,0.0,LiCF3SO3,2.3030468948764367,2.3030468948764367
5722,LiPF6,LiPF6,True,0.0,LiCF3SO3,2.3030468948764367,2.3030468948764367
5723,LiPF6,LiPF6,True,0.0,LiCF3SO3,2.3030468948764367,2.3030468948764367
5724,LiPF6,LiPF6,True,0.0,LiCF3SO3,2.3030468948764367,2.3030468948764367
5725,LiPF6,LiPF6,True,0.0,LiCF3SO3,2.3030468948764367,2.3030468948764367
5726,LiPF6,LiPF6,True,0.0,LiCF3SO3,2.3030468948764367,2.3030468948764367
5727,LiPF6,LiPF6,True,0.0,LiCF3SO3,2.3030468948764367,2.3030468948764367
5728,LiPF6,LiPF6,True,0.0,LiCF3SO3,2.3030468948764367,2.3030468948764367
5729,LiPF6,LiPF6,True,0.0,LiCF3SO3,2.3030468948764367,2.3030468948764367
5730,LiPF6,LiPF6,True,0.0,LiCF3SO3,2.3030468948764367,2.3030468948764367
5731,LiPF6,LiPF6,True,0.0,LiCF3SO3,2.3030468948764367,2.3030468948764367
5732,LiPF6,LiPF6,True,0.0,LiCF3SO3,2.3030468948764367,2.3030468948764367
5733,LiPF6,LiPF6,True,0.0,LiCF3SO3,2.3030468948764367,2.3030468948764367
5734,LiPF6,LiPF6,True,0.0,LiCF3SO3,2.3030468948764367,2.3030468948764367
5735,LiPF6,LiPF6,True,0.0,LiCF3SO3,2.3030468948764367,2.3030468948764367
5736,LiPF6,LiPF6,True,0.0,LiCF3SO3,2.3030468948764367,2.3030468948764367
5737,LiPF6,LiPF6,True,0.0,LiCF3SO3,2.3030468948764367,2.3030468948764367
5738,LiPF6,LiPF6,True,0.0,LiCF3SO3,2.3030468948764367,2.3030468948764367
5739,LiPF6,LiPF6,True,0.0,LiCF3SO3,2.3030468948764367,2.3030468948764367
5740,LiPF6,LiPF6,True,0.0,LiCF3SO3,2.3030468948764367,2.3030468948764367
5741,LiPF6,LiPF6,True,0.0,LiCF3SO3,2.3030468948764367,2.3030468948764367
5742,LiPF6,LiPF6,True,0.0,LiCF3SO3,2.3030468948764367,2.3030468948764367
5743,LiPF6,LiPF6,True,0.0,LiCF3SO3,2.3030468948764367,2.3030468948764367
5744,LiPF6,LiPF6,True,0.0,LiCF3SO3,2.3030468948764367,2.3030468948764367
5745,LiPF6,LiPF6,True,0.0,LiCF3SO3,2.3030468948764367,2.3030468948764367
5746,LiPF6,LiPF6,True,0.0,LiCF3SO3,2.3030468948764367,2.3030468948764367
5747,LiPF6,LiPF6,True,0.0,LiCF3SO3,2.3030468948764367,2.3030468948764367
5748,LiPF6,LiPF6,True,0.0,LiCF3SO3,2.3030468948764367,2.3030468948764367
5749,LiPF6,LiPF6,True,0.0,LiCF3SO3,2.3030468948764367,2.3030468948764367
5750,LiPF6,LiPF6,True,0.0,LiCF3SO3,2.3030468948764367,2.3030468948764367
5751,LiPF6,LiPF6,True,0.0,LiCF3SO3,2.3030468948764367,2.3030468948764367
5752,LiPF6,LiPF6,True,0.0,LiCF3SO3,2.3030468948764367,2.3030468948764367
5753,LiPF6,LiPF6,True,0.0,LiCF3SO3,2.3030468948764367,2.3030468948764367
5754,LiPF6,LiPF6,True,0.0,LiCF3SO3,2.3030468948764367,2.3030468948764367
5755,LiPF6,LiPF6,True,0.0,LiCF3SO3,2.3030468948764367,2.3030468948764367
5756,LiPF6,LiPF6,True,0.0,LiCF3SO3,2.3030468948764367,2.3030468948764367
5757,LiPF6,LiPF6,True,0.0,LiCF3SO3,2.3030468948764367,2.3030468948764367
5758,LiPF6,LiPF6,True,0.0,LiCF3SO3,2.3030468948764367,2.3030468948764367
5759,LiPF6,LiPF6,True,0.0,LiCF3SO3,2.3030468948764367,2.3030468948764367
5760,LiPF6,LiPF6,True,0.0,LiCF3SO3,2.3030468948764367,2.3030468948764367
5761,LiPF6,LiPF6,True,0.0,LiCF3SO3,2.3030468948764367,2.3030468948764367
5762,LiPF6,LiPF6,True,0.0,LiCF3SO3,2.3030468948764367,2.3030468948764367
5763,LiPF6,LiPF6,True,0.0,LiCF3SO3,2.3030468948764367,2.3030468948764367
5764,LiPF6,LiPF6,True,0.0,LiCF3SO3,2.3030468948764367,2.3030468948764367
5765,LiPF6,LiPF6,True,0.0,LiCF3SO3,2.3030468948764367,2.3030468948764367
5766,LiPF6,LiPF6,True,0.0,LiCF3SO3,2.3030468948764367,2.3030468948764367
5767,LiPF6,LiPF6,True,0.0,LiCF3SO3,2.3030468948764367,2.3030468948764367
5768,LiPF6,LiPF6,True,0.0,LiCF3SO3,2.3030468948764367,2.3030468948764367
5769,LiPF6,LiPF6,True,0.0,LiCF3SO3,2.3030468948764367,2.3030468948764367
5770,LiPF6,LiPF6,True,0.0,LiCF3SO3,2.3030468948764367,2.3030468948764367
5771,LiPF6,LiPF6,True,0.0,LiCF3SO3,2.3030468948764367,2.3030468948764367
5772,LiPF6,LiPF6,True,0.0,LiCF3SO3,2.3030468948764367,2.3030468948764367
5773,LiPF6,LiPF6,True,0.0,LiCF3SO3,2.3030468948764367,2.3030468948764367
5774,LiPF6,LiPF6,True,0.0,LiCF3SO3,2.3030468948764367,2.3030468948764367
5775,LiPF6,LiPF6,True,0.0,LiCF3SO3,2.3030468948764367,2.3030468948764367
5776,LiPF6,LiPF6,True,0.0,LiCF3SO3,2.3030468948764367,2.3030468948764367
5777,LiPF6,LiPF6,True,0.0,LiCF3SO3,2.3030468948764367,2.3030468948764367
5778,LiPF6,LiPF6,True,0.0,LiCF3SO3,2.3030468948764367,2.3030468948764367
5779,LiPF6,LiPF6,True,0.0,LiCF3SO3,2.3030468948764367,2.3030468948764367
5780,LiPF6,LiPF6,True,0.0,LiCF3SO3,2.3030468948764367,2.3030468948764367
5781,LiPF6,LiPF6,True,0.0,LiCF3SO3,2.3030468948764367,2.3030468948764367
5782,LiPF6,LiPF6,True,0.0,LiCF3SO3,2.3030468948764367,2.3030468948764367
5783,LiPF6,LiPF6,True,0.0,LiCF3SO3,2.3030468948764367,2.3030468948764367
5784,LiPF6,LiPF6,True,0.0,LiCF3SO3,2.3030468948764367,2.3030468948764367
5785,LiPF6,LiPF6,True,0.0,LiCF3SO3,2.3030468948764367,2.3030468948764367
5786,LiPF6,LiPF6,True,0.0,LiCF3SO3,2.3030468948764367,2.3030468948764367
5787,LiPF6,LiPF6,True,0.0,LiCF3SO3,2.3030468948764367,2.3030468948764367
5788,LiPF6,LiPF6,True,0.0,LiCF3SO3,2.3030468948764367,2.3030468948764367
5789,LiPF6,LiPF6,True,0.0,LiCF3SO3,2.3030468948764367,2.3030468948764367
5790,LiPF6,LiPF6,True,0.0,LiCF3SO3,2.3030468948764367,2.3030468948764367
5791,LiPF6,LiPF6,True,0.0,LiCF3SO3,2.3030468948764367,2.3030468948764367
5792,LiPF6,LiPF6,True,0.0,LiCF3SO3,2.3030468948764367,2.3030468948764367
5793,LiPF6,LiPF6,True,0.0,LiCF3SO3,2.3030468948764367,2.3030468948764367
5794,LiPF6,LiPF6,True,0.0,LiCF3SO3,2.3030468948764367,2.3030468948764367
5795,LiPF6,LiPF6,True,0.0,LiCF3SO3,2.3030468948764367,2.3030468948764367
5796,LiPF6,LiPF6,True,0.0,LiCF3SO3,2.3030468948764367,2.3030468948764367
5797,LiPF6,LiPF6,True,0.0,LiCF3SO3,2.3030468948764367,2.3030468948764367
5798,LiPF6,LiPF6,True,0.0,LiCF3SO3,2.3030468948764367,2.3030468948764367
5799,LiPF6,LiPF6,True,0.0,LiCF3SO3,2.3030468948764367,2.3030468948764367
5800,LiPF6,LiPF6,True,0.0,LiCF3SO3,2.3030468948764367,2.3030468948764367
5801,LiPF6,LiPF6,True,0.0,LiCF3SO3,2.3030468948764367,2.3030468948764367
5802,LiPF6,LiPF6,True,0.0,LiCF3SO3,2.3030468948764367,2.3030468948764367
5803,LiPF6,LiPF6,True,0.0,LiCF3SO3,2.3030468948764367,2.3030468948764367
5804,LiPF6,LiPF6,True,0.0,LiCF3SO3,2.3030468948764367,2.3030468948764367
5805,LiPF6,LiPF6,True,0.0,LiCF3SO3,2.3030468948764367,2.3030468948764367
5806,LiPF6,LiPF6,True,0.0,LiCF3SO3,2.3030468948764367,2.3030468948764367
5807,LiPF6,LiPF6,True,0.0,LiCF3SO3,2.3030468948764367,2.3030468948764367
5808,LiPF6,LiPF6,True,0.0,LiCF3SO3,2.3030468948764367,2.3030468948764367
5809,LiPF6,LiPF6,True,0.0,LiCF3SO3,2.3030468948764367,2.3030468948764367
5810,LiPF6,LiPF6,True,0.0,LiCF3SO3,2.3030468948764367,2.3030468948764367
5811,LiPF6,LiPF6,True,0.0,LiCF3SO3,2.3030468948764367,2.3030468948764367
5812,LiPF6,LiPF6,True,0.0,LiCF3SO3,2.3030468948764367,2.3030468948764367
5813,LiPF6,LiPF6,True,0.0,LiCF3SO3,2.3030468948764367,2.3030468948764367
5814,LiPF6,LiPF6,True,0.0,LiCF3SO3,2.3030468948764367,2.3030468948764367
5815,LiPF6,LiPF6,True,0.0,LiCF3SO3,2.3030468948764367,2.3030468948764367
5816,LiPF6,LiPF6,True,0.0,LiCF3SO3,2.3030468948764367,2.3030468948764367
5817,LiPF6,LiPF6,True,0.0,LiCF3SO3,2.3030468948764367,2.3030468948764367
5818,LiPF6,LiPF6,True,0.0,LiCF3SO3,2.3030468948764367,2.3030468948764367
5819,LiPF6,LiPF6,True,0.0,LiCF3SO3,2.3030468948764367,2.3030468948764367
5820,LiPF6,LiPF6,True,0.0,LiCF3SO3,2.3030468948764367,2.3030468948764367
5821,LiPF6,LiPF6,True,0.0,LiCF3SO3,2.3030468948764367,2.3030468948764367
5822,LiPF6,LiPF6,True,0.0,LiCF3SO3,2.3030468948764367,2.3030468948764367
5823,LiPF6,LiPF6,True,0.0,LiCF3SO3,2.3030468948764367,2.3030468948764367
5824,LiPF6,LiPF6,True,0.0,LiCF3SO3,2.3030468948764367,2.3030468948764367
5825,LiPF6,LiPF6,True,0.0,LiCF3SO3,2.3030468948764367,2.3030468948764367
5826,LiPF6,LiPF6,True,0.0,LiCF3SO3,2.3030468948764367,2.3030468948764367
5827,LiPF6,LiPF6,True,0.0,LiCF3SO3,2.3030468948764367,2.3030468948764367
5828,LiPF6,LiPF6,True,0.0,LiCF3SO3,2.3030468948764367,2.3030468948764367
5829,LiPF6,LiPF6,True,0.0,LiCF3SO3,2.3030468948764367,2.3030468948764367
5830,LiPF6,LiPF6,True,0.0,LiCF3SO3,2.3030468948764367,2.3030468948764367
5831,LiPF6,LiPF6,True,0.0,LiCF3SO3,2.3030468948764367,2.3030468948764367
5832,LiPF6,LiPF6,True,0.0,LiCF3SO3,2.3030468948764367,2.3030468948764367
5833,LiPF6,LiPF6,True,0.0,LiCF3SO3,2.3030468948764367,2.3030468948764367
5834,LiPF6,LiPF6,True,0.0,LiCF3SO3,2.3030468948764367,2.3030468948764367
5835,LiPF6,LiPF6,True,0.0,LiCF3SO3,2.3030468948764367,2.3030468948764367
5836,LiPF6,LiPF6,True,0.0,LiCF3SO3,2.3030468948764367,2.3030468948764367
5837,LiPF6,LiPF6,True,0.0,LiCF3SO3,2.3030468948764367,2.3030468948764367
5838,LiPF6,LiPF6,True,0.0,LiCF3SO3,2.3030468948764367,2.3030468948764367
5839,LiPF6,LiPF6,True,0.0,LiCF3SO3,2.3030468948764367,2.3030468948764367
5840,LiPF6,LiPF6,True,0.0,LiCF3SO3,2.3030468948764367,2.3030468948764367
5841,LiPF6,LiPF6,True,0.0,LiCF3SO3,2.3030468948764367,2.3030468948764367
5842,LiPF6,LiPF6,True,0.0,LiCF3SO3,2.3030468948764367,2.3030468948764367
5843,LiPF6,LiPF6,True,0.0,LiCF3SO3,2.3030468948764367,2.3030468948764367
5844,LiPF6,LiPF6,True,0.0,LiCF3SO3,2.3030468948764367,2.3030468948764367
5845,LiPF6,LiPF6,True,0.0,LiCF3SO3,2.3030468948764367,2.3030468948764367
5846,LiPF6,LiPF6,True,0.0,LiCF3SO3,2.3030468948764367,2.3030468948764367
5847,LiPF6,LiPF6,True,0.0,LiCF3SO3,2.3030468948764367,2.3030468948764367
5848,LiPF6,LiPF6,True,0.0,LiCF3SO3,2.3030468948764367,2.3030468948764367
5849,LiPF6,LiPF6,True,0.0,LiCF3SO3,2.3030468948764367,2.3030468948764367
5850,LiPF6,LiPF6,True,0.0,LiCF3SO3,2.3030468948764367,2.3030468948764367
5851,LiPF6,LiPF6,True,0.0,LiCF3SO3,2.3030468948764367,2.3030468948764367
5852,LiPF6,LiPF6,True,0.0,LiCF3SO3,2.3030468948764367,2.3030468948764367
5853,LiPF6,LiPF6,True,0.0,LiCF3SO3,2.3030468948764367,2.3030468948764367
5854,LiPF6,LiPF6,True,0.0,LiCF3SO3,2.3030468948764367,2.3030468948764367
5855,LiPF6,LiPF6,True,0.0,LiCF3SO3,2.3030468948764367,2.3030468948764367
5856,LiPF6,LiPF6,True,0.0,LiCF3SO3,2.3030468948764367,2.3030468948764367
5857,LiPF6,LiPF6,True,0.0,LiCF3SO3,2.3030468948764367,2.3030468948764367
5858,LiPF6,LiPF6,True,0.0,LiCF3SO3,2.3030468948764367,2.3030468948764367
5859,LiPF6,LiPF6,True,0.0,LiCF3SO3,2.3030468948764367,2.3030468948764367
5860,LiPF6,LiPF6,True,0.0,LiCF3SO3,2.3030468948764367,2.3030468948764367
5861,LiPF6,LiPF6,True,0.0,LiCF3SO3,2.3030468948764367,2.3030468948764367
5862,LiPF6,LiPF6,True,0.0,LiCF3SO3,2.3030468948764367,2.3030468948764367
5863,LiPF6,LiPF6,True,0.0,LiCF3SO3,2.3030468948764367,2.3030468948764367
5864,LiPF6,LiPF6,True,0.0,LiCF3SO3,2.3030468948764367,2.3030468948764367
5865,LiPF6,LiPF6,True,0.0,LiCF3SO3,2.3030468948764367,2.3030468948764367
5866,LiPF6,LiPF6,True,0.0,LiCF3SO3,2.3030468948764367,2.3030468948764367
5867,LiPF6,LiPF6,True,0.0,LiCF3SO3,2.3030468948764367,2.3030468948764367
5868,LiPF6,LiPF6,True,0.0,LiCF3SO3,2.3030468948764367,2.3030468948764367
5869,LiPF6,LiPF6,True,0.0,LiCF3SO3,2.3030468948764367,2.3030468948764367
5870,LiPF6,LiPF6,True,0.0,LiCF3SO3,2.3030468948764367,2.3030468948764367
5871,LiPF6,LiPF6,True,0.0,LiCF3SO3,2.3030468948764367,2.3030468948764367
5872,LiPF6,LiPF6,True,0.0,LiCF3SO3,2.3030468948764367,2.3030468948764367
5873,LiPF6,LiPF6,True,0.0,LiCF3SO3,2.3030468948764367,2.3030468948764367
5874,LiPF6,LiPF6,True,0.0,LiCF3SO3,2.3030468948764367,2.3030468948764367
5875,LiPF6,LiPF6,True,0.0,LiCF3SO3,2.3030468948764367,2.3030468948764367
5876,LiPF6,LiPF6,True,0.0,LiCF3SO3,2.3030468948764367,2.3030468948764367
5877,LiPF6,LiPF6,True,0.0,LiCF3SO3,2.3030468948764367,2.3030468948764367
5878,LiPF6,LiPF6,True,0.0,LiCF3SO3,2.3030468948764367,2.3030468948764367
5879,LiPF6,LiPF6,True,0.0,LiCF3SO3,2.3030468948764367,2.3030468948764367
5880,LiPF6,LiPF6,True,0.0,LiCF3SO3,2.3030468948764367,2.3030468948764367
5881,LiPF6,LiPF6,True,0.0,LiCF3SO3,2.3030468948764367,2.3030468948764367
5882,LiPF6,LiPF6,True,0.0,LiCF3SO3,2.3030468948764367,2.3030468948764367
5883,LiPF6,LiPF6,True,0.0,LiCF3SO3,2.3030468948764367,2.3030468948764367
5884,LiPF6,LiPF6,True,0.0,LiCF3SO3,2.3030468948764367,2.3030468948764367
5885,LiPF6,LiPF6,True,0.0,LiCF3SO3,2.3030468948764367,2.3030468948764367
5886,LiPF6,LiPF6,True,0.0,LiCF3SO3,2.3030468948764367,2.3030468948764367
5887,LiPF6,LiPF6,True,0.0,LiCF3SO3,2.3030468948764367,2.3030468948764367
5888,LiPF6,LiPF6,True,0.0,LiCF3SO3,2.3030468948764367,2.3030468948764367
5889,LiPF6,LiPF6,True,0.0,LiCF3SO3,2.3030468948764367,2.3030468948764367
5890,LiPF6,LiPF6,True,0.0,LiCF3SO3,2.3030468948764367,2.3030468948764367
5891,LiPF6,LiPF6,True,0.0,LiCF3SO3,2.3030468948764367,2.3030468948764367
5892,LiPF6,LiPF6,True,0.0,LiCF3SO3,2.3030468948764367,2.3030468948764367
5893,LiPF6,LiPF6,True,0.0,LiCF3SO3,2.3030468948764367,2.3030468948764367
5894,LiPF6,LiPF6,True,0.0,LiCF3SO3,2.3030468948764367,2.3030468948764367
5895,LiPF6,LiPF6,True,0.0,LiCF3SO3,2.3030468948764367,2.3030468948764367
5896,LiPF6,LiPF6,True,0.0,LiCF3SO3,2.3030468948764367,2.3030468948764367
5897,LiPF6,LiPF6,True,0.0,LiCF3SO3,2.3030468948764367,2.3030468948764367
5898,LiPF6,LiPF6,True,0.0,LiCF3SO3,2.3030468948764367,2.3030468948764367
5899,LiPF6,LiPF6,True,0.0,LiCF3SO3,2.3030468948764367,2.3030468948764367
5900,LiPF6,LiPF6,True,0.0,LiCF3SO3,2.3030468948764367,2.3030468948764367
5901,LiPF6,LiPF6,True,0.0,LiCF3SO3,2.3030468948764367,2.3030468948764367
5902,LiPF6,LiPF6,True,0.0,LiCF3SO3,2.3030468948764367,2.3030468948764367
5903,LiPF6,LiPF6,True,0.0,LiCF3SO3,2.3030468948764367,2.3030468948764367
5904,LiPF6,LiPF6,True,0.0,LiCF3SO3,2.3030468948764367,2.3030468948764367
5905,LiPF6,LiPF6,True,0.0,LiCF3SO3,2.3030468948764367,2.3030468948764367
5906,LiPF6,LiPF6,True,0.0,LiCF3SO3,2.3030468948764367,2.3030468948764367
5907,LiPF6,LiPF6,True,0.0,LiCF3SO3,2.3030468948764367,2.3030468948764367
5908,LiPF6,LiPF6,True,0.0,LiCF3SO3,2.3030468948764367,2.3030468948764367
5909,LiPF6,LiPF6,True,0.0,LiCF3SO3,2.3030468948764367,2.3030468948764367
5910,LiPF6,LiPF6,True,0.0,LiCF3SO3,2.3030468948764367,2.3030468948764367
5911,LiPF6,LiPF6,True,0.0,LiCF3SO3,2.3030468948764367,2.3030468948764367
5912,LiPF6,LiPF6,True,0.0,LiCF3SO3,2.3030468948764367,2.3030468948764367
5913,LiPF6,LiPF6,True,0.0,LiCF3SO3,2.3030468948764367,2.3030468948764367
5914,LiPF6,LiPF6,True,0.0,LiCF3SO3,2.3030468948764367,2.3030468948764367
5915,LiPF6,LiPF6,True,0.0,LiCF3SO3,2.3030468948764367,2.3030468948764367
5916,LiPF6,LiPF6,True,0.0,LiCF3SO3,2.3030468948764367,2.3030468948764367
5917,LiPF6,LiPF6,True,0.0,LiCF3SO3,2.3030468948764367,2.3030468948764367
5918,LiPF6,LiPF6,True,0.0,LiCF3SO3,2.3030468948764367,2.3030468948764367
5919,LiPF6,LiPF6,True,0.0,LiCF3SO3,2.3030468948764367,2.3030468948764367
5920,LiPF6,LiPF6,True,0.0,LiCF3SO3,2.3030468948764367,2.3030468948764367
5921,LiPF6,LiPF6,True,0.0,LiCF3SO3,2.3030468948764367,2.3030468948764367
5922,LiPF6,LiPF6,True,0.0,LiCF3SO3,2.3030468948764367,2.3030468948764367
5923,LiPF6,LiPF6,True,0.0,LiCF3SO3,2.3030468948764367,2.3030468948764367
5924,LiPF6,LiPF6,True,0.0,LiCF3SO3,2.3030468948764367,2.3030468948764367
5925,LiPF6,LiPF6,True,0.0,LiCF3SO3,2.3030468948764367,2.3030468948764367
5926,LiPF6,LiPF6,True,0.0,LiCF3SO3,2.3030468948764367,2.3030468948764367
5927,LiPF6,LiPF6,True,0.0,LiCF3SO3,2.3030468948764367,2.3030468948764367
5928,LiPF6,LiPF6,True,0.0,LiCF3SO3,2.3030468948764367,2.3030468948764367
5929,LiPF6,LiPF6,True,0.0,LiCF3SO3,2.3030468948764367,2.3030468948764367
5930,LiPF6,LiPF6,True,0.0,LiCF3SO3,2.3030468948764367,2.3030468948764367
5931,LiPF6,LiPF6,True,0.0,LiCF3SO3,2.3030468948764367,2.3030468948764367
5932,LiPF6,LiPF6,True,0.0,LiCF3SO3,2.3030468948764367,2.3030468948764367
5933,LiPF6,LiPF6,True,0.0,LiCF3SO3,2.3030468948764367,2.3030468948764367
5934,LiPF6,LiPF6,True,0.0,LiCF3SO3,2.3030468948764367,2.3030468948764367
5935,LiPF6,LiPF6,True,0.0,LiCF3SO3,2.3030468948764367,2.3030468948764367
5936,LiPF6,LiPF6,True,0.0,LiCF3SO3,2.3030468948764367,2.3030468948764367
5937,LiPF6,LiPF6,True,0.0,LiCF3SO3,2.3030468948764367,2.3030468948764367
5938,LiPF6,LiPF6,True,0.0,LiCF3SO3,2.3030468948764367,2.3030468948764367
5939,LiPF6,LiPF6,True,0.0,LiCF3SO3,2.3030468948764367,2.3030468948764367
5940,LiPF6,LiPF6,True,0.0,LiCF3SO3,2.3030468948764367,2.3030468948764367
5941,LiPF6,LiPF6,True,0.0,LiCF3SO3,2.3030468948764367,2.3030468948764367
5942,LiPF6,LiPF6,True,0.0,LiCF3SO3,2.3030468948764367,2.3030468948764367
5943,LiPF6,LiPF6,True,0.0,LiCF3SO3,2.3030468948764367,2.3030468948764367
5944,LiPF6,LiPF6,True,0.0,LiCF3SO3,2.3030468948764367,2.3030468948764367
5945,LiPF6,LiPF6,True,0.0,LiCF3SO3,2.3030468948764367,2.3030468948764367
5946,LiPF6,LiPF6,True,0.0,LiCF3SO3,2.3030468948764367,2.3030468948764367
5947,LiPF6,LiPF6,True,0.0,LiCF3SO3,2.3030468948764367,2.3030468948764367
5948,LiPF6,LiPF6,True,0.0,LiCF3SO3,2.3030468948764367,2.3030468948764367
5949,LiPF6,LiPF6,True,0.0,LiCF3SO3,2.3030468948764367,2.3030468948764367
5950,LiPF6,LiPF6,True,0.0,LiCF3SO3,2.3030468948764367,2.3030468948764367
5951,LiPF6,LiPF6,True,0.0,LiCF3SO3,2.3030468948764367,2.3030468948764367
5952,LiPF6,LiPF6,True,0.0,LiCF3SO3,2.3030468948764367,2.3030468948764367
5953,LiPF6,LiPF6,True,0.0,LiCF3SO3,2.3030468948764367,2.3030468948764367
5954,LiPF6,LiPF6,True,0.0,LiCF3SO3,2.3030468948764367,2.3030468948764367
5955,LiPF6,LiPF6,True,0.0,LiCF3SO3,2.3030468948764367,2.3030468948764367
5956,LiPF6,LiPF6,True,0.0,LiCF3SO3,2.3030468948764367,2.3030468948764367
5957,LiPF6,LiPF6,True,0.0,LiCF3SO3,2.3030468948764367,2.3030468948764367
5958,LiPF6,LiPF6,True,0.0,LiCF3SO3,2.3030468948764367,2.3030468948764367
5959,LiPF6,LiPF6,True,0.0,LiCF3SO3,2.3030468948764367,2.3030468948764367
5960,LiPF6,LiPF6,True,0.0,LiCF3SO3,2.3030468948764367,2.3030468948764367
5961,LiPF6,LiPF6,True,0.0,LiCF3SO3,2.3030468948764367,2.3030468948764367
5962,LiPF6,LiPF6,True,0.0,LiCF3SO3,2.3030468948764367,2.3030468948764367
5963,LiPF6,LiPF6,True,0.0,LiCF3SO3,2.3030468948764367,2.3030468948764367
5964,LiPF6,LiPF6,True,0.0,LiCF3SO3,2.3030468948764367,2.3030468948764367
5965,LiPF6,LiPF6,True,0.0,LiCF3SO3,2.3030468948764367,2.3030468948764367
5966,LiPF6,LiPF6,True,0.0,LiCF3SO3,2.3030468948764367,2.3030468948764367
5967,LiPF6,LiPF6,True,0.0,LiCF3SO3,2.3030468948764367,2.3030468948764367
5968,LiPF6,LiPF6,True,0.0,LiCF3SO3,2.3030468948764367,2.3030468948764367
5969,LiPF6,LiPF6,True,0.0,LiCF3SO3,2.3030468948764367,2.3030468948764367
5970,LiPF6,LiPF6,True,0.0,LiCF3SO3,2.3030468948764367,2.3030468948764367
5971,LiPF6,LiPF6,True,0.0,LiCF3SO3,2.3030468948764367,2.3030468948764367
5972,LiPF6,LiPF6,True,0.0,LiCF3SO3,2.3030468948764367,2.3030468948764367
5973,LiPF6,LiPF6,True,0.0,LiCF3SO3,2.3030468948764367,2.3030468948764367
5974,LiPF6,LiPF6,True,0.0,LiCF3SO3,2.3030468948764367,2.3030468948764367
5975,LiPF6,LiPF6,True,0.0,LiCF3SO3,2.3030468948764367,2.3030468948764367
5976,LiPF6,LiPF6,True,0.0,LiCF3SO3,2.3030468948764367,2.3030468948764367
5977,LiPF6,LiPF6,True,0.0,LiCF3SO3,2.3030468948764367,2.3030468948764367
5978,LiPF6,LiPF6,True,0.0,LiCF3SO3,2.3030468948764367,2.3030468948764367
5979,LiPF6,LiPF6,True,0.0,LiCF3SO3,2.3030468948764367,2.3030468948764367
5980,LiPF6,LiPF6,True,0.0,LiCF3SO3,2.3030468948764367,2.3030468948764367
5981,LiPF6,LiPF6,True,0.0,LiCF3SO3,2.3030468948764367,2.3030468948764367
5982,LiPF6,LiPF6,True,0.0,LiCF3SO3,2.3030468948764367,2.3030468948764367
5983,LiPF6,LiPF6,True,0.0,LiCF3SO3,2.3030468948764367,2.3030468948764367
5984,LiPF6,LiPF6,True,0.0,LiCF3SO3,2.3030468948764367,2.3030468948764367
5985,LiPF6,LiPF6,True,0.0,LiCF3SO3,2.3030468948764367,2.3030468948764367
5986,LiPF6,LiPF6,True,0.0,LiCF3SO3,2.3030468948764367,2.3030468948764367
5987,LiPF6,LiPF6,True,0.0,LiCF3SO3,2.3030468948764367,2.3030468948764367
5988,LiPF6,LiPF6,True,0.0,LiCF3SO3,2.3030468948764367,2.3030468948764367
5989,LiPF6,LiPF6,True,0.0,LiCF3SO3,2.3030468948764367,2.3030468948764367
5990,LiPF6,LiPF6,True,0.0,LiCF3SO3,2.3030468948764367,2.3030468948764367
5991,LiPF6,LiPF6,True,0.0,LiCF3SO3,2.3030468948764367,2.3030468948764367
5992,LiPF6,LiPF6,True,0.0,LiCF3SO3,2.3030468948764367,2.3030468948764367
5993,LiPF6,LiPF6,True,0.0,LiCF3SO3,2.3030468948764367,2.3030468948764367
5994,LiPF6,LiPF6,True,0.0,LiCF3SO3,2.3030468948764367,2.3030468948764367
5995,LiPF6,LiPF6,True,0.0,LiCF3SO3,2.3030468948764367,2.3030468948764367
5996,LiPF6,LiPF6,True,0.0,LiCF3SO3,2.3030468948764367,2.3030468948764367
5997,LiPF6,LiPF6,True,0.0,LiCF3SO3,2.3030468948764367,2.3030468948764367
5998,LiPF6,LiPF6,True,0.0,LiCF3SO3,2.3030468948764367,2.3030468948764367
5999,LiPF6,LiPF6,True,0.0,LiCF3SO3,2.3030468948764367,2.3030468948764367
6000,LiPF6,LiPF6,True,0.0,LiCF3SO3,2.3030468948764367,2.3030468948764367
6001,LiPF6,LiPF6,True,0.0,LiCF3SO3,2.3030468948764367,2.3030468948764367
6002,LiPF6,LiPF6,True,0.0,LiCF3SO3,2.3030468948764367,2.3030468948764367
6003,LiPF6,LiPF6,True,0.0,LiCF3SO3,2.3030468948764367,2.3030468948764367
6004,LiPF6,LiPF6,True,0.0,LiCF3SO3,2.3030468948764367,2.3030468948764367
6005,LiPF6,LiPF6,True,0.0,LiCF3SO3,2.3030468948764367,2.3030468948764367
6006,LiPF6,LiPF6,True,0.0,LiCF3SO3,2.3030468948764367,2.3030468948764367
6007,LiPF6,LiPF6,True,0.0,LiCF3SO3,2.3030468948764367,2.3030468948764367
6008,LiPF6,LiPF6,True,0.0,LiCF3SO3,2.3030468948764367,2.3030468948764367
6009,LiPF6,LiPF6,True,0.0,LiCF3SO3,2.3030468948764367,2.3030468948764367
6010,LiPF6,LiPF6,True,0.0,LiCF3SO3,2.3030468948764367,2.3030468948764367
6011,LiPF6,LiPF6,True,0.0,LiCF3SO3,2.3030468948764367,2.3030468948764367
6012,LiPF6,LiPF6,True,0.0,LiCF3SO3,2.3030468948764367,2.3030468948764367
6013,LiPF6,LiPF6,True,0.0,LiCF3SO3,2.3030468948764367,2.3030468948764367
6014,LiPF6,LiPF6,True,0.0,LiCF3SO3,2.3030468948764367,2.3030468948764367
6015,LiPF6,LiPF6,True,0.0,LiCF3SO3,2.3030468948764367,2.3030468948764367
6016,LiPF6,LiPF6,True,0.0,LiCF3SO3,2.3030468948764367,2.3030468948764367
6017,LiPF6,LiPF6,True,0.0,LiCF3SO3,2.3030468948764367,2.3030468948764367
6018,LiPF6,LiPF6,True,0.0,LiCF3SO3,2.3030468948764367,2.3030468948764367
6019,LiPF6,LiPF6,True,0.0,LiCF3SO3,2.3030468948764367,2.3030468948764367
6020,LiPF6,LiPF6,True,0.0,LiCF3SO3,2.3030468948764367,2.3030468948764367
6021,LiPF6,LiPF6,True,0.0,LiCF3SO3,2.3030468948764367,2.3030468948764367
6022,LiPF6,LiPF6,True,0.0,LiCF3SO3,2.3030468948764367,2.3030468948764367
6023,LiPF6,LiPF6,True,0.0,LiCF3SO3,2.3030468948764367,2.3030468948764367
6024,LiPF6,LiPF6,True,0.0,LiCF3SO3,2.3030468948764367,2.3030468948764367
6025,LiPF6,LiPF6,True,0.0,LiCF3SO3,2.3030468948764367,2.3030468948764367
6026,LiPF6,LiPF6,True,0.0,LiCF3SO3,2.3030468948764367,2.3030468948764367
6027,LiPF6,LiPF6,True,0.0,LiCF3SO3,2.3030468948764367,2.3030468948764367
6028,LiPF6,LiPF6,True,0.0,LiCF3SO3,2.3030468948764367,2.3030468948764367
6029,LiPF6,LiPF6,True,0.0,LiCF3SO3,2.3030468948764367,2.3030468948764367
6030,LiPF6,LiPF6,True,0.0,LiCF3SO3,2.3030468948764367,2.3030468948764367
6031,LiPF6,LiPF6,True,0.0,LiCF3SO3,2.3030468948764367,2.3030468948764367
6032,LiPF6,LiPF6,True,0.0,LiCF3SO3,2.3030468948764367,2.3030468948764367
6033,LiPF6,LiPF6,True,0.0,LiCF3SO3,2.3030468948764367,2.3030468948764367
6034,LiPF6,LiPF6,True,0.0,LiCF3SO3,2.3030468948764367,2.3030468948764367
6035,LiPF6,LiPF6,True,0.0,LiCF3SO3,2.3030468948764367,2.3030468948764367
6036,LiPF6,LiPF6,True,0.0,LiCF3SO3,2.3030468948764367,2.3030468948764367
6037,LiPF6,LiPF6,True,0.0,LiCF3SO3,2.3030468948764367,2.3030468948764367
6038,LiPF6,LiPF6,True,0.0,LiCF3SO3,2.3030468948764367,2.3030468948764367
6039,LiPF6,LiPF6,True,0.0,LiCF3SO3,2.3030468948764367,2.3030468948764367
6040,LiPF6,LiPF6,True,0.0,LiCF3SO3,2.3030468948764367,2.3030468948764367
6041,LiPF6,LiPF6,True,0.0,LiCF3SO3,2.3030468948764367,2.3030468948764367
6042,LiPF6,LiPF6,True,0.0,LiCF3SO3,2.3030468948764367,2.3030468948764367
6043,LiPF6,LiPF6,True,0.0,LiCF3SO3,2.3030468948764367,2.3030468948764367
6044,LiPF6,LiPF6,True,0.0,LiCF3SO3,2.3030468948764367,2.3030468948764367
6045,LiPF6,LiPF6,True,0.0,LiCF3SO3,2.3030468948764367,2.3030468948764367
6046,LiPF6,LiPF6,True,0.0,LiCF3SO3,2.3030468948764367,2.3030468948764367
6047,LiPF6,LiPF6,True,0.0,LiCF3SO3,2.3030468948764367,2.3030468948764367
6048,LiPF6,LiPF6,True,0.0,LiCF3SO3,2.3030468948764367,2.3030468948764367
6049,LiPF6,LiPF6,True,0.0,LiCF3SO3,2.3030468948764367,2.3030468948764367
6050,LiPF6,LiPF6,True,0.0,LiCF3SO3,2.3030468948764367,2.3030468948764367
6051,LiPF6,LiPF6,True,0.0,LiCF3SO3,2.3030468948764367,2.3030468948764367
6052,LiPF6,LiPF6,True,0.0,LiCF3SO3,2.3030468948764367,2.3030468948764367
6053,LiPF6,LiPF6,True,0.0,LiCF3SO3,2.3030468948764367,2.3030468948764367
6054,LiPF6,LiPF6,True,0.0,LiCF3SO3,2.3030468948764367,2.3030468948764367
6055,LiPF6,LiPF6,True,0.0,LiCF3SO3,2.3030468948764367,2.3030468948764367
6056,LiPF6,LiPF6,True,0.0,LiCF3SO3,2.3030468948764367,2.3030468948764367
6057,LiPF6,LiPF6,True,0.0,LiCF3SO3,2.3030468948764367,2.3030468948764367
6058,LiPF6,LiPF6,True,0.0,LiCF3SO3,2.3030468948764367,2.3030468948764367
6059,LiPF6,LiPF6,True,0.0,LiCF3SO3,2.3030468948764367,2.3030468948764367
6060,LiPF6,LiPF6,True,0.0,LiCF3SO3,2.3030468948764367,2.3030468948764367
6061,LiPF6,LiPF6,True,0.0,LiCF3SO3,2.3030468948764367,2.3030468948764367
6062,LiPF6,LiPF6,True,0.0,LiCF3SO3,2.3030468948764367,2.3030468948764367
6063,LiPF6,LiPF6,True,0.0,LiCF3SO3,2.3030468948764367,2.3030468948764367
6064,LiPF6,LiPF6,True,0.0,LiCF3SO3,2.3030468948764367,2.3030468948764367
6065,LiPF6,LiPF6,True,0.0,LiCF3SO3,2.3030468948764367,2.3030468948764367
6066,LiPF6,LiPF6,True,0.0,LiCF3SO3,2.3030468948764367,2.3030468948764367
6067,LiPF6,LiPF6,True,0.0,LiCF3SO3,2.3030468948764367,2.3030468948764367
6068,LiPF6,LiPF6,True,0.0,LiCF3SO3,2.3030468948764367,2.3030468948764367
6069,LiPF6,LiPF6,True,0.0,LiCF3SO3,2.3030468948764367,2.3030468948764367
6070,LiPF6,LiPF6,True,0.0,LiCF3SO3,2.3030468948764367,2.3030468948764367
6071,LiPF6,LiPF6,True,0.0,LiCF3SO3,2.3030468948764367,2.3030468948764367
6072,LiPF6,LiPF6,True,0.0,LiCF3SO3,2.3030468948764367,2.3030468948764367
6073,LiPF6,LiPF6,True,0.0,LiCF3SO3,2.3030468948764367,2.3030468948764367
6074,LiPF6,LiPF6,True,0.0,LiCF3SO3,2.3030468948764367,2.3030468948764367
6075,LiPF6,LiPF6,True,0.0,LiCF3SO3,2.3030468948764367,2.3030468948764367
6076,LiPF6,LiPF6,True,0.0,LiCF3SO3,2.3030468948764367,2.3030468948764367
6077,LiPF6,LiPF6,True,0.0,LiCF3SO3,2.3030468948764367,2.3030468948764367
6078,LiPF6,LiPF6,True,0.0,LiCF3SO3,2.3030468948764367,2.3030468948764367
6079,LiPF6,LiPF6,True,0.0,LiCF3SO3,2.3030468948764367,2.3030468948764367
6080,LiPF6,LiPF6,True,0.0,LiCF3SO3,2.3030468948764367,2.3030468948764367
6081,LiPF6,LiPF6,True,0.0,LiCF3SO3,2.3030468948764367,2.3030468948764367
6082,LiPF6,LiPF6,True,0.0,LiCF3SO3,2.3030468948764367,2.3030468948764367
6083,LiPF6,LiPF6,True,0.0,LiCF3SO3,2.3030468948764367,2.3030468948764367
6084,LiPF6,LiPF6,True,0.0,LiCF3SO3,2.3030468948764367,2.3030468948764367
6085,LiPF6,LiPF6,True,0.0,LiCF3SO3,2.3030468948764367,2.3030468948764367
6086,LiPF6,LiPF6,True,0.0,LiCF3SO3,2.3030468948764367,2.3030468948764367
6087,LiPF6,LiPF6,True,0.0,LiCF3SO3,2.3030468948764367,2.3030468948764367
6088,LiPF6,LiPF6,True,0.0,LiCF3SO3,2.3030468948764367,2.3030468948764367
6089,LiPF6,LiPF6,True,0.0,LiCF3SO3,2.3030468948764367,2.3030468948764367
6090,LiPF6,LiPF6,True,0.0,LiCF3SO3,2.3030468948764367,2.3030468948764367
6091,LiPF6,LiPF6,True,0.0,LiCF3SO3,2.3030468948764367,2.3030468948764367
6092,LiPF6,LiPF6,True,0.0,LiCF3SO3,2.3030468948764367,2.3030468948764367
6093,LiPF6,LiPF6,True,0.0,LiCF3SO3,2.3030468948764367,2.3030468948764367
6094,LiPF6,LiPF6,True,0.0,LiCF3SO3,2.3030468948764367,2.3030468948764367
6095,LiPF6,LiPF6,True,0.0,LiCF3SO3,2.3030468948764367,2.3030468948764367
6096,LiPF6,LiPF6,True,0.0,LiCF3SO3,2.3030468948764367,2.3030468948764367
6097,LiPF6,LiPF6,True,0.0,LiCF3SO3,2.3030468948764367,2.3030468948764367
6098,LiPF6,LiPF6,True,0.0,LiCF3SO3,2.3030468948764367,2.3030468948764367
6099,LiPF6,LiPF6,True,0.0,LiCF3SO3,2.3030468948764367,2.3030468948764367
6100,LiPF6,LiPF6,True,0.0,LiCF3SO3,2.3030468948764367,2.3030468948764367
6101,LiPF6,LiPF6,True,0.0,LiCF3SO3,2.3030468948764367,2.3030468948764367
6102,LiPF6,LiPF6,True,0.0,LiCF3SO3,2.3030468948764367,2.3030468948764367
6103,LiPF6,LiPF6,True,0.0,LiCF3SO3,2.3030468948764367,2.3030468948764367
6104,LiPF6,LiPF6,True,0.0,LiCF3SO3,2.3030468948764367,2.3030468948764367
6105,LiPF6,LiPF6,True,0.0,LiCF3SO3,2.3030468948764367,2.3030468948764367
6106,LiPF6,LiPF6,True,0.0,LiCF3SO3,2.3030468948764367,2.3030468948764367
6107,LiPF6,LiPF6,True,0.0,LiCF3SO3,2.3030468948764367,2.3030468948764367
6108,LiPF6,LiPF6,True,0.0,LiCF3SO3,2.3030468948764367,2.3030468948764367
6109,LiPF6,LiPF6,True,0.0,LiCF3SO3,2.3030468948764367,2.3030468948764367
6110,LiPF6,LiPF6,True,0.0,LiCF3SO3,2.3030468948764367,2.3030468948764367
6111,LiPF6,LiPF6,True,0.0,LiCF3SO3,2.3030468948764367,2.3030468948764367
6112,LiPF6,LiPF6,True,0.0,LiCF3SO3,2.3030468948764367,2.3030468948764367
6113,LiPF6,LiPF6,True,0.0,LiCF3SO3,2.3030468948764367,2.3030468948764367
6114,LiPF6,LiPF6,True,0.0,LiCF3SO3,2.3030468948764367,2.3030468948764367
6115,LiPF6,LiPF6,True,0.0,LiCF3SO3,2.3030468948764367,2.3030468948764367
6116,LiPF6,LiPF6,True,0.0,LiCF3SO3,2.3030468948764367,2.3030468948764367
6117,LiPF6,LiPF6,True,0.0,LiCF3SO3,2.3030468948764367,2.3030468948764367
6118,LiPF6,LiPF6,True,0.0,LiCF3SO3,2.3030468948764367,2.3030468948764367
6119,LiPF6,LiPF6,True,0.0,LiCF3SO3,2.3030468948764367,2.3030468948764367
6120,LiPF6,LiPF6,True,0.0,LiCF3SO3,2.3030468948764367,2.3030468948764367
6121,LiPF6,LiPF6,True,0.0,LiCF3SO3,2.3030468948764367,2.3030468948764367
6122,LiPF6,LiPF6,True,0.0,LiCF3SO3,2.3030468948764367,2.3030468948764367
6123,LiPF6,LiPF6,True,0.0,LiCF3SO3,2.3030468948764367,2.3030468948764367
6124,LiPF6,LiPF6,True,0.0,LiCF3SO3,2.3030468948764367,2.3030468948764367
6125,LiPF6,LiPF6,True,0.0,LiCF3SO3,2.3030468948764367,2.3030468948764367
6126,LiPF6,LiPF6,True,0.0,LiCF3SO3,2.3030468948764367,2.3030468948764367
6127,LiPF6,LiPF6,True,0.0,LiCF3SO3,2.3030468948764367,2.3030468948764367
6128,LiPF6,LiPF6,True,0.0,LiCF3SO3,2.3030468948764367,2.3030468948764367
6129,LiPF6,LiPF6,True,0.0,LiCF3SO3,2.3030468948764367,2.3030468948764367
6130,LiPF6,LiPF6,True,0.0,LiCF3SO3,2.3030468948764367,2.3030468948764367
6131,LiPF6,LiPF6,True,0.0,LiCF3SO3,2.3030468948764367,2.3030468948764367
6132,LiPF6,LiPF6,True,0.0,LiCF3SO3,2.3030468948764367,2.3030468948764367
6133,LiPF6,LiPF6,True,0.0,LiCF3SO3,2.3030468948764367,2.3030468948764367
6134,LiPF6,LiPF6,True,0.0,LiCF3SO3,2.3030468948764367,2.3030468948764367
6135,LiPF6,LiPF6,True,0.0,LiCF3SO3,2.3030468948764367,2.3030468948764367
6136,LiPF6,LiPF6,True,0.0,LiCF3SO3,2.3030468948764367,2.3030468948764367
6137,LiPF6,LiPF6,True,0.0,LiCF3SO3,2.3030468948764367,2.3030468948764367
6138,LiPF6,LiPF6,True,0.0,LiCF3SO3,2.3030468948764367,2.3030468948764367
6139,LiPF6,LiPF6,True,0.0,LiCF3SO3,2.3030468948764367,2.3030468948764367
6140,LiPF6,LiPF6,True,0.0,LiCF3SO3,2.3030468948764367,2.3030468948764367
6141,LiPF6,LiPF6,True,0.0,LiCF3SO3,2.3030468948764367,2.3030468948764367
6142,LiPF6,LiPF6,True,0.0,LiCF3SO3,2.3030468948764367,2.3030468948764367
6143,LiPF6,LiPF6,True,0.0,LiCF3SO3,2.3030468948764367,2.3030468948764367
6144,LiPF6,LiPF6,True,0.0,LiCF3SO3,2.3030468948764367,2.3030468948764367
6145,LiPF6,LiPF6,True,0.0,LiCF3SO3,2.3030468948764367,2.3030468948764367
6146,LiPF6,LiPF6,True,0.0,LiCF3SO3,2.3030468948764367,2.3030468948764367
6147,LiPF6,LiPF6,True,0.0,LiCF3SO3,2.3030468948764367,2.3030468948764367
6148,LiPF6,LiPF6,True,0.0,LiCF3SO3,2.3030468948764367,2.3030468948764367
6149,LiPF6,LiPF6,True,0.0,LiCF3SO3,2.3030468948764367,2.3030468948764367
6150,LiPF6,LiPF6,True,0.0,LiCF3SO3,2.3030468948764367,2.3030468948764367
6151,LiPF6,LiPF6,True,0.0,LiCF3SO3,2.3030468948764367,2.3030468948764367
6152,LiPF6,LiPF6,True,0.0,LiCF3SO3,2.3030468948764367,2.3030468948764367
6153,LiPF6,LiPF6,True,0.0,LiCF3SO3,2.3030468948764367,2.3030468948764367
6154,LiPF6,LiPF6,True,0.0,LiCF3SO3,2.3030468948764367,2.3030468948764367
6155,LiPF6,LiPF6,True,0.0,LiCF3SO3,2.3030468948764367,2.3030468948764367
6156,LiPF6,LiPF6,True,0.0,LiCF3SO3,2.3030468948764367,2.3030468948764367
6157,LiPF6,LiPF6,True,0.0,LiCF3SO3,2.3030468948764367,2.3030468948764367
6158,LiPF6,LiPF6,True,0.0,LiCF3SO3,2.3030468948764367,2.3030468948764367
6159,LiPF6,LiPF6,True,0.0,LiCF3SO3,2.3030468948764367,2.3030468948764367
6160,LiPF6,LiPF6,True,0.0,LiCF3SO3,2.3030468948764367,2.3030468948764367
6161,LiPF6,LiPF6,True,0.0,LiCF3SO3,2.3030468948764367,2.3030468948764367
6162,LiPF6,LiPF6,True,0.0,LiCF3SO3,2.3030468948764367,2.3030468948764367
6163,LiPF6,LiPF6,True,0.0,LiCF3SO3,2.3030468948764367,2.3030468948764367
6164,LiPF6,LiPF6,True,0.0,LiCF3SO3,2.3030468948764367,2.3030468948764367
6165,LiPF6,LiPF6,True,0.0,LiCF3SO3,2.3030468948764367,2.3030468948764367
6166,LiPF6,LiPF6,True,0.0,LiCF3SO3,2.3030468948764367,2.3030468948764367
6167,LiPF6,LiPF6,True,0.0,LiCF3SO3,2.3030468948764367,2.3030468948764367
6168,LiPF6,LiPF6,True,0.0,LiCF3SO3,2.3030468948764367,2.3030468948764367
6169,LiPF6,LiPF6,True,0.0,LiCF3SO3,2.3030468948764367,2.3030468948764367
6170,LiPF6,LiPF6,True,0.0,LiCF3SO3,2.3030468948764367,2.3030468948764367
6171,LiPF6,LiPF6,True,0.0,LiCF3SO3,2.3030468948764367,2.3030468948764367
6172,LiPF6,LiPF6,True,0.0,LiCF3SO3,2.3030468948764367,2.3030468948764367
6173,LiPF6,LiPF6,True,0.0,LiCF3SO3,2.3030468948764367,2.3030468948764367
6174,LiPF6,LiPF6,True,0.0,LiCF3SO3,2.3030468948764367,2.3030468948764367
6175,LiPF6,LiPF6,True,0.0,LiCF3SO3,2.3030468948764367,2.3030468948764367
6176,LiPF6,LiPF6,True,0.0,LiCF3SO3,2.3030468948764367,2.3030468948764367
6177,LiPF6,LiPF6,True,0.0,LiCF3SO3,2.3030468948764367,2.3030468948764367
6178,LiPF6,LiPF6,True,0.0,LiCF3SO3,2.3030468948764367,2.3030468948764367
6179,LiPF6,LiPF6,True,0.0,LiCF3SO3,2.3030468948764367,2.3030468948764367
6180,LiPF6,LiPF6,True,0.0,LiCF3SO3,2.3030468948764367,2.3030468948764367
6181,LiPF6,LiPF6,True,0.0,LiCF3SO3,2.3030468948764367,2.3030468948764367
6182,LiPF6,LiPF6,True,0.0,LiCF3SO3,2.3030468948764367,2.3030468948764367
6183,LiPF6,LiPF6,True,0.0,LiCF3SO3,2.3030468948764367,2.3030468948764367
6184,LiPF6,LiPF6,True,0.0,LiCF3SO3,2.3030468948764367,2.3030468948764367
6185,LiPF6,LiPF6,True,0.0,LiCF3SO3,2.3030468948764367,2.3030468948764367
6186,LiPF6,LiPF6,True,0.0,LiCF3SO3,2.3030468948764367,2.3030468948764367
6187,LiPF6,LiPF6,True,0.0,LiCF3SO3,2.3030468948764367,2.3030468948764367
6188,LiPF6,LiPF6,True,0.0,LiCF3SO3,2.3030468948764367,2.3030468948764367
6189,LiPF6,LiPF6,True,0.0,LiCF3SO3,2.3030468948764367,2.3030468948764367
6190,LiPF6,LiPF6,True,0.0,LiCF3SO3,2.3030468948764367,2.3030468948764367
6191,LiPF6,LiPF6,True,0.0,LiCF3SO3,2.3030468948764367,2.3030468948764367
6192,LiPF6,LiPF6,True,0.0,LiCF3SO3,2.3030468948764367,2.3030468948764367
6193,LiPF6,LiPF6,True,0.0,LiCF3SO3,2.3030468948764367,2.3030468948764367
6194,LiPF6,LiPF6,True,0.0,LiCF3SO3,2.3030468948764367,2.3030468948764367
6195,LiPF6,LiPF6,True,0.0,LiCF3SO3,2.3030468948764367,2.3030468948764367
6196,LiPF6,LiPF6,True,0.0,LiCF3SO3,2.3030468948764367,2.3030468948764367
6197,LiPF6,LiPF6,True,0.0,LiCF3SO3,2.3030468948764367,2.3030468948764367
6198,LiPF6,LiPF6,True,0.0,LiCF3SO3,2.3030468948764367,2.3030468948764367
6199,LiPF6,LiPF6,True,0.0,LiCF3SO3,2.3030468948764367,2.3030468948764367
6200,LiPF6,LiPF6,True,0.0,LiCF3SO3,2.3030468948764367,2.3030468948764367
6201,LiPF6,LiPF6,True,0.0,LiCF3SO3,2.3030468948764367,2.3030468948764367
6202,LiPF6,LiPF6,True,0.0,LiCF3SO3,2.3030468948764367,2.3030468948764367
6203,LiPF6,LiPF6,True,0.0,LiCF3SO3,2.3030468948764367,2.3030468948764367
6204,LiPF6,LiPF6,True,0.0,LiCF3SO3,2.3030468948764367,2.3030468948764367
6205,LiPF6,LiPF6,True,0.0,LiCF3SO3,2.3030468948764367,2.3030468948764367
6206,LiPF6,LiPF6,True,0.0,LiCF3SO3,2.3030468948764367,2.3030468948764367
6207,LiPF6,LiPF6,True,0.0,LiCF3SO3,2.3030468948764367,2.3030468948764367
6208,LiPF6,LiPF6,True,0.0,LiCF3SO3,2.3030468948764367,2.3030468948764367
6209,LiPF6,LiPF6,True,0.0,LiCF3SO3,2.3030468948764367,2.3030468948764367
6210,LiPF6,LiPF6,True,0.0,LiCF3SO3,2.3030468948764367,2.3030468948764367
6211,LiPF6,LiPF6,True,0.0,LiCF3SO3,2.3030468948764367,2.3030468948764367
6212,LiPF6,LiPF6,True,0.0,LiCF3SO3,2.3030468948764367,2.3030468948764367
6213,LiPF6,LiPF6,True,0.0,LiCF3SO3,2.3030468948764367,2.3030468948764367
6214,LiPF6,LiPF6,True,0.0,LiCF3SO3,2.3030468948764367,2.3030468948764367
6215,LiPF6,LiPF6,True,0.0,LiCF3SO3,2.3030468948764367,2.3030468948764367
6216,LiPF6,LiPF6,True,0.0,LiCF3SO3,2.3030468948764367,2.3030468948764367
6217,LiPF6,LiPF6,True,0.0,LiCF3SO3,2.3030468948764367,2.3030468948764367
6218,LiPF6,LiPF6,True,0.0,LiCF3SO3,2.3030468948764367,2.3030468948764367
6219,LiPF6,LiPF6,True,0.0,LiCF3SO3,2.3030468948764367,2.3030468948764367
6220,LiPF6,LiPF6,True,0.0,LiCF3SO3,2.3030468948764367,2.3030468948764367
6221,LiPF6,LiPF6,True,0.0,LiCF3SO3,2.3030468948764367,2.3030468948764367
6222,LiPF6,LiPF6,True,0.0,LiCF3SO3,2.3030468948764367,2.3030468948764367
6223,LiPF6,LiPF6,True,0.0,LiCF3SO3,2.3030468948764367,2.3030468948764367
6224,LiPF6,LiPF6,True,0.0,LiCF3SO3,2.3030468948764367,2.3030468948764367
6225,LiPF6,LiPF6,True,0.0,LiCF3SO3,2.3030468948764367,2.3030468948764367
6226,LiPF6,LiPF6,True,0.0,LiCF3SO3,2.3030468948764367,2.3030468948764367
6227,LiPF6,LiPF6,True,0.0,LiCF3SO3,2.3030468948764367,2.3030468948764367
6228,LiPF6,LiPF6,True,0.0,LiCF3SO3,2.3030468948764367,2.3030468948764367
6229,LiPF6,LiPF6,True,0.0,LiCF3SO3,2.3030468948764367,2.3030468948764367
6230,LiPF6,LiPF6,True,0.0,LiCF3SO3,2.3030468948764367,2.3030468948764367
6231,LiPF6,LiPF6,True,0.0,LiCF3SO3,2.3030468948764367,2.3030468948764367
6232,LiPF6,LiPF6,True,0.0,LiCF3SO3,2.3030468948764367,2.3030468948764367
6233,LiPF6,LiPF6,True,0.0,LiCF3SO3,2.3030468948764367,2.3030468948764367
6234,LiPF6,LiPF6,True,0.0,LiCF3SO3,2.3030468948764367,2.3030468948764367
6235,LiPF6,LiPF6,True,0.0,LiCF3SO3,2.3030468948764367,2.3030468948764367
6236,LiPF6,LiPF6,True,0.0,LiCF3SO3,2.3030468948764367,2.3030468948764367
6237,LiPF6,LiPF6,True,0.0,LiCF3SO3,2.3030468948764367,2.3030468948764367
6238,LiPF6,LiPF6,True,0.0,LiCF3SO3,2.3030468948764367,2.3030468948764367
6239,LiPF6,LiPF6,True,0.0,LiCF3SO3,2.3030468948764367,2.3030468948764367
6240,LiPF6,LiPF6,True,0.0,LiCF3SO3,2.3030468948764367,2.3030468948764367
6241,LiPF6,LiPF6,True,0.0,LiCF3SO3,2.3030468948764367,2.3030468948764367
6242,LiPF6,LiPF6,True,0.0,LiCF3SO3,2.3030468948764367,2.3030468948764367
6243,LiPF6,LiPF6,True,0.0,LiCF3SO3,2.3030468948764367,2.3030468948764367
6244,LiPF6,LiPF6,True,0.0,LiCF3SO3,2.3030468948764367,2.3030468948764367
6245,LiPF6,LiPF6,True,0.0,LiCF3SO3,2.3030468948764367,2.3030468948764367
6246,LiPF6,LiPF6,True,0.0,LiCF3SO3,2.3030468948764367,2.3030468948764367
6247,LiPF6,LiPF6,True,0.0,LiCF3SO3,2.3030468948764367,2.3030468948764367
6248,LiPF6,LiPF6,True,0.0,LiCF3SO3,2.3030468948764367,2.3030468948764367
6249,LiPF6,LiPF6,True,0.0,LiCF3SO3,2.3030468948764367,2.3030468948764367
6250,LiPF6,LiPF6,True,0.0,LiCF3SO3,2.3030468948764367,2.3030468948764367
6251,LiPF6,LiPF6,True,0.0,LiCF3SO3,2.3030468948764367,2.3030468948764367
6252,LiPF6,LiPF6,True,0.0,LiCF3SO3,2.3030468948764367,2.3030468948764367
6253,LiPF6,LiPF6,True,0.0,LiCF3SO3,2.3030468948764367,2.3030468948764367
6254,LiPF6,LiPF6,True,0.0,LiCF3SO3,2.3030468948764367,2.3030468948764367
6255,LiPF6,LiPF6,True,0.0,LiCF3SO3,2.3030468948764367,2.3030468948764367
6256,LiPF6,LiPF6,True,0.0,LiCF3SO3,2.3030468948764367,2.3030468948764367
6257,LiPF6,LiPF6,True,0.0,LiCF3SO3,2.3030468948764367,2.3030468948764367
6258,LiPF6,LiPF6,True,0.0,LiCF3SO3,2.3030468948764367,2.3030468948764367
6259,LiPF6,LiPF6,True,0.0,LiCF3SO3,2.3030468948764367,2.3030468948764367
6260,LiPF6,LiPF6,True,0.0,LiCF3SO3,2.3030468948764367,2.3030468948764367
6261,LiPF6,LiPF6,True,0.0,LiCF3SO3,2.3030468948764367,2.3030468948764367
6262,LiPF6,LiPF6,True,0.0,LiCF3SO3,2.3030468948764367,2.3030468948764367
6263,LiPF6,LiPF6,True,0.0,LiCF3SO3,2.3030468948764367,2.3030468948764367
6264,LiPF6,LiPF6,True,0.0,LiCF3SO3,2.3030468948764367,2.3030468948764367
6265,LiPF6,LiPF6,True,0.0,LiCF3SO3,2.3030468948764367,2.3030468948764367
6266,LiPF6,LiPF6,True,0.0,LiCF3SO3,2.3030468948764367,2.3030468948764367
6267,LiPF6,LiPF6,True,0.0,LiCF3SO3,2.3030468948764367,2.3030468948764367
6268,LiPF6,LiPF6,True,0.0,LiCF3SO3,2.3030468948764367,2.3030468948764367
6269,LiPF6,LiPF6,True,0.0,LiCF3SO3,2.3030468948764367,2.3030468948764367
6270,LiPF6,LiPF6,True,0.0,LiCF3SO3,2.3030468948764367,2.3030468948764367
6271,LiPF6,LiPF6,True,0.0,LiCF3SO3,2.3030468948764367,2.3030468948764367
6272,LiPF6,LiPF6,True,0.0,LiCF3SO3,2.3030468948764367,2.3030468948764367
6273,LiPF6,LiPF6,True,0.0,LiCF3SO3,2.3030468948764367,2.3030468948764367
6274,LiPF6,LiPF6,True,0.0,LiCF3SO3,2.3030468948764367,2.3030468948764367
6275,LiPF6,LiPF6,True,0.0,LiCF3SO3,2.3030468948764367,2.3030468948764367
6276,LiPF6,LiPF6,True,0.0,LiCF3SO3,2.3030468948764367,2.3030468948764367
6277,LiPF6,LiPF6,True,0.0,LiCF3SO3,2.3030468948764367,2.3030468948764367
6278,LiPF6,LiPF6,True,0.0,LiCF3SO3,2.3030468948764367,2.3030468948764367
6279,LiPF6,LiPF6,True,0.0,LiCF3SO3,2.3030468948764367,2.3030468948764367
6280,LiPF6,LiPF6,True,0.0,LiCF3SO3,2.3030468948764367,2.3030468948764367
6281,LiPF6,LiPF6,True,0.0,LiCF3SO3,2.3030468948764367,2.3030468948764367
6282,LiPF6,LiPF6,True,0.0,LiCF3SO3,2.3030468948764367,2.3030468948764367
6283,LiPF6,LiPF6,True,0.0,LiCF3SO3,2.3030468948764367,2.3030468948764367
6284,LiPF6,LiPF6,True,0.0,LiCF3SO3,2.3030468948764367,2.3030468948764367
6285,LiPF6,LiPF6,True,0.0,LiCF3SO3,2.3030468948764367,2.3030468948764367
6286,LiPF6,LiPF6,True,0.0,LiCF3SO3,2.3030468948764367,2.3030468948764367
6287,LiPF6,LiPF6,True,0.0,LiCF3SO3,2.3030468948764367,2.3030468948764367
6288,LiPF6,LiPF6,True,0.0,LiCF3SO3,2.3030468948764367,2.3030468948764367
6289,LiPF6,LiPF6,True,0.0,LiCF3SO3,2.3030468948764367,2.3030468948764367
6290,LiPF6,LiPF6,True,0.0,LiCF3SO3,2.3030468948764367,2.3030468948764367
6291,LiPF6,LiPF6,True,0.0,LiCF3SO3,2.3030468948764367,2.3030468948764367
6292,LiPF6,LiPF6,True,0.0,LiCF3SO3,2.3030468948764367,2.3030468948764367
6293,LiPF6,LiPF6,True,0.0,LiCF3SO3,2.3030468948764367,2.3030468948764367
6294,LiPF6,LiPF6,True,0.0,LiCF3SO3,2.3030468948764367,2.3030468948764367
6295,LiPF6,LiPF6,True,0.0,LiCF3SO3,2.3030468948764367,2.3030468948764367
6296,LiPF6,LiPF6,True,0.0,LiCF3SO3,2.3030468948764367,2.3030468948764367
6297,LiPF6,LiPF6,True,0.0,LiCF3SO3,2.3030468948764367,2.3030468948764367
6298,LiPF6,LiPF6,True,0.0,LiCF3SO3,2.3030468948764367,2.3030468948764367
6299,LiPF6,LiPF6,True,0.0,LiCF3SO3,2.3030468948764367,2.3030468948764367
6300,LiPF6,LiPF6,True,0.0,LiCF3SO3,2.3030468948764367,2.3030468948764367
6301,LiPF6,LiPF6,True,0.0,LiCF3SO3,2.3030468948764367,2.3030468948764367
6302,LiPF6,LiPF6,True,0.0,LiCF3SO3,2.3030468948764367,2.3030468948764367
6303,LiPF6,LiPF6,True,0.0,LiCF3SO3,2.3030468948764367,2.3030468948764367
6304,LiPF6,LiPF6,True,0.0,LiCF3SO3,2.3030468948764367,2.3030468948764367
6305,LiPF6,LiPF6,True,0.0,LiCF3SO3,2.3030468948764367,2.3030468948764367
6306,LiPF6,LiPF6,True,0.0,LiCF3SO3,2.3030468948764367,2.3030468948764367
6307,LiPF6,LiPF6,True,0.0,LiCF3SO3,2.3030468948764367,2.3030468948764367
6308,LiPF6,LiPF6,True,0.0,LiCF3SO3,2.3030468948764367,2.3030468948764367
6309,LiPF6,LiPF6,True,0.0,LiCF3SO3,2.3030468948764367,2.3030468948764367
6310,LiPF6,LiPF6,True,0.0,LiCF3SO3,2.3030468948764367,2.3030468948764367
6311,LiPF6,LiPF6,True,0.0,LiCF3SO3,2.3030468948764367,2.3030468948764367
6312,LiPF6,LiPF6,True,0.0,LiCF3SO3,2.3030468948764367,2.3030468948764367
6313,LiPF6,LiPF6,True,0.0,LiCF3SO3,2.3030468948764367,2.3030468948764367
6314,LiPF6,LiPF6,True,0.0,LiCF3SO3,2.3030468948764367,2.3030468948764367
6315,LiPF6,LiPF6,True,0.0,LiCF3SO3,2.3030468948764367,2.3030468948764367
6316,LiPF6,LiPF6,True,0.0,LiCF3SO3,2.3030468948764367,2.3030468948764367
6317,LiPF6,LiPF6,True,0.0,LiCF3SO3,2.3030468948764367,2.3030468948764367
6318,LiPF6,LiPF6,True,0.0,LiCF3SO3,2.3030468948764367,2.3030468948764367
6319,LiPF6,LiPF6,True,0.0,LiCF3SO3,2.3030468948764367,2.3030468948764367
6320,LiPF6,LiPF6,True,0.0,LiCF3SO3,2.3030468948764367,2.3030468948764367
6321,LiPF6,LiPF6,True,0.0,LiCF3SO3,2.3030468948764367,2.3030468948764367
6322,LiPF6,LiPF6,True,0.0,LiCF3SO3,2.3030468948764367,2.3030468948764367
6323,LiPF6,LiPF6,True,0.0,LiCF3SO3,2.3030468948764367,2.3030468948764367
6324,LiPF6,LiPF6,True,0.0,LiCF3SO3,2.3030468948764367,2.3030468948764367
6325,LiPF6,LiPF6,True,0.0,LiCF3SO3,2.3030468948764367,2.3030468948764367
6326,LiPF6,LiPF6,True,0.0,LiCF3SO3,2.3030468948764367,2.3030468948764367
6327,LiPF6,LiPF6,True,0.0,LiCF3SO3,2.3030468948764367,2.3030468948764367
6328,LiPF6,LiPF6,True,0.0,LiCF3SO3,2.3030468948764367,2.3030468948764367
6329,LiPF6,LiPF6,True,0.0,LiCF3SO3,2.3030468948764367,2.3030468948764367
6330,LiPF6,LiPF6,True,0.0,LiCF3SO3,2.3030468948764367,2.3030468948764367
6331,LiPF6,LiPF6,True,0.0,LiCF3SO3,2.3030468948764367,2.3030468948764367
6332,LiPF6,LiPF6,True,0.0,LiCF3SO3,2.3030468948764367,2.3030468948764367
6333,LiPF6,LiPF6,True,0.0,LiCF3SO3,2.3030468948764367,2.3030468948764367
6334,LiPF6,LiPF6,True,0.0,LiCF3SO3,2.3030468948764367,2.3030468948764367
6335,LiPF6,LiPF6,True,0.0,LiCF3SO3,2.3030468948764367,2.3030468948764367
6336,LiPF6,LiPF6,True,0.0,LiCF3SO3,2.3030468948764367,2.3030468948764367
6337,LiPF6,LiPF6,True,0.0,LiCF3SO3,2.3030468948764367,2.3030468948764367
6338,LiPF6,LiPF6,True,0.0,LiCF3SO3,2.3030468948764367,2.3030468948764367
6339,LiPF6,LiPF6,True,0.0,LiCF3SO3,2.3030468948764367,2.3030468948764367
6340,LiPF6,LiPF6,True,0.0,LiCF3SO3,2.3030468948764367,2.3030468948764367
6341,LiPF6,LiPF6,True,0.0,LiCF3SO3,2.3030468948764367,2.3030468948764367
6342,LiPF6,LiPF6,True,0.0,LiCF3SO3,2.3030468948764367,2.3030468948764367
6343,LiPF6,LiPF6,True,0.0,LiCF3SO3,2.3030468948764367,2.3030468948764367
6344,LiPF6,LiPF6,True,0.0,LiCF3SO3,2.3030468948764367,2.3030468948764367
6345,LiPF6,LiPF6,True,0.0,LiCF3SO3,2.3030468948764367,2.3030468948764367
6346,LiPF6,LiPF6,True,0.0,LiCF3SO3,2.3030468948764367,2.3030468948764367
6347,LiPF6,LiPF6,True,0.0,LiCF3SO3,2.3030468948764367,2.3030468948764367
6348,LiPF6,LiPF6,True,0.0,LiCF3SO3,2.3030468948764367,2.3030468948764367
6349,LiPF6,LiPF6,True,0.0,LiCF3SO3,2.3030468948764367,2.3030468948764367
6350,LiPF6,LiPF6,True,0.0,LiCF3SO3,2.3030468948764367,2.3030468948764367
6351,LiPF6,LiPF6,True,0.0,LiCF3SO3,2.3030468948764367,2.3030468948764367
6352,LiPF6,LiPF6,True,0.0,LiCF3SO3,2.3030468948764367,2.3030468948764367
6353,LiPF6,LiPF6,True,0.0,LiCF3SO3,2.3030468948764367,2.3030468948764367
6354,LiPF6,LiPF6,True,0.0,LiCF3SO3,2.3030468948764367,2.3030468948764367
6355,LiPF6,LiPF6,True,0.0,LiCF3SO3,2.3030468948764367,2.3030468948764367
6356,LiPF6,LiPF6,True,0.0,LiCF3SO3,2.3030468948764367,2.3030468948764367
6357,LiPF6,LiPF6,True,0.0,LiCF3SO3,2.3030468948764367,2.3030468948764367
6358,LiPF6,LiPF6,True,0.0,LiCF3SO3,2.3030468948764367,2.3030468948764367
6359,LiPF6,LiPF6,True,0.0,LiCF3SO3,2.3030468948764367,2.3030468948764367
6360,LiPF6,LiPF6,True,0.0,LiCF3SO3,2.3030468948764367,2.3030468948764367
6361,LiPF6,LiPF6,True,0.0,LiCF3SO3,2.3030468948764367,2.3030468948764367
6362,LiPF6,LiPF6,True,0.0,LiCF3SO3,2.3030468948764367,2.3030468948764367
6363,LiPF6,LiPF6,True,0.0,LiCF3SO3,2.3030468948764367,2.3030468948764367
6364,LiPF6,LiPF6,True,0.0,LiCF3SO3,2.3030468948764367,2.3030468948764367
6365,LiPF6,LiPF6,True,0.0,LiCF3SO3,2.3030468948764367,2.3030468948764367
6366,LiPF6,LiPF6,True,0.0,LiCF3SO3,2.3030468948764367,2.3030468948764367
6367,LiPF6,LiPF6,True,0.0,LiCF3SO3,2.3030468948764367,2.3030468948764367
6368,LiPF6,LiPF6,True,0.0,LiCF3SO3,2.3030468948764367,2.3030468948764367
6369,LiPF6,LiPF6,True,0.0,LiCF3SO3,2.3030468948764367,2.3030468948764367
6370,LiPF6,LiPF6,True,0.0,LiCF3SO3,2.3030468948764367,2.3030468948764367
6371,LiPF6,LiPF6,True,0.0,LiCF3SO3,2.3030468948764367,2.3030468948764367
6372,LiPF6,LiPF6,True,0.0,LiCF3SO3,2.3030468948764367,2.3030468948764367
6373,LiPF6,LiPF6,True,0.0,LiCF3SO3,2.3030468948764367,2.3030468948764367
6374,LiPF6,LiPF6,True,0.0,LiCF3SO3,2.3030468948764367,2.3030468948764367
6375,LiPF6,LiPF6,True,0.0,LiCF3SO3,2.3030468948764367,2.3030468948764367
6376,LiPF6,LiPF6,True,0.0,LiCF3SO3,2.3030468948764367,2.3030468948764367
6377,LiPF6,LiPF6,True,0.0,LiCF3SO3,2.3030468948764367,2.3030468948764367
6378,LiPF6,LiPF6,True,0.0,LiCF3SO3,2.3030468948764367,2.3030468948764367
6379,LiPF6,LiPF6,True,0.0,LiCF3SO3,2.3030468948764367,2.3030468948764367
6380,LiPF6,LiPF6,True,0.0,LiCF3SO3,2.3030468948764367,2.3030468948764367
6381,LiPF6,LiPF6,True,0.0,LiCF3SO3,2.3030468948764367,2.3030468948764367
6382,LiPF6,LiPF6,True,0.0,LiCF3SO3,2.3030468948764367,2.3030468948764367
6383,LiPF6,LiPF6,True,0.0,LiCF3SO3,2.3030468948764367,2.3030468948764367
6384,LiPF6,LiPF6,True,0.0,LiCF3SO3,2.3030468948764367,2.3030468948764367
6385,LiPF6,LiPF6,True,0.0,LiCF3SO3,2.3030468948764367,2.3030468948764367
6386,LiPF6,LiPF6,True,0.0,LiCF3SO3,2.3030468948764367,2.3030468948764367
6387,LiPF6,LiPF6,True,0.0,LiCF3SO3,2.3030468948764367,2.3030468948764367
6388,LiPF6,LiPF6,True,0.0,LiCF3SO3,2.3030468948764367,2.3030468948764367
6389,LiPF6,LiPF6,True,0.0,LiCF3SO3,2.3030468948764367,2.3030468948764367
6390,LiPF6,LiPF6,True,0.0,LiCF3SO3,2.3030468948764367,2.3030468948764367
6391,LiPF6,LiPF6,True,0.0,LiCF3SO3,2.3030468948764367,2.3030468948764367
6392,LiPF6,LiPF6,True,0.0,LiCF3SO3,2.3030468948764367,2.3030468948764367
6393,LiPF6,LiPF6,True,0.0,LiCF3SO3,2.3030468948764367,2.3030468948764367
6394,LiPF6,LiPF6,True,0.0,LiCF3SO3,2.3030468948764367,2.3030468948764367
6395,LiPF6,LiPF6,True,0.0,LiCF3SO3,2.3030468948764367,2.3030468948764367
6396,LiPF6,LiPF6,True,0.0,LiCF3SO3,2.3030468948764367,2.3030468948764367
6397,LiPF6,LiPF6,True,0.0,LiCF3SO3,2.3030468948764367,2.3030468948764367
6398,LiPF6,LiPF6,True,0.0,LiCF3SO3,2.3030468948764367,2.3030468948764367
6399,LiPF6,LiPF6,True,0.0,LiCF3SO3,2.3030468948764367,2.3030468948764367
6400,LiPF6,LiPF6,True,0.0,LiCF3SO3,2.3030468948764367,2.3030468948764367
6401,LiPF6,LiPF6,True,0.0,LiCF3SO3,2.3030468948764367,2.3030468948764367
6402,LiPF6,LiPF6,True,0.0,LiCF3SO3,2.3030468948764367,2.3030468948764367
6403,LiPF6,LiPF6,True,0.0,LiCF3SO3,2.3030468948764367,2.3030468948764367
6404,LiPF6,LiPF6,True,0.0,LiCF3SO3,2.3030468948764367,2.3030468948764367
6405,LiPF6,LiPF6,True,0.0,LiCF3SO3,2.3030468948764367,2.3030468948764367
6406,LiPF6,LiPF6,True,0.0,LiCF3SO3,2.3030468948764367,2.3030468948764367
6407,LiPF6,LiPF6,True,0.0,LiCF3SO3,2.3030468948764367,2.3030468948764367
6408,LiPF6,LiPF6,True,0.0,LiCF3SO3,2.3030468948764367,2.3030468948764367
6409,LiPF6,LiPF6,True,0.0,LiCF3SO3,2.3030468948764367,2.3030468948764367
6410,LiPF6,LiPF6,True,0.0,LiCF3SO3,2.3030468948764367,2.3030468948764367
6411,LiPF6,LiPF6,True,0.0,LiCF3SO3,2.3030468948764367,2.3030468948764367
6412,LiPF6,LiPF6,True,0.0,LiCF3SO3,2.3030468948764367,2.3030468948764367
6413,LiPF6,LiPF6,True,0.0,LiCF3SO3,2.3030468948764367,2.3030468948764367
6414,LiPF6,LiPF6,True,0.0,LiCF3SO3,2.3030468948764367,2.3030468948764367
6415,LiPF6,LiPF6,True,0.0,LiCF3SO3,2.3030468948764367,2.3030468948764367
6416,LiPF6,LiPF6,True,0.0,LiCF3SO3,2.3030468948764367,2.3030468948764367
6417,LiPF6,LiPF6,True,0.0,LiCF3SO3,2.3030468948764367,2.3030468948764367
6418,LiPF6,LiPF6,True,0.0,LiCF3SO3,2.3030468948764367,2.3030468948764367
6419,LiPF6,LiPF6,True,0.0,LiCF3SO3,2.3030468948764367,2.3030468948764367
6420,LiPF6,LiPF6,True,0.0,LiCF3SO3,2.3030468948764367,2.3030468948764367
6421,LiPF6,LiPF6,True,0.0,LiCF3SO3,2.3030468948764367,2.3030468948764367
6422,LiPF6,LiPF6,True,0.0,LiCF3SO3,2.3030468948764367,2.3030468948764367
6423,LiPF6,LiPF6,True,0.0,LiCF3SO3,2.3030468948764367,2.3030468948764367
6424,LiPF6,LiPF6,True,0.0,LiCF3SO3,2.3030468948764367,2.3030468948764367
6425,LiPF6,LiPF6,True,0.0,LiCF3SO3,2.3030468948764367,2.3030468948764367
6426,LiPF6,LiPF6,True,0.0,LiCF3SO3,2.3030468948764367,2.3030468948764367
6427,LiPF6,LiPF6,True,0.0,LiCF3SO3,2.3030468948764367,2.3030468948764367
6428,LiPF6,LiPF6,True,0.0,LiCF3SO3,2.3030468948764367,2.3030468948764367
6429,LiPF6,LiPF6,True,0.0,LiCF3SO3,2.3030468948764367,2.3030468948764367
6430,LiPF6,LiPF6,True,0.0,LiCF3SO3,2.3030468948764367,2.3030468948764367
6431,LiPF6,LiPF6,True,0.0,LiCF3SO3,2.3030468948764367,2.3030468948764367
6432,LiPF6,LiPF6,True,0.0,LiCF3SO3,2.3030468948764367,2.3030468948764367
6433,LiPF6,LiPF6,True,0.0,LiCF3SO3,2.3030468948764367,2.3030468948764367
6434,LiPF6,LiPF6,True,0.0,LiCF3SO3,2.3030468948764367,2.3030468948764367
6435,LiPF6,LiPF6,True,0.0,LiCF3SO3,2.3030468948764367,2.3030468948764367
6436,LiPF6,LiPF6,True,0.0,LiCF3SO3,2.3030468948764367,2.3030468948764367
6437,LiPF6,LiPF6,True,0.0,LiCF3SO3,2.3030468948764367,2.3030468948764367
6438,LiPF6,LiPF6,True,0.0,LiCF3SO3,2.3030468948764367,2.3030468948764367
6439,LiPF6,LiPF6,True,0.0,LiCF3SO3,2.3030468948764367,2.3030468948764367
6440,LiPF6,LiPF6,True,0.0,LiCF3SO3,2.3030468948764367,2.3030468948764367
6441,LiPF6,LiPF6,True,0.0,LiCF3SO3,2.3030468948764367,2.3030468948764367
6442,LiPF6,LiPF6,True,0.0,LiCF3SO3,2.3030468948764367,2.3030468948764367
6443,LiPF6,LiPF6,True,0.0,LiCF3SO3,2.3030468948764367,2.3030468948764367
6444,LiPF6,LiPF6,True,0.0,LiCF3SO3,2.3030468948764367,2.3030468948764367
6445,LiPF6,LiPF6,True,0.0,LiCF3SO3,2.3030468948764367,2.3030468948764367
6446,LiPF6,LiPF6,True,0.0,LiCF3SO3,2.3030468948764367,2.3030468948764367
6447,LiPF6,LiPF6,True,0.0,LiCF3SO3,2.3030468948764367,2.3030468948764367
6448,LiPF6,LiPF6,True,0.0,LiCF3SO3,2.3030468948764367,2.3030468948764367
6449,LiPF6,LiPF6,True,0.0,LiCF3SO3,2.3030468948764367,2.3030468948764367
6450,LiPF6,LiPF6,True,0.0,LiCF3SO3,2.3030468948764367,2.3030468948764367
6451,LiPF6,LiPF6,True,0.0,LiCF3SO3,2.3030468948764367,2.3030468948764367
6452,LiPF6,LiPF6,True,0.0,LiCF3SO3,2.3030468948764367,2.3030468948764367
6453,LiPF6,LiPF6,True,0.0,LiCF3SO3,2.3030468948764367,2.3030468948764367
6454,LiPF6,LiPF6,True,0.0,LiCF3SO3,2.3030468948764367,2.3030468948764367
6455,LiPF6,LiPF6,True,0.0,LiCF3SO3,2.3030468948764367,2.3030468948764367
6456,LiPF6,LiPF6,True,0.0,LiCF3SO3,2.3030468948764367,2.3030468948764367
6457,LiPF6,LiPF6,True,0.0,LiCF3SO3,2.3030468948764367,2.3030468948764367
6458,LiPF6,LiPF6,True,0.0,LiCF3SO3,2.3030468948764367,2.3030468948764367
6459,LiPF6,LiPF6,True,0.0,LiCF3SO3,2.3030468948764367,2.3030468948764367
6460,LiPF6,LiPF6,True,0.0,LiCF3SO3,2.3030468948764367,2.3030468948764367
6461,LiPF6,LiPF6,True,0.0,LiCF3SO3,2.3030468948764367,2.3030468948764367
6462,LiPF6,LiPF6,True,0.0,LiCF3SO3,2.3030468948764367,2.3030468948764367
6463,LiPF6,LiPF6,True,0.0,LiCF3SO3,2.3030468948764367,2.3030468948764367
6464,LiPF6,LiPF6,True,0.0,LiCF3SO3,2.3030468948764367,2.3030468948764367
6465,LiPF6,LiPF6,True,0.0,LiCF3SO3,2.3030468948764367,2.3030468948764367
6466,LiPF6,LiPF6,True,0.0,LiCF3SO3,2.3030468948764367,2.3030468948764367
6467,LiPF6,LiPF6,True,0.0,LiCF3SO3,2.3030468948764367,2.3030468948764367
6468,LiPF6,LiPF6,True,0.0,LiCF3SO3,2.3030468948764367,2.3030468948764367
6469,LiPF6,LiPF6,True,0.0,LiCF3SO3,2.3030468948764367,2.3030468948764367
6470,LiPF6,LiPF6,True,0.0,LiCF3SO3,2.3030468948764367,2.3030468948764367
6471,LiPF6,LiPF6,True,0.0,LiCF3SO3,2.3030468948764367,2.3030468948764367
6472,LiPF6,LiPF6,True,0.0,LiCF3SO3,2.3030468948764367,2.3030468948764367
6473,LiPF6,LiPF6,True,0.0,LiCF3SO3,2.3030468948764367,2.3030468948764367
6474,LiPF6,LiPF6,True,0.0,LiCF3SO3,2.3030468948764367,2.3030468948764367
6475,LiPF6,LiPF6,True,0.0,LiCF3SO3,2.3030468948764367,2.3030468948764367
6476,LiPF6,LiPF6,True,0.0,LiCF3SO3,2.3030468948764367,2.3030468948764367
6477,LiPF6,LiPF6,True,0.0,LiCF3SO3,2.3030468948764367,2.3030468948764367
6478,LiPF6,LiPF6,True,0.0,LiCF3SO3,2.3030468948764367,2.3030468948764367
6479,LiPF6,LiPF6,True,0.0,LiCF3SO3,2.3030468948764367,2.3030468948764367
6480,LiPF6,LiPF6,True,0.0,LiCF3SO3,2.3030468948764367,2.3030468948764367
6481,LiPF6,LiPF6,True,0.0,LiCF3SO3,2.3030468948764367,2.3030468948764367
6482,LiPF6,LiPF6,True,0.0,LiCF3SO3,2.3030468948764367,2.3030468948764367
6483,LiPF6,LiPF6,True,0.0,LiCF3SO3,2.3030468948764367,2.3030468948764367
6484,LiPF6,LiPF6,True,0.0,LiCF3SO3,2.3030468948764367,2.3030468948764367
6485,LiPF6,LiPF6,True,0.0,LiCF3SO3,2.3030468948764367,2.3030468948764367
6486,LiPF6,LiPF6,True,0.0,LiCF3SO3,2.3030468948764367,2.3030468948764367
6487,LiPF6,LiPF6,True,0.0,LiCF3SO3,2.3030468948764367,2.3030468948764367
6488,LiPF6,LiPF6,True,0.0,LiCF3SO3,2.3030468948764367,2.3030468948764367
6489,LiPF6,LiPF6,True,0.0,LiCF3SO3,2.3030468948764367,2.3030468948764367
6490,LiPF6,LiPF6,True,0.0,LiCF3SO3,2.3030468948764367,2.3030468948764367
6491,LiPF6,LiPF6,True,0.0,LiCF3SO3,2.3030468948764367,2.3030468948764367
6492,LiPF6,LiPF6,True,0.0,LiCF3SO3,2.3030468948764367,2.3030468948764367
6493,LiPF6,LiPF6,True,0.0,LiCF3SO3,2.3030468948764367,2.3030468948764367
6494,LiPF6,LiPF6,True,0.0,LiCF3SO3,2.3030468948764367,2.3030468948764367
6495,LiPF6,LiPF6,True,0.0,LiCF3SO3,2.3030468948764367,2.3030468948764367
6496,LiPF6,LiPF6,True,0.0,LiCF3SO3,2.3030468948764367,2.3030468948764367
6497,LiPF6,LiPF6,True,0.0,LiCF3SO3,2.3030468948764367,2.3030468948764367
6498,LiPF6,LiPF6,True,0.0,LiCF3SO3,2.3030468948764367,2.3030468948764367
6499,LiPF6,LiPF6,True,0.0,LiCF3SO3,2.3030468948764367,2.3030468948764367
6500,LiPF6,LiPF6,True,0.0,LiCF3SO3,2.3030468948764367,2.3030468948764367
6501,LiPF6,LiPF6,True,0.0,LiCF3SO3,2.3030468948764367,2.3030468948764367
6502,LiPF6,LiPF6,True,0.0,LiCF3SO3,2.3030468948764367,2.3030468948764367
6503,LiPF6,LiPF6,True,0.0,LiCF3SO3,2.3030468948764367,2.3030468948764367
6504,LiPF6,LiPF6,True,0.0,LiCF3SO3,2.3030468948764367,2.3030468948764367
6505,LiPF6,LiPF6,True,0.0,LiCF3SO3,2.3030468948764367,2.3030468948764367
6506,LiPF6,LiPF6,True,0.0,LiCF3SO3,2.3030468948764367,2.3030468948764367
6507,LiPF6,LiPF6,True,0.0,LiCF3SO3,2.3030468948764367,2.3030468948764367
6508,LiPF6,LiPF6,True,0.0,LiCF3SO3,2.3030468948764367,2.3030468948764367
6509,LiPF6,LiPF6,True,0.0,LiCF3SO3,2.3030468948764367,2.3030468948764367
6510,LiPF6,LiPF6,True,0.0,LiCF3SO3,2.3030468948764367,2.3030468948764367
6511,LiPF6,LiPF6,True,0.0,LiCF3SO3,2.3030468948764367,2.3030468948764367
6512,LiPF6,LiPF6,True,0.0,LiCF3SO3,2.3030468948764367,2.3030468948764367
6513,LiPF6,LiPF6,True,0.0,LiCF3SO3,2.3030468948764367,2.3030468948764367
6514,LiPF6,LiPF6,True,0.0,LiCF3SO3,2.3030468948764367,2.3030468948764367
6515,LiPF6,LiPF6,True,0.0,LiCF3SO3,2.3030468948764367,2.3030468948764367
6516,LiPF6,LiPF6,True,0.0,LiCF3SO3,2.3030468948764367,2.3030468948764367
6517,LiPF6,LiPF6,True,0.0,LiCF3SO3,2.3030468948764367,2.3030468948764367
6518,LiPF6,LiPF6,True,0.0,LiCF3SO3,2.3030468948764367,2.3030468948764367
6519,LiPF6,LiPF6,True,0.0,LiCF3SO3,2.3030468948764367,2.3030468948764367
6520,LiPF6,LiPF6,True,0.0,LiCF3SO3,2.3030468948764367,2.3030468948764367
6521,LiPF6,LiPF6,True,0.0,LiCF3SO3,2.3030468948764367,2.3030468948764367
6522,LiPF6,LiPF6,True,0.0,LiCF3SO3,2.3030468948764367,2.3030468948764367
6523,LiPF6,LiPF6,True,0.0,LiCF3SO3,2.3030468948764367,2.3030468948764367
6524,LiPF6,LiPF6,True,0.0,LiCF3SO3,2.3030468948764367,2.3030468948764367
6525,LiPF6,LiPF6,True,0.0,LiCF3SO3,2.3030468948764367,2.3030468948764367
6526,LiPF6,LiPF6,True,0.0,LiCF3SO3,2.3030468948764367,2.3030468948764367
6527,LiPF6,LiPF6,True,0.0,LiCF3SO3,2.3030468948764367,2.3030468948764367
6528,LiPF6,LiPF6,True,0.0,LiCF3SO3,2.3030468948764367,2.3030468948764367
6529,LiPF6,LiPF6,True,0.0,LiCF3SO3,2.3030468948764367,2.3030468948764367
6530,LiPF6,LiPF6,True,0.0,LiCF3SO3,2.3030468948764367,2.3030468948764367
6531,LiPF6,LiPF6,True,0.0,LiCF3SO3,2.3030468948764367,2.3030468948764367
6532,LiPF6,LiPF6,True,0.0,LiCF3SO3,2.3030468948764367,2.3030468948764367
6533,LiPF6,LiPF6,True,0.0,LiCF3SO3,2.3030468948764367,2.3030468948764367
6534,LiPF6,LiPF6,True,0.0,LiCF3SO3,2.3030468948764367,2.3030468948764367
6535,LiPF6,LiPF6,True,0.0,LiCF3SO3,2.3030468948764367,2.3030468948764367
6536,LiPF6,LiPF6,True,0.0,LiCF3SO3,2.3030468948764367,2.3030468948764367
6537,LiPF6,LiPF6,True,0.0,LiCF3SO3,2.3030468948764367,2.3030468948764367
6538,LiPF6,LiPF6,True,0.0,LiCF3SO3,2.3030468948764367,2.3030468948764367
6539,LiPF6,LiPF6,True,0.0,LiCF3SO3,2.3030468948764367,2.3030468948764367
6540,LiPF6,LiPF6,True,0.0,LiCF3SO3,2.3030468948764367,2.3030468948764367
6541,LiPF6,LiPF6,True,0.0,LiCF3SO3,2.3030468948764367,2.3030468948764367
6542,LiPF6,LiPF6,True,0.0,LiCF3SO3,2.3030468948764367,2.3030468948764367
6543,LiPF6,LiPF6,True,0.0,LiCF3SO3,2.3030468948764367,2.3030468948764367
6544,LiPF6,LiPF6,True,0.0,LiCF3SO3,2.3030468948764367,2.3030468948764367
6545,LiPF6,LiPF6,True,0.0,LiCF3SO3,2.3030468948764367,2.3030468948764367
6546,LiPF6,LiPF6,True,0.0,LiCF3SO3,2.3030468948764367,2.3030468948764367
6547,LiPF6,LiPF6,True,0.0,LiCF3SO3,2.3030468948764367,2.3030468948764367
6548,LiPF6,LiPF6,True,0.0,LiCF3SO3,2.3030468948764367,2.3030468948764367
6549,LiPF6,LiPF6,True,0.0,LiCF3SO3,2.3030468948764367,2.3030468948764367
6550,LiPF6,LiPF6,True,0.0,LiCF3SO3,2.3030468948764367,2.3030468948764367
6551,LiPF6,LiPF6,True,0.0,LiCF3SO3,2.3030468948764367,2.3030468948764367
6552,LiPF6,LiPF6,True,0.0,LiCF3SO3,2.3030468948764367,2.3030468948764367
6553,LiPF6,LiPF6,True,0.0,LiCF3SO3,2.3030468948764367,2.3030468948764367
6554,LiPF6,LiPF6,True,0.0,LiCF3SO3,2.3030468948764367,2.3030468948764367
6555,LiPF6,LiPF6,True,0.0,LiCF3SO3,2.3030468948764367,2.3030468948764367
6556,LiPF6,LiPF6,True,0.0,LiCF3SO3,2.3030468948764367,2.3030468948764367
6557,LiPF6,LiPF6,True,0.0,LiCF3SO3,2.3030468948764367,2.3030468948764367
6558,LiPF6,LiPF6,True,0.0,LiCF3SO3,2.3030468948764367,2.3030468948764367
6559,LiPF6,LiPF6,True,0.0,LiCF3SO3,2.3030468948764367,2.3030468948764367
6560,LiPF6,LiPF6,True,0.0,LiCF3SO3,2.3030468948764367,2.3030468948764367
6561,LiPF6,LiPF6,True,0.0,LiCF3SO3,2.3030468948764367,2.3030468948764367
6562,LiPF6,LiPF6,True,0.0,LiCF3SO3,2.3030468948764367,2.3030468948764367
6563,LiPF6,LiPF6,True,0.0,LiCF3SO3,2.3030468948764367,2.3030468948764367
6564,LiPF6,LiPF6,True,0.0,LiCF3SO3,2.3030468948764367,2.3030468948764367
6565,LiPF6,LiPF6,True,0.0,LiCF3SO3,2.3030468948764367,2.3030468948764367
6566,LiPF6,LiPF6,True,0.0,LiCF3SO3,2.3030468948764367,2.3030468948764367
6567,LiPF6,LiPF6,True,0.0,LiCF3SO3,2.3030468948764367,2.3030468948764367
6568,LiPF6,LiPF6,True,0.0,LiCF3SO3,2.3030468948764367,2.3030468948764367
6569,LiPF6,LiPF6,True,0.0,LiCF3SO3,2.3030468948764367,2.3030468948764367
6570,LiPF6,LiPF6,True,0.0,LiCF3SO3,2.3030468948764367,2.3030468948764367
6571,LiPF6,LiPF6,True,0.0,LiCF3SO3,2.3030468948764367,2.3030468948764367
6572,LiPF6,LiPF6,True,0.0,LiCF3SO3,2.3030468948764367,2.3030468948764367
6573,LiPF6,LiPF6,True,0.0,LiCF3SO3,2.3030468948764367,2.3030468948764367
6574,LiPF6,LiPF6,True,0.0,LiCF3SO3,2.3030468948764367,2.3030468948764367
6575,LiPF6,LiPF6,True,0.0,LiCF3SO3,2.3030468948764367,2.3030468948764367
6576,LiPF6,LiPF6,True,0.0,LiCF3SO3,2.3030468948764367,2.3030468948764367
6577,LiPF6,LiPF6,True,0.0,LiCF3SO3,2.3030468948764367,2.3030468948764367
6578,LiPF6,LiPF6,True,0.0,LiCF3SO3,2.3030468948764367,2.3030468948764367
6579,LiPF6,LiPF6,True,0.0,LiCF3SO3,2.3030468948764367,2.3030468948764367
6580,LiPF6,LiPF6,True,0.0,LiCF3SO3,2.3030468948764367,2.3030468948764367
6581,LiPF6,LiPF6,True,0.0,LiCF3SO3,2.3030468948764367,2.3030468948764367
6582,LiPF6,LiPF6,True,0.0,LiCF3SO3,2.3030468948764367,2.3030468948764367
6583,LiPF6,LiPF6,True,0.0,LiCF3SO3,2.3030468948764367,2.3030468948764367
6584,LiPF6,LiPF6,True,0.0,LiCF3SO3,2.3030468948764367,2.3030468948764367
6585,LiPF6,LiPF6,True,0.0,LiCF3SO3,2.3030468948764367,2.3030468948764367
6586,LiPF6,LiPF6,True,0.0,LiCF3SO3,2.3030468948764367,2.3030468948764367
6587,LiPF6,LiPF6,True,0.0,LiCF3SO3,2.3030468948764367,2.3030468948764367
6588,LiPF6,LiPF6,True,0.0,LiCF3SO3,2.3030468948764367,2.3030468948764367
6589,LiPF6,LiPF6,True,0.0,LiCF3SO3,2.3030468948764367,2.3030468948764367
6590,LiPF6,LiPF6,True,0.0,LiCF3SO3,2.3030468948764367,2.3030468948764367
6591,LiPF6,LiPF6,True,0.0,LiCF3SO3,2.3030468948764367,2.3030468948764367
6592,LiPF6,LiPF6,True,0.0,LiCF3SO3,2.3030468948764367,2.3030468948764367
6593,LiPF6,LiPF6,True,0.0,LiCF3SO3,2.3030468948764367,2.3030468948764367
6594,LiPF6,LiPF6,True,0.0,LiCF3SO3,2.3030468948764367,2.3030468948764367
6595,LiPF6,LiPF6,True,0.0,LiCF3SO3,2.3030468948764367,2.3030468948764367
6596,LiPF6,LiPF6,True,0.0,LiCF3SO3,2.3030468948764367,2.3030468948764367
6597,LiPF6,LiPF6,True,0.0,LiCF3SO3,2.3030468948764367,2.3030468948764367
6598,LiPF6,LiPF6,True,0.0,LiCF3SO3,2.3030468948764367,2.3030468948764367
6599,LiPF6,LiPF6,True,0.0,LiCF3SO3,2.3030468948764367,2.3030468948764367
6600,LiPF6,LiPF6,True,0.0,LiCF3SO3,2.3030468948764367,2.3030468948764367
6601,LiPF6,LiPF6,True,0.0,LiCF3SO3,2.3030468948764367,2.3030468948764367
6602,LiPF6,LiPF6,True,0.0,LiCF3SO3,2.3030468948764367,2.3030468948764367
6603,LiPF6,LiPF6,True,0.0,LiCF3SO3,2.3030468948764367,2.3030468948764367
6604,LiPF6,LiPF6,True,0.0,LiCF3SO3,2.3030468948764367,2.3030468948764367
6605,LiPF6,LiPF6,True,0.0,LiCF3SO3,2.3030468948764367,2.3030468948764367
6606,LiPF6,LiPF6,True,0.0,LiCF3SO3,2.3030468948764367,2.3030468948764367
6607,LiPF6,LiPF6,True,0.0,LiCF3SO3,2.3030468948764367,2.3030468948764367
6608,LiPF6,LiPF6,True,0.0,LiCF3SO3,2.3030468948764367,2.3030468948764367
6609,LiPF6,LiPF6,True,0.0,LiCF3SO3,2.3030468948764367,2.3030468948764367
6610,LiPF6,LiPF6,True,0.0,LiCF3SO3,2.3030468948764367,2.3030468948764367
6611,LiPF6,LiPF6,True,0.0,LiCF3SO3,2.3030468948764367,2.3030468948764367
6612,LiPF6,LiPF6,True,0.0,LiCF3SO3,2.3030468948764367,2.3030468948764367
6613,LiPF6,LiPF6,True,0.0,LiCF3SO3,2.3030468948764367,2.3030468948764367
6614,LiPF6,LiPF6,True,0.0,LiCF3SO3,2.3030468948764367,2.3030468948764367
6615,LiPF6,LiPF6,True,0.0,LiCF3SO3,2.3030468948764367,2.3030468948764367
6616,LiPF6,LiPF6,True,0.0,LiCF3SO3,2.3030468948764367,2.3030468948764367
6617,LiPF6,LiPF6,True,0.0,LiCF3SO3,2.3030468948764367,2.3030468948764367
6618,LiPF6,LiPF6,True,0.0,LiCF3SO3,2.3030468948764367,2.3030468948764367
6619,LiPF6,LiPF6,True,0.0,LiCF3SO3,2.3030468948764367,2.3030468948764367
6620,LiPF6,LiPF6,True,0.0,LiCF3SO3,2.3030468948764367,2.3030468948764367
6621,LiPF6,LiPF6,True,0.0,LiCF3SO3,2.3030468948764367,2.3030468948764367
6622,LiPF6,LiPF6,True,0.0,LiCF3SO3,2.3030468948764367,2.3030468948764367
6623,LiPF6,LiPF6,True,0.0,LiCF3SO3,2.3030468948764367,2.3030468948764367
6624,LiPF6,LiPF6,True,0.0,LiCF3SO3,2.3030468948764367,2.3030468948764367
6625,LiPF6,LiPF6,True,0.0,LiCF3SO3,2.3030468948764367,2.3030468948764367
6626,LiPF6,LiPF6,True,0.0,LiCF3SO3,2.3030468948764367,2.3030468948764367
6627,LiPF6,LiPF6,True,0.0,LiCF3SO3,2.3030468948764367,2.3030468948764367
6628,LiPF6,LiPF6,True,0.0,LiCF3SO3,2.3030468948764367,2.3030468948764367
6629,LiPF6,LiPF6,True,0.0,LiCF3SO3,2.3030468948764367,2.3030468948764367
6630,LiPF6,LiPF6,True,0.0,LiCF3SO3,2.3030468948764367,2.3030468948764367
6631,LiPF6,LiPF6,True,0.0,LiCF3SO3,2.3030468948764367,2.3030468948764367
6632,LiPF6,LiPF6,True,0.0,LiCF3SO3,2.3030468948764367,2.3030468948764367
6633,LiPF6,LiPF6,True,0.0,LiCF3SO3,2.3030468948764367,2.3030468948764367
6634,LiPF6,LiPF6,True,0.0,LiCF3SO3,2.3030468948764367,2.3030468948764367
6635,LiPF6,LiPF6,True,0.0,LiCF3SO3,2.3030468948764367,2.3030468948764367
6636,LiPF6,LiPF6,True,0.0,LiCF3SO3,2.3030468948764367,2.3030468948764367
6637,LiPF6,LiPF6,True,0.0,LiCF3SO3,2.3030468948764367,2.3030468948764367
6638,LiPF6,LiPF6,True,0.0,LiCF3SO3,2.3030468948764367,2.3030468948764367
6639,LiPF6,LiPF6,True,0.0,LiCF3SO3,2.3030468948764367,2.3030468948764367
6640,LiPF6,LiPF6,True,0.0,LiCF3SO3,2.3030468948764367,2.3030468948764367
6641,LiPF6,LiPF6,True,0.0,LiCF3SO3,2.3030468948764367,2.3030468948764367
6642,LiPF6,LiPF6,True,0.0,LiCF3SO3,2.3030468948764367,2.3030468948764367
6643,LiPF6,LiPF6,True,0.0,LiCF3SO3,2.3030468948764367,2.3030468948764367
6644,LiPF6,LiPF6,True,0.0,LiCF3SO3,2.3030468948764367,2.3030468948764367
6645,LiPF6,LiPF6,True,0.0,LiCF3SO3,2.3030468948764367,2.3030468948764367
6646,LiPF6,LiPF6,True,0.0,LiCF3SO3,2.3030468948764367,2.3030468948764367
6647,LiPF6,LiPF6,True,0.0,LiCF3SO3,2.3030468948764367,2.3030468948764367
6648,LiPF6,LiPF6,True,0.0,LiCF3SO3,2.3030468948764367,2.3030468948764367
6649,LiPF6,LiPF6,True,0.0,LiCF3SO3,2.3030468948764367,2.3030468948764367
6650,LiPF6,LiPF6,True,0.0,LiCF3SO3,2.3030468948764367,2.3030468948764367
6651,LiPF6,LiPF6,True,0.0,LiCF3SO3,2.3030468948764367,2.3030468948764367
6652,LiPF6,LiPF6,True,0.0,LiCF3SO3,2.3030468948764367,2.3030468948764367
6653,LiPF6,LiPF6,True,0.0,LiCF3SO3,2.3030468948764367,2.3030468948764367
6654,LiPF6,LiPF6,True,0.0,LiCF3SO3,2.3030468948764367,2.3030468948764367
6655,LiPF6,LiPF6,True,0.0,LiCF3SO3,2.3030468948764367,2.3030468948764367
6656,LiPF6,LiPF6,True,0.0,LiCF3SO3,2.3030468948764367,2.3030468948764367
6657,LiPF6,LiPF6,True,0.0,LiCF3SO3,2.3030468948764367,2.3030468948764367
6658,LiPF6,LiPF6,True,0.0,LiCF3SO3,2.3030468948764367,2.3030468948764367
6659,LiPF6,LiPF6,True,0.0,LiCF3SO3,2.3030468948764367,2.3030468948764367
6660,LiPF6,LiPF6,True,0.0,LiCF3SO3,2.3030468948764367,2.3030468948764367
6661,LiPF6,LiPF6,True,0.0,LiCF3SO3,2.3030468948764367,2.3030468948764367
6662,LiPF6,LiPF6,True,0.0,LiCF3SO3,2.3030468948764367,2.3030468948764367
6663,LiPF6,LiPF6,True,0.0,LiCF3SO3,2.3030468948764367,2.3030468948764367
6664,LiPF6,LiPF6,True,0.0,LiCF3SO3,2.3030468948764367,2.3030468948764367
6665,LiPF6,LiPF6,True,0.0,LiCF3SO3,2.3030468948764367,2.3030468948764367
6666,LiPF6,LiPF6,True,0.0,LiCF3SO3,2.3030468948764367,2.3030468948764367
6667,LiPF6,LiPF6,True,0.0,LiCF3SO3,2.3030468948764367,2.3030468948764367
6668,LiPF6,LiPF6,True,0.0,LiCF3SO3,2.3030468948764367,2.3030468948764367
6669,LiPF6,LiPF6,True,0.0,LiCF3SO3,2.3030468948764367,2.3030468948764367
6670,LiPF6,LiPF6,True,0.0,LiCF3SO3,2.3030468948764367,2.3030468948764367
6671,LiPF6,LiPF6,True,0.0,LiCF3SO3,2.3030468948764367,2.3030468948764367
6672,LiPF6,LiPF6,True,0.0,LiCF3SO3,2.3030468948764367,2.3030468948764367
6673,LiPF6,LiPF6,True,0.0,LiCF3SO3,2.3030468948764367,2.3030468948764367
6674,LiPF6,LiPF6,True,0.0,LiCF3SO3,2.3030468948764367,2.3030468948764367
6675,LiPF6,LiPF6,True,0.0,LiCF3SO3,2.3030468948764367,2.3030468948764367
6676,LiPF6,LiPF6,True,0.0,LiCF3SO3,2.3030468948764367,2.3030468948764367
6677,LiPF6,LiPF6,True,0.0,LiCF3SO3,2.3030468948764367,2.3030468948764367
6678,LiPF6,LiPF6,True,0.0,LiCF3SO3,2.3030468948764367,2.3030468948764367
6679,LiPF6,LiPF6,True,0.0,LiCF3SO3,2.3030468948764367,2.3030468948764367
6680,LiPF6,LiPF6,True,0.0,LiCF3SO3,2.3030468948764367,2.3030468948764367
6681,LiPF6,LiPF6,True,0.0,LiCF3SO3,2.3030468948764367,2.3030468948764367
6682,LiPF6,LiPF6,True,0.0,LiCF3SO3,2.3030468948764367,2.3030468948764367
6683,LiPF6,LiPF6,True,0.0,LiCF3SO3,2.3030468948764367,2.3030468948764367
6684,LiPF6,LiPF6,True,0.0,LiCF3SO3,2.3030468948764367,2.3030468948764367
6685,LiPF6,LiPF6,True,0.0,LiCF3SO3,2.3030468948764367,2.3030468948764367
6686,LiPF6,LiPF6,True,0.0,LiCF3SO3,2.3030468948764367,2.3030468948764367
6687,LiPF6,LiPF6,True,0.0,LiCF3SO3,2.3030468948764367,2.3030468948764367
6688,LiPF6,LiPF6,True,0.0,LiCF3SO3,2.3030468948764367,2.3030468948764367
6689,LiPF6,LiPF6,True,0.0,LiCF3SO3,2.3030468948764367,2.3030468948764367
6690,LiPF6,LiPF6,True,0.0,LiCF3SO3,2.3030468948764367,2.3030468948764367
6691,LiPF6,LiPF6,True,0.0,LiCF3SO3,2.3030468948764367,2.3030468948764367
6692,LiPF6,LiPF6,True,0.0,LiCF3SO3,2.3030468948764367,2.3030468948764367
6693,LiPF6,LiPF6,True,0.0,LiCF3SO3,2.3030468948764367,2.3030468948764367
6694,LiPF6,LiPF6,True,0.0,LiCF3SO3,2.3030468948764367,2.3030468948764367
6695,LiPF6,LiPF6,True,0.0,LiCF3SO3,2.3030468948764367,2.3030468948764367
6696,LiPF6,LiPF6,True,0.0,LiCF3SO3,2.3030468948764367,2.3030468948764367
6697,LiPF6,LiPF6,True,0.0,LiCF3SO3,2.3030468948764367,2.3030468948764367
6698,LiPF6,LiPF6,True,0.0,LiCF3SO3,2.3030468948764367,2.3030468948764367
6699,LiPF6,LiPF6,True,0.0,LiCF3SO3,2.3030468948764367,2.3030468948764367
6700,LiPF6,LiPF6,True,0.0,LiCF3SO3,2.3030468948764367,2.3030468948764367
6701,LiPF6,LiPF6,True,0.0,LiCF3SO3,2.3030468948764367,2.3030468948764367
6702,LiPF6,LiPF6,True,0.0,LiCF3SO3,2.3030468948764367,2.3030468948764367
6703,LiPF6,LiPF6,True,0.0,LiCF3SO3,2.3030468948764367,2.3030468948764367
6704,LiPF6,LiPF6,True,0.0,LiCF3SO3,2.3030468948764367,2.3030468948764367
6705,LiPF6,LiPF6,True,0.0,LiCF3SO3,2.3030468948764367,2.3030468948764367
6706,LiPF6,LiPF6,True,0.0,LiCF3SO3,2.3030468948764367,2.3030468948764367
6707,LiPF6,LiPF6,True,0.0,LiCF3SO3,2.3030468948764367,2.3030468948764367
6708,LiPF6,LiPF6,True,0.0,LiCF3SO3,2.3030468948764367,2.3030468948764367
6709,LiPF6,LiPF6,True,0.0,LiCF3SO3,2.3030468948764367,2.3030468948764367
6710,LiPF6,LiPF6,True,0.0,LiCF3SO3,2.3030468948764367,2.3030468948764367
6711,LiPF6,LiPF6,True,0.0,LiCF3SO3,2.3030468948764367,2.3030468948764367
6712,LiPF6,LiPF6,True,0.0,LiCF3SO3,2.3030468948764367,2.3030468948764367
6713,LiPF6,LiPF6,True,0.0,LiCF3SO3,2.3030468948764367,2.3030468948764367
6714,LiPF6,LiPF6,True,0.0,LiCF3SO3,2.3030468948764367,2.3030468948764367
6715,LiPF6,LiPF6,True,0.0,LiCF3SO3,2.3030468948764367,2.3030468948764367
6716,LiPF6,LiPF6,True,0.0,LiCF3SO3,2.3030468948764367,2.3030468948764367
6717,LiPF6,LiPF6,True,0.0,LiCF3SO3,2.3030468948764367,2.3030468948764367
6718,LiPF6,LiPF6,True,0.0,LiCF3SO3,2.3030468948764367,2.3030468948764367
6719,LiPF6,LiPF6,True,0.0,LiCF3SO3,2.3030468948764367,2.3030468948764367
6720,LiPF6,LiPF6,True,0.0,LiCF3SO3,2.3030468948764367,2.3030468948764367
6721,LiPF6,LiPF6,True,0.0,LiCF3SO3,2.3030468948764367,2.3030468948764367
6722,LiPF6,LiPF6,True,0.0,LiCF3SO3,2.3030468948764367,2.3030468948764367
6723,LiPF6,LiPF6,True,0.0,LiCF3SO3,2.3030468948764367,2.3030468948764367
6724,LiPF6,LiPF6,True,0.0,LiCF3SO3,2.3030468948764367,2.3030468948764367
6725,LiPF6,LiPF6,True,0.0,LiCF3SO3,2.3030468948764367,2.3030468948764367
6726,LiPF6,LiPF6,True,0.0,LiCF3SO3,2.3030468948764367,2.3030468948764367
6727,LiPF6,LiPF6,True,0.0,LiCF3SO3,2.3030468948764367,2.3030468948764367
6728,LiPF6,LiPF6,True,0.0,LiCF3SO3,2.3030468948764367,2.3030468948764367
6729,LiPF6,LiPF6,True,0.0,LiCF3SO3,2.3030468948764367,2.3030468948764367
6730,LiPF6,LiPF6,True,0.0,LiCF3SO3,2.3030468948764367,2.3030468948764367
6731,LiPF6,LiPF6,True,0.0,LiCF3SO3,2.3030468948764367,2.3030468948764367
6732,LiPF6,LiPF6,True,0.0,LiCF3SO3,2.3030468948764367,2.3030468948764367
6733,LiPF6,LiPF6,True,0.0,LiCF3SO3,2.3030468948764367,2.3030468948764367
6734,LiPF6,LiPF6,True,0.0,LiCF3SO3,2.3030468948764367,2.3030468948764367
6735,LiPF6,LiPF6,True,0.0,LiCF3SO3,2.3030468948764367,2.3030468948764367
6736,LiPF6,LiPF6,True,0.0,LiCF3SO3,2.3030468948764367,2.3030468948764367
6737,LiPF6,LiPF6,True,0.0,LiCF3SO3,2.3030468948764367,2.3030468948764367
6738,LiPF6,LiPF6,True,0.0,LiCF3SO3,2.3030468948764367,2.3030468948764367
6739,LiPF6,LiPF6,True,0.0,LiCF3SO3,2.3030468948764367,2.3030468948764367
6740,LiPF6,LiPF6,True,0.0,LiCF3SO3,2.3030468948764367,2.3030468948764367
6741,LiPF6,LiPF6,True,0.0,LiCF3SO3,2.3030468948764367,2.3030468948764367
6742,LiPF6,LiPF6,True,0.0,LiCF3SO3,2.3030468948764367,2.3030468948764367
6743,LiPF6,LiPF6,True,0.0,LiCF3SO3,2.3030468948764367,2.3030468948764367
6744,LiPF6,LiPF6,True,0.0,LiCF3SO3,2.3030468948764367,2.3030468948764367
6745,LiPF6,LiPF6,True,0.0,LiCF3SO3,2.3030468948764367,2.3030468948764367
6746,LiPF6,LiPF6,True,0.0,LiCF3SO3,2.3030468948764367,2.3030468948764367
6747,LiPF6,LiPF6,True,0.0,LiCF3SO3,2.3030468948764367,2.3030468948764367
6748,LiPF6,LiPF6,True,0.0,LiCF3SO3,2.3030468948764367,2.3030468948764367
6749,LiPF6,LiPF6,True,0.0,LiCF3SO3,2.3030468948764367,2.3030468948764367
6750,LiPF6,LiPF6,True,0.0,LiCF3SO3,2.3030468948764367,2.3030468948764367
6751,LiPF6,LiPF6,True,0.0,LiCF3SO3,2.3030468948764367,2.3030468948764367
6752,LiPF6,LiPF6,True,0.0,LiCF3SO3,2.3030468948764367,2.3030468948764367
6753,LiPF6,LiPF6,True,0.0,LiCF3SO3,2.3030468948764367,2.3030468948764367
6754,LiPF6,LiPF6,True,0.0,LiCF3SO3,2.3030468948764367,2.3030468948764367
6755,LiPF6,LiPF6,True,0.0,LiCF3SO3,2.3030468948764367,2.3030468948764367
6756,LiPF6,LiPF6,True,0.0,LiCF3SO3,2.3030468948764367,2.3030468948764367
6757,LiPF6,LiPF6,True,0.0,LiCF3SO3,2.3030468948764367,2.3030468948764367
6758,LiPF6,LiPF6,True,0.0,LiCF3SO3,2.3030468948764367,2.3030468948764367
6759,LiPF6,LiPF6,True,0.0,LiCF3SO3,2.3030468948764367,2.3030468948764367
6760,LiPF6,LiPF6,True,0.0,LiCF3SO3,2.3030468948764367,2.3030468948764367
6761,LiPF6,LiPF6,True,0.0,LiCF3SO3,2.3030468948764367,2.3030468948764367
6762,LiPF6,LiPF6,True,0.0,LiCF3SO3,2.3030468948764367,2.3030468948764367
6763,LiPF6,LiPF6,True,0.0,LiCF3SO3,2.3030468948764367,2.3030468948764367
6764,LiPF6,LiPF6,True,0.0,LiCF3SO3,2.3030468948764367,2.3030468948764367
6765,LiPF6,LiPF6,True,0.0,LiCF3SO3,2.3030468948764367,2.3030468948764367
6766,LiPF6,LiPF6,True,0.0,LiCF3SO3,2.3030468948764367,2.3030468948764367
6767,LiPF6,LiPF6,True,0.0,LiCF3SO3,2.3030468948764367,2.3030468948764367
6768,LiPF6,LiPF6,True,0.0,LiCF3SO3,2.3030468948764367,2.3030468948764367
6769,LiPF6,LiPF6,True,0.0,LiCF3SO3,2.3030468948764367,2.3030468948764367
6770,LiPF6,LiPF6,True,0.0,LiCF3SO3,2.3030468948764367,2.3030468948764367
6771,LiPF6,LiPF6,True,0.0,LiCF3SO3,2.3030468948764367,2.3030468948764367
6772,LiPF6,LiPF6,True,0.0,LiCF3SO3,2.3030468948764367,2.3030468948764367
6773,LiPF6,LiPF6,True,0.0,LiCF3SO3,2.3030468948764367,2.3030468948764367
6774,LiPF6,LiPF6,True,0.0,LiCF3SO3,2.3030468948764367,2.3030468948764367
6775,LiPF6,LiPF6,True,0.0,LiCF3SO3,2.3030468948764367,2.3030468948764367
6776,LiPF6,LiPF6,True,0.0,LiCF3SO3,2.3030468948764367,2.3030468948764367
6777,LiPF6,LiPF6,True,0.0,LiCF3SO3,2.3030468948764367,2.3030468948764367
6778,LiPF6,LiPF6,True,0.0,LiCF3SO3,2.3030468948764367,2.3030468948764367
6779,LiPF6,LiPF6,True,0.0,LiCF3SO3,2.3030468948764367,2.3030468948764367
6780,LiPF6,LiPF6,True,0.0,LiCF3SO3,2.3030468948764367,2.3030468948764367
6781,LiPF6,LiPF6,True,0.0,LiCF3SO3,2.3030468948764367,2.3030468948764367
6782,LiPF6,LiPF6,True,0.0,LiCF3SO3,2.3030468948764367,2.3030468948764367
6783,LiPF6,LiPF6,True,0.0,LiCF3SO3,2.3030468948764367,2.3030468948764367
6784,LiPF6,LiPF6,True,0.0,LiCF3SO3,2.3030468948764367,2.3030468948764367
6785,LiPF6,LiPF6,True,0.0,LiCF3SO3,2.3030468948764367,2.3030468948764367
6786,LiPF6,LiPF6,True,0.0,LiCF3SO3,2.3030468948764367,2.3030468948764367
6787,LiPF6,LiPF6,True,0.0,LiCF3SO3,2.3030468948764367,2.3030468948764367
6788,LiPF6,LiPF6,True,0.0,LiCF3SO3,2.3030468948764367,2.3030468948764367
6789,LiPF6,LiPF6,True,0.0,LiCF3SO3,2.3030468948764367,2.3030468948764367
6790,LiPF6,LiPF6,True,0.0,LiCF3SO3,2.3030468948764367,2.3030468948764367
6791,LiPF6,LiPF6,True,0.0,LiCF3SO3,2.3030468948764367,2.3030468948764367
6792,LiPF6,LiPF6,True,0.0,LiCF3SO3,2.3030468948764367,2.3030468948764367
6793,LiPF6,LiPF6,True,0.0,LiCF3SO3,2.3030468948764367,2.3030468948764367
6794,LiPF6,LiPF6,True,0.0,LiCF3SO3,2.3030468948764367,2.3030468948764367
6795,LiPF6,LiPF6,True,0.0,LiCF3SO3,2.3030468948764367,2.3030468948764367
6796,LiPF6,LiPF6,True,0.0,LiCF3SO3,2.3030468948764367,2.3030468948764367
6797,LiPF6,LiPF6,True,0.0,LiCF3SO3,2.3030468948764367,2.3030468948764367
6798,LiPF6,LiPF6,True,0.0,LiCF3SO3,2.3030468948764367,2.3030468948764367
6799,LiPF6,LiPF6,True,0.0,LiCF3SO3,2.3030468948764367,2.3030468948764367
6800,LiPF6,LiPF6,True,0.0,LiCF3SO3,2.3030468948764367,2.3030468948764367
6801,LiPF6,LiPF6,True,0.0,LiCF3SO3,2.3030468948764367,2.3030468948764367
6802,LiPF6,LiPF6,True,0.0,LiCF3SO3,2.3030468948764367,2.3030468948764367
6803,LiPF6,LiPF6,True,0.0,LiCF3SO3,2.3030468948764367,2.3030468948764367
6804,LiPF6,LiPF6,True,0.0,LiCF3SO3,2.3030468948764367,2.3030468948764367
6805,LiPF6,LiPF6,True,0.0,LiCF3SO3,2.3030468948764367,2.3030468948764367
6806,LiPF6,LiPF6,True,0.0,LiCF3SO3,2.3030468948764367,2.3030468948764367
6807,LiPF6,LiPF6,True,0.0,LiCF3SO3,2.3030468948764367,2.3030468948764367
6808,LiPF6,LiPF6,True,0.0,LiCF3SO3,2.3030468948764367,2.3030468948764367
6809,LiPF6,LiPF6,True,0.0,LiCF3SO3,2.3030468948764367,2.3030468948764367
6810,LiPF6,LiPF6,True,0.0,LiCF3SO3,2.3030468948764367,2.3030468948764367
6811,LiPF6,LiPF6,True,0.0,LiCF3SO3,2.3030468948764367,2.3030468948764367
6812,LiPF6,LiPF6,True,0.0,LiCF3SO3,2.3030468948764367,2.3030468948764367
6813,LiPF6,LiPF6,True,0.0,LiCF3SO3,2.3030468948764367,2.3030468948764367
6814,LiPF6,LiPF6,True,0.0,LiCF3SO3,2.3030468948764367,2.3030468948764367
6815,LiPF6,LiPF6,True,0.0,LiCF3SO3,2.3030468948764367,2.3030468948764367
6816,LiPF6,LiPF6,True,0.0,LiCF3SO3,2.3030468948764367,2.3030468948764367
6817,LiPF6,LiPF6,True,0.0,LiCF3SO3,2.3030468948764367,2.3030468948764367
6818,LiPF6,LiPF6,True,0.0,LiCF3SO3,2.3030468948764367,2.3030468948764367
6819,LiPF6,LiPF6,True,0.0,LiCF3SO3,2.3030468948764367,2.3030468948764367
6820,LiPF6,LiPF6,True,0.0,LiCF3SO3,2.3030468948764367,2.3030468948764367
6821,LiPF6,LiPF6,True,0.0,LiCF3SO3,2.3030468948764367,2.3030468948764367
6822,LiPF6,LiPF6,True,0.0,LiCF3SO3,2.3030468948764367,2.3030468948764367
6823,LiPF6,LiPF6,True,0.0,LiCF3SO3,2.3030468948764367,2.3030468948764367
6824,LiPF6,LiPF6,True,0.0,LiCF3SO3,2.3030468948764367,2.3030468948764367
6825,LiPF6,LiPF6,True,0.0,LiCF3SO3,2.3030468948764367,2.3030468948764367
6826,LiPF6,LiPF6,True,0.0,LiCF3SO3,2.3030468948764367,2.3030468948764367
6827,LiPF6,LiPF6,True,0.0,LiCF3SO3,2.3030468948764367,2.3030468948764367
6828,LiPF6,LiPF6,True,0.0,LiCF3SO3,2.3030468948764367,2.3030468948764367
6829,LiPF6,LiPF6,True,0.0,LiCF3SO3,2.3030468948764367,2.3030468948764367
6830,LiPF6,LiPF6,True,0.0,LiCF3SO3,2.3030468948764367,2.3030468948764367
6831,LiPF6,LiPF6,True,0.0,LiCF3SO3,2.3030468948764367,2.3030468948764367
6832,LiPF6,LiPF6,True,0.0,LiCF3SO3,2.3030468948764367,2.3030468948764367
6833,LiPF6,LiPF6,True,0.0,LiCF3SO3,2.3030468948764367,2.3030468948764367
6834,LiPF6,LiPF6,True,0.0,LiCF3SO3,2.3030468948764367,2.3030468948764367
6835,LiPF6,LiPF6,True,0.0,LiCF3SO3,2.3030468948764367,2.3030468948764367
6836,LiPF6,LiPF6,True,0.0,LiCF3SO3,2.3030468948764367,2.3030468948764367
6837,LiPF6,LiPF6,True,0.0,LiCF3SO3,2.3030468948764367,2.3030468948764367
6838,LiPF6,LiPF6,True,0.0,LiCF3SO3,2.3030468948764367,2.3030468948764367
6839,LiPF6,LiPF6,True,0.0,LiCF3SO3,2.3030468948764367,2.3030468948764367
6840,LiPF6,LiPF6,True,0.0,LiCF3SO3,2.3030468948764367,2.3030468948764367
6841,LiPF6,LiPF6,True,0.0,LiCF3SO3,2.3030468948764367,2.3030468948764367
6842,LiPF6,LiPF6,True,0.0,LiCF3SO3,2.3030468948764367,2.3030468948764367
6843,LiPF6,LiPF6,True,0.0,LiCF3SO3,2.3030468948764367,2.3030468948764367
6844,LiPF6,LiPF6,True,0.0,LiCF3SO3,2.3030468948764367,2.3030468948764367
6845,LiPF6,LiPF6,True,0.0,LiCF3SO3,2.3030468948764367,2.3030468948764367
6846,LiPF6,LiPF6,True,0.0,LiCF3SO3,2.3030468948764367,2.3030468948764367
6847,LiPF6,LiPF6,True,0.0,LiCF3SO3,2.3030468948764367,2.3030468948764367
6848,LiBF4,LiBF4,True,0.0,LiPF6,4.9577303274784965,4.9577303274784965
6849,LiBF4,LiBF4,True,0.0,LiPF6,4.9577303274784965,4.9577303274784965
6850,LiBF4,LiBF4,True,0.0,LiPF6,4.9577303274784965,4.9577303274784965
6851,LiBF4,LiBF4,True,0.0,LiPF6,4.9577303274784965,4.9577303274784965
6852,LiBF4,LiBF4,True,0.0,LiPF6,4.9577303274784965,4.9577303274784965
6853,LiBF4,LiBF4,True,0.0,LiPF6,4.9577303274784965,4.9577303274784965
6854,LiBF4,LiBF4,True,0.0,LiPF6,4.9577303274784965,4.9577303274784965
6855,LiBF4,LiBF4,True,0.0,LiPF6,4.9577303274784965,4.9577303274784965
6856,LiBF4,LiBF4,True,0.0,LiPF6,4.9577303274784965,4.9577303274784965
6857,LiBF4,LiBF4,True,0.0,LiPF6,4.9577303274784965,4.9577303274784965
6858,LiBF4,LiBF4,True,0.0,LiPF6,4.9577303274784965,4.9577303274784965
6859,LiBF4,LiBF4,True,0.0,LiPF6,4.9577303274784965,4.9577303274784965
6860,LiBF4,LiBF4,True,0.0,LiPF6,4.9577303274784965,4.9577303274784965
6861,LiBF4,LiBF4,True,0.0,LiPF6,4.9577303274784965,4.9577303274784965
6862,LiBF4,LiBF4,True,0.0,LiPF6,4.9577303274784965,4.9577303274784965
6863,LiBF4,LiBF4,True,0.0,LiPF6,4.9577303274784965,4.9577303274784965
6864,LiBF4,LiBF4,True,0.0,LiPF6,4.9577303274784965,4.9577303274784965
6865,LiBF4,LiBF4,True,0.0,LiPF6,4.9577303274784965,4.9577303274784965
6866,LiBF4,LiBF4,True,0.0,LiPF6,4.9577303274784965,4.9577303274784965
6867,LiBF4,LiBF4,True,0.0,LiPF6,4.9577303274784965,4.9577303274784965
6868,LiBF4,LiBF4,True,0.0,LiPF6,4.9577303274784965,4.9577303274784965
6869,LiBF4,LiBF4,True,0.0,LiPF6,4.9577303274784965,4.9577303274784965
6870,LiBF4,LiBF4,True,0.0,LiPF6,4.9577303274784965,4.9577303274784965
6871,LiBF4,LiBF4,True,0.0,LiPF6,4.9577303274784965,4.9577303274784965
6872,LiBF4,LiBF4,True,0.0,LiPF6,4.9577303274784965,4.9577303274784965
6873,LiBF4,LiBF4,True,0.0,LiPF6,4.9577303274784965,4.9577303274784965
6874,LiBF4,LiBF4,True,0.0,LiPF6,4.9577303274784965,4.9577303274784965
6875,LiBF4,LiBF4,True,0.0,LiPF6,4.9577303274784965,4.9577303274784965
6876,LiBF4,LiBF4,True,0.0,LiPF6,4.9577303274784965,4.9577303274784965
6877,LiBF4,LiBF4,True,0.0,LiPF6,4.9577303274784965,4.9577303274784965
6878,LiBF4,LiBF4,True,0.0,LiPF6,4.9577303274784965,4.9577303274784965
6879,LiBF4,LiBF4,True,0.0,LiPF6,4.9577303274784965,4.9577303274784965
6880,LiBF4,LiBF4,True,0.0,LiPF6,4.9577303274784965,4.9577303274784965
6881,LiBF4,LiBF4,True,0.0,LiPF6,4.9577303274784965,4.9577303274784965
6882,LiBF4,LiBF4,True,0.0,LiPF6,4.9577303274784965,4.9577303274784965
6883,LiBF4,LiBF4,True,0.0,LiPF6,4.9577303274784965,4.9577303274784965
6884,LiBF4,LiBF4,True,0.0,LiPF6,4.9577303274784965,4.9577303274784965
6885,LiBF4,LiBF4,True,0.0,LiPF6,4.9577303274784965,4.9577303274784965
6886,LiBF4,LiBF4,True,0.0,LiPF6,4.9577303274784965,4.9577303274784965
6887,LiBF4,LiBF4,True,0.0,LiPF6,4.9577303274784965,4.9577303274784965
6888,LiBF4,LiBF4,True,0.0,LiPF6,4.9577303274784965,4.9577303274784965
6889,LiBF4,LiBF4,True,0.0,LiPF6,4.9577303274784965,4.9577303274784965
6890,LiBF4,LiBF4,True,0.0,LiPF6,4.9577303274784965,4.9577303274784965
6891,LiBF4,LiBF4,True,0.0,LiPF6,4.9577303274784965,4.9577303274784965
6892,LiBF4,LiBF4,True,0.0,LiPF6,4.9577303274784965,4.9577303274784965
6893,LiBF4,LiBF4,True,0.0,LiPF6,4.9577303274784965,4.9577303274784965
6894,LiBF4,LiBF4,True,0.0,LiPF6,4.9577303274784965,4.9577303274784965
6895,LiBF4,LiBF4,True,0.0,LiPF6,4.9577303274784965,4.9577303274784965
6896,LiBF4,LiBF4,True,0.0,LiPF6,4.9577303274784965,4.9577303274784965
6897,LiBF4,LiBF4,True,0.0,LiPF6,4.9577303274784965,4.9577303274784965
6898,LiBF4,LiBF4,True,0.0,LiPF6,4.9577303274784965,4.9577303274784965
6899,LiBF4,LiBF4,True,0.0,LiPF6,4.9577303274784965,4.9577303274784965
6900,LiBF4,LiBF4,True,0.0,LiPF6,4.9577303274784965,4.9577303274784965
6901,LiBF4,LiBF4,True,0.0,LiPF6,4.9577303274784965,4.9577303274784965
6902,LiBF4,LiBF4,True,0.0,LiPF6,4.9577303274784965,4.9577303274784965
6903,LiBF4,LiBF4,True,0.0,LiPF6,4.9577303274784965,4.9577303274784965
6904,LiBF4,LiBF4,True,0.0,LiPF6,4.9577303274784965,4.9577303274784965
6905,LiBF4,LiBF4,True,0.0,LiPF6,4.9577303274784965,4.9577303274784965
6906,LiBF4,LiBF4,True,0.0,LiPF6,4.9577303274784965,4.9577303274784965
6907,LiBF4,LiBF4,True,0.0,LiPF6,4.9577303274784965,4.9577303274784965
6908,LiBF4,LiBF4,True,0.0,LiPF6,4.9577303274784965,4.9577303274784965
6909,LiBF4,LiBF4,True,0.0,LiPF6,4.9577303274784965,4.9577303274784965
6910,LiBF4,LiBF4,True,0.0,LiPF6,4.9577303274784965,4.9577303274784965
6911,LiBF4,LiBF4,True,0.0,LiPF6,4.9577303274784965,4.9577303274784965
6912,LiBF4,LiBF4,True,0.0,LiPF6,4.9577303274784965,4.9577303274784965
6913,LiBF4,LiBF4,True,0.0,LiPF6,4.9577303274784965,4.9577303274784965
6914,LiBF4,LiBF4,True,0.0,LiPF6,4.9577303274784965,4.9577303274784965
6915,LiBF4,LiBF4,True,0.0,LiPF6,4.9577303274784965,4.9577303274784965
6916,LiBF4,LiBF4,True,0.0,LiPF6,4.9577303274784965,4.9577303274784965
6917,LiBF4,LiBF4,True,0.0,LiPF6,4.9577303274784965,4.9577303274784965
6918,LiBF4,LiBF4,True,0.0,LiPF6,4.9577303274784965,4.9577303274784965
6919,LiBF4,LiBF4,True,0.0,LiPF6,4.9577303274784965,4.9577303274784965
6920,LiBF4,LiBF4,True,0.0,LiPF6,4.9577303274784965,4.9577303274784965
6921,LiBF4,LiBF4,True,0.0,LiPF6,4.9577303274784965,4.9577303274784965
6922,LiBF4,LiBF4,True,0.0,LiPF6,4.9577303274784965,4.9577303274784965
6923,LiBF4,LiBF4,True,0.0,LiPF6,4.9577303274784965,4.9577303274784965
6924,LiBF4,LiBF4,True,0.0,LiPF6,4.9577303274784965,4.9577303274784965
6925,LiBF4,LiBF4,True,0.0,LiPF6,4.9577303274784965,4.9577303274784965
6926,LiBF4,LiBF4,True,0.0,LiPF6,4.9577303274784965,4.9577303274784965
6927,LiBF4,LiBF4,True,0.0,LiPF6,4.9577303274784965,4.9577303274784965
6928,LiBF4,LiBF4,True,0.0,LiPF6,4.9577303274784965,4.9577303274784965
6929,LiBF4,LiBF4,True,0.0,LiPF6,4.9577303274784965,4.9577303274784965
6930,LiBF4,LiBF4,True,0.0,LiPF6,4.9577303274784965,4.9577303274784965
6931,LiBF4,LiBF4,True,0.0,LiPF6,4.9577303274784965,4.9577303274784965
6932,LiBF4,LiBF4,True,0.0,LiPF6,4.9577303274784965,4.9577303274784965
6933,LiBF4,LiBF4,True,0.0,LiPF6,4.9577303274784965,4.9577303274784965
6934,LiBF4,LiBF4,True,0.0,LiPF6,4.9577303274784965,4.9577303274784965
6935,LiBF4,LiBF4,True,0.0,LiPF6,4.9577303274784965,4.9577303274784965
6936,LiBF4,LiBF4,True,0.0,LiPF6,4.9577303274784965,4.9577303274784965
6937,LiBF4,LiBF4,True,0.0,LiPF6,4.9577303274784965,4.9577303274784965
6938,LiBF4,LiBF4,True,0.0,LiPF6,4.9577303274784965,4.9577303274784965
6939,LiBF4,LiBF4,True,0.0,LiPF6,4.9577303274784965,4.9577303274784965
6940,LiBF4,LiBF4,True,0.0,LiPF6,4.9577303274784965,4.9577303274784965
6941,LiBF4,LiBF4,True,0.0,LiPF6,4.9577303274784965,4.9577303274784965
6942,LiBF4,LiBF4,True,0.0,LiPF6,4.9577303274784965,4.9577303274784965
6943,LiBF4,LiBF4,True,0.0,LiPF6,4.9577303274784965,4.9577303274784965
6944,LiBF4,LiBF4,True,0.0,LiPF6,4.9577303274784965,4.9577303274784965
6945,LiBF4,LiBF4,True,0.0,LiPF6,4.9577303274784965,4.9577303274784965
6946,LiBF4,LiBF4,True,0.0,LiPF6,4.9577303274784965,4.9577303274784965
6947,LiBF4,LiBF4,True,0.0,LiPF6,4.9577303274784965,4.9577303274784965
6948,LiBF4,LiBF4,True,0.0,LiPF6,4.9577303274784965,4.9577303274784965
6949,LiBF4,LiBF4,True,0.0,LiPF6,4.9577303274784965,4.9577303274784965
6950,LiBF4,LiBF4,True,0.0,LiPF6,4.9577303274784965,4.9577303274784965
6951,LiBF4,LiBF4,True,0.0,LiPF6,4.9577303274784965,4.9577303274784965
6952,LiBF4,LiBF4,True,0.0,LiPF6,4.9577303274784965,4.9577303274784965
6953,LiBF4,LiBF4,True,0.0,LiPF6,4.9577303274784965,4.9577303274784965
6954,LiBF4,LiBF4,True,0.0,LiPF6,4.9577303274784965,4.9577303274784965
6955,LiBF4,LiBF4,True,0.0,LiPF6,4.9577303274784965,4.9577303274784965
6956,LiBF4,LiBF4,True,0.0,LiPF6,4.9577303274784965,4.9577303274784965
6957,LiBF4,LiBF4,True,0.0,LiPF6,4.9577303274784965,4.9577303274784965
6958,LiBF4,LiBF4,True,0.0,LiPF6,4.9577303274784965,4.9577303274784965
6959,LiBF4,LiBF4,True,0.0,LiPF6,4.9577303274784965,4.9577303274784965
6960,LiBF4,LiBF4,True,0.0,LiPF6,4.9577303274784965,4.9577303274784965
6961,LiBF4,LiBF4,True,0.0,LiPF6,4.9577303274784965,4.9577303274784965
6962,LiBF4,LiBF4,True,0.0,LiPF6,4.9577303274784965,4.9577303274784965
6963,LiBF4,LiBF4,True,0.0,LiPF6,4.9577303274784965,4.9577303274784965
6964,LiBF4,LiBF4,True,0.0,LiPF6,4.9577303274784965,4.9577303274784965
6965,LiBF4,LiBF4,True,0.0,LiPF6,4.9577303274784965,4.9577303274784965
6966,LiBF4,LiBF4,True,0.0,LiPF6,4.9577303274784965,4.9577303274784965
6967,LiBF4,LiBF4,True,0.0,LiPF6,4.9577303274784965,4.9577303274784965
6968,LiBF4,LiBF4,True,0.0,LiPF6,4.9577303274784965,4.9577303274784965
6969,LiBF4,LiBF4,True,0.0,LiPF6,4.9577303274784965,4.9577303274784965
6970,LiBF4,LiBF4,True,0.0,LiPF6,4.9577303274784965,4.9577303274784965
6971,LiBF4,LiBF4,True,0.0,LiPF6,4.9577303274784965,4.9577303274784965
6972,LiBF4,LiBF4,True,0.0,LiPF6,4.9577303274784965,4.9577303274784965
6973,LiBF4,LiBF4,True,0.0,LiPF6,4.9577303274784965,4.9577303274784965
6974,LiBF4,LiBF4,True,0.0,LiPF6,4.9577303274784965,4.9577303274784965
6975,LiBF4,LiBF4,True,0.0,LiPF6,4.9577303274784965,4.9577303274784965
6976,LiBF4,LiBF4,True,0.0,LiPF6,4.9577303274784965,4.9577303274784965
6977,LiBF4,LiBF4,True,0.0,LiPF6,4.9577303274784965,4.9577303274784965
6978,LiBF4,LiBF4,True,0.0,LiPF6,4.9577303274784965,4.9577303274784965
6979,LiBF4,LiBF4,True,0.0,LiPF6,4.9577303274784965,4.9577303274784965
6980,LiBF4,LiBF4,True,0.0,LiPF6,4.9577303274784965,4.9577303274784965
6981,LiBF4,LiBF4,True,0.0,LiPF6,4.9577303274784965,4.9577303274784965
6982,LiBF4,LiBF4,True,0.0,LiPF6,4.9577303274784965,4.9577303274784965
6983,LiBF4,LiBF4,True,0.0,LiPF6,4.9577303274784965,4.9577303274784965
6984,LiBF4,LiBF4,True,0.0,LiPF6,4.9577303274784965,4.9577303274784965
6985,LiBF4,LiBF4,True,0.0,LiPF6,4.9577303274784965,4.9577303274784965
6986,LiBF4,LiBF4,True,0.0,LiPF6,4.9577303274784965,4.9577303274784965
6987,LiBF4,LiBF4,True,0.0,LiPF6,4.9577303274784965,4.9577303274784965
6988,LiBF4,LiBF4,True,0.0,LiPF6,4.9577303274784965,4.9577303274784965
6989,LiBF4,LiBF4,True,0.0,LiPF6,4.9577303274784965,4.9577303274784965
6990,LiBF4,LiBF4,True,0.0,LiPF6,4.9577303274784965,4.9577303274784965
6991,LiBF4,LiBF4,True,0.0,LiPF6,4.9577303274784965,4.9577303274784965
6992,LiBF4,LiBF4,True,0.0,LiPF6,4.9577303274784965,4.9577303274784965
6993,LiBF4,LiBF4,True,0.0,LiPF6,4.9577303274784965,4.9577303274784965
6994,LiBF4,LiBF4,True,0.0,LiPF6,4.9577303274784965,4.9577303274784965
6995,LiBF4,LiBF4,True,0.0,LiPF6,4.9577303274784965,4.9577303274784965
6996,LiBF4,LiBF4,True,0.0,LiPF6,4.9577303274784965,4.9577303274784965
6997,LiBF4,LiBF4,True,0.0,LiPF6,4.9577303274784965,4.9577303274784965
6998,LiBF4,LiBF4,True,0.0,LiPF6,4.9577303274784965,4.9577303274784965
6999,LiBF4,LiBF4,True,0.0,LiPF6,4.9577303274784965,4.9577303274784965
7000,LiBF4,LiBF4,True,0.0,LiPF6,4.9577303274784965,4.9577303274784965
7001,LiBF4,LiBF4,True,0.0,LiPF6,4.9577303274784965,4.9577303274784965
7002,LiBF4,LiBF4,True,0.0,LiPF6,4.9577303274784965,4.9577303274784965
7003,LiBF4,LiBF4,True,0.0,LiPF6,4.9577303274784965,4.9577303274784965
7004,LiBF4,LiBF4,True,0.0,LiPF6,4.9577303274784965,4.9577303274784965
7005,LiBF4,LiBF4,True,0.0,LiPF6,4.9577303274784965,4.9577303274784965
7006,LiBF4,LiBF4,True,0.0,LiPF6,4.9577303274784965,4.9577303274784965
7007,LiBF4,LiBF4,True,0.0,LiPF6,4.9577303274784965,4.9577303274784965
7008,LiBF4,LiBF4,True,0.0,LiPF6,4.9577303274784965,4.9577303274784965
7009,LiBF4,LiBF4,True,0.0,LiPF6,4.9577303274784965,4.9577303274784965
7010,LiBF4,LiBF4,True,0.0,LiPF6,4.9577303274784965,4.9577303274784965
7011,LiBF4,LiBF4,True,0.0,LiPF6,4.9577303274784965,4.9577303274784965
7012,LiBF4,LiBF4,True,0.0,LiPF6,4.9577303274784965,4.9577303274784965
7013,LiBF4,LiBF4,True,0.0,LiPF6,4.9577303274784965,4.9577303274784965
7014,LiBF4,LiBF4,True,0.0,LiPF6,4.9577303274784965,4.9577303274784965
7015,LiBF4,LiBF4,True,0.0,LiPF6,4.9577303274784965,4.9577303274784965
7016,LiBF4,LiBF4,True,0.0,LiPF6,4.9577303274784965,4.9577303274784965
7017,LiBF4,LiBF4,True,0.0,LiPF6,4.9577303274784965,4.9577303274784965
7018,LiBF4,LiBF4,True,0.0,LiPF6,4.9577303274784965,4.9577303274784965
7019,LiBF4,LiBF4,True,0.0,LiPF6,4.9577303274784965,4.9577303274784965
7020,LiBF4,LiBF4,True,0.0,LiPF6,4.9577303274784965,4.9577303274784965
7021,LiBF4,LiBF4,True,0.0,LiPF6,4.9577303274784965,4.9577303274784965
7022,LiBF4,LiBF4,True,0.0,LiPF6,4.9577303274784965,4.9577303274784965
7023,LiBF4,LiBF4,True,0.0,LiPF6,4.9577303274784965,4.9577303274784965
7024,LiBF4,LiBF4,True,0.0,LiPF6,4.9577303274784965,4.9577303274784965
7025,LiBF4,LiBF4,True,0.0,LiPF6,4.9577303274784965,4.9577303274784965
7026,LiBF4,LiBF4,True,0.0,LiPF6,4.9577303274784965,4.9577303274784965
7027,LiBF4,LiBF4,True,0.0,LiPF6,4.9577303274784965,4.9577303274784965
7028,LiBF4,LiBF4,True,0.0,LiPF6,4.9577303274784965,4.9577303274784965
7029,LiBF4,LiBF4,True,0.0,LiPF6,4.9577303274784965,4.9577303274784965
7030,LiBF4,LiBF4,True,0.0,LiPF6,4.9577303274784965,4.9577303274784965
7031,LiBF4,LiBF4,True,0.0,LiPF6,4.9577303274784965,4.9577303274784965
7032,LiBF4,LiBF4,True,0.0,LiPF6,4.9577303274784965,4.9577303274784965
7033,LiBF4,LiBF4,True,0.0,LiPF6,4.9577303274784965,4.9577303274784965
7034,LiBF4,LiBF4,True,0.0,LiPF6,4.9577303274784965,4.9577303274784965
7035,LiBF4,LiBF4,True,0.0,LiPF6,4.9577303274784965,4.9577303274784965
7036,LiBF4,LiBF4,True,0.0,LiPF6,4.9577303274784965,4.9577303274784965
7037,LiBF4,LiBF4,True,0.0,LiPF6,4.9577303274784965,4.9577303274784965
7038,LiBF4,LiBF4,True,0.0,LiPF6,4.9577303274784965,4.9577303274784965
7039,LiBF4,LiBF4,True,0.0,LiPF6,4.9577303274784965,4.9577303274784965
7040,LiBF4,LiBF4,True,0.0,LiPF6,4.9577303274784965,4.9577303274784965
7041,LiBF4,LiBF4,True,0.0,LiPF6,4.9577303274784965,4.9577303274784965
7042,LiBF4,LiBF4,True,0.0,LiPF6,4.9577303274784965,4.9577303274784965
7043,LiBF4,LiBF4,True,0.0,LiPF6,4.9577303274784965,4.9577303274784965
7044,LiBF4,LiBF4,True,0.0,LiPF6,4.9577303274784965,4.9577303274784965
7045,LiBF4,LiBF4,True,0.0,LiPF6,4.9577303274784965,4.9577303274784965
7046,LiBF4,LiBF4,True,0.0,LiPF6,4.9577303274784965,4.9577303274784965
7047,LiBF4,LiBF4,True,0.0,LiPF6,4.9577303274784965,4.9577303274784965
7048,LiBF4,LiBF4,True,0.0,LiPF6,4.9577303274784965,4.9577303274784965
7049,LiBF4,LiBF4,True,0.0,LiPF6,4.9577303274784965,4.9577303274784965
7050,LiBF4,LiBF4,True,0.0,LiPF6,4.9577303274784965,4.9577303274784965
7051,LiBF4,LiBF4,True,0.0,LiPF6,4.9577303274784965,4.9577303274784965
7052,LiBF4,LiBF4,True,0.0,LiPF6,4.9577303274784965,4.9577303274784965
7053,LiBF4,LiBF4,True,0.0,LiPF6,4.9577303274784965,4.9577303274784965
7054,LiBF4,LiBF4,True,0.0,LiPF6,4.9577303274784965,4.9577303274784965
7055,LiBF4,LiBF4,True,0.0,LiPF6,4.9577303274784965,4.9577303274784965
7056,LiBF4,LiBF4,True,0.0,LiPF6,4.9577303274784965,4.9577303274784965
7057,LiBF4,LiBF4,True,0.0,LiPF6,4.9577303274784965,4.9577303274784965
7058,LiBF4,LiBF4,True,0.0,LiPF6,4.9577303274784965,4.9577303274784965
7059,LiBF4,LiBF4,True,0.0,LiPF6,4.9577303274784965,4.9577303274784965
7060,LiBF4,LiBF4,True,0.0,LiPF6,4.9577303274784965,4.9577303274784965
7061,LiBF4,LiBF4,True,0.0,LiPF6,4.9577303274784965,4.9577303274784965
7062,LiBF4,LiBF4,True,0.0,LiPF6,4.9577303274784965,4.9577303274784965
7063,LiBF4,LiBF4,True,0.0,LiPF6,4.9577303274784965,4.9577303274784965
7064,LiBF4,LiBF4,True,0.0,LiPF6,4.9577303274784965,4.9577303274784965
7065,LiBF4,LiBF4,True,0.0,LiPF6,4.9577303274784965,4.9577303274784965
7066,LiBF4,LiBF4,True,0.0,LiPF6,4.9577303274784965,4.9577303274784965
7067,LiBF4,LiBF4,True,0.0,LiPF6,4.9577303274784965,4.9577303274784965
7068,LiBF4,LiBF4,True,0.0,LiPF6,4.9577303274784965,4.9577303274784965
7069,LiBF4,LiBF4,True,0.0,LiPF6,4.9577303274784965,4.9577303274784965
7070,LiBF4,LiBF4,True,0.0,LiPF6,4.9577303274784965,4.9577303274784965
7071,LiBF4,LiBF4,True,0.0,LiPF6,4.9577303274784965,4.9577303274784965
7072,LiBF4,LiBF4,True,0.0,LiPF6,4.9577303274784965,4.9577303274784965
7073,LiBF4,LiBF4,True,0.0,LiPF6,4.9577303274784965,4.9577303274784965
7074,LiBF4,LiBF4,True,0.0,LiPF6,4.9577303274784965,4.9577303274784965
7075,LiBF4,LiBF4,True,0.0,LiPF6,4.9577303274784965,4.9577303274784965
7076,LiBF4,LiBF4,True,0.0,LiPF6,4.9577303274784965,4.9577303274784965
7077,LiBF4,LiBF4,True,0.0,LiPF6,4.9577303274784965,4.9577303274784965
7078,LiBF4,LiBF4,True,0.0,LiPF6,4.9577303274784965,4.9577303274784965
7079,LiBF4,LiBF4,True,0.0,LiPF6,4.9577303274784965,4.9577303274784965
7080,LiBF4,LiBF4,True,0.0,LiPF6,4.9577303274784965,4.9577303274784965
7081,LiBF4,LiBF4,True,0.0,LiPF6,4.9577303274784965,4.9577303274784965
7082,LiBF4,LiBF4,True,0.0,LiPF6,4.9577303274784965,4.9577303274784965
7083,LiBF4,LiBF4,True,0.0,LiPF6,4.9577303274784965,4.9577303274784965
7084,LiBF4,LiBF4,True,0.0,LiPF6,4.9577303274784965,4.9577303274784965
7085,LiBF4,LiBF4,True,0.0,LiPF6,4.9577303274784965,4.9577303274784965
7086,LiBF4,LiBF4,True,0.0,LiPF6,4.9577303274784965,4.9577303274784965
7087,LiBF4,LiBF4,True,0.0,LiPF6,4.9577303274784965,4.9577303274784965
7088,LiBF4,LiBF4,True,0.0,LiPF6,4.9577303274784965,4.9577303274784965
7089,LiBF4,LiBF4,True,0.0,LiPF6,4.9577303274784965,4.9577303274784965
7090,LiBF4,LiBF4,True,0.0,LiPF6,4.9577303274784965,4.9577303274784965
7091,LiBF4,LiBF4,True,0.0,LiPF6,4.9577303274784965,4.9577303274784965
7092,LiBF4,LiBF4,True,0.0,LiPF6,4.9577303274784965,4.9577303274784965
7093,LiBF4,LiBF4,True,0.0,LiPF6,4.9577303274784965,4.9577303274784965
7094,LiBF4,LiBF4,True,0.0,LiPF6,4.9577303274784965,4.9577303274784965
7095,LiBF4,LiBF4,True,0.0,LiPF6,4.9577303274784965,4.9577303274784965
7096,LiBF4,LiBF4,True,0.0,LiPF6,4.9577303274784965,4.9577303274784965
7097,LiBF4,LiBF4,True,0.0,LiPF6,4.9577303274784965,4.9577303274784965
7098,LiBF4,LiBF4,True,0.0,LiPF6,4.9577303274784965,4.9577303274784965
7099,LiBF4,LiBF4,True,0.0,LiPF6,4.9577303274784965,4.9577303274784965
7100,LiBF4,LiBF4,True,0.0,LiPF6,4.9577303274784965,4.9577303274784965
7101,LiBF4,LiBF4,True,0.0,LiPF6,4.9577303274784965,4.9577303274784965
7102,LiBF4,LiBF4,True,0.0,LiPF6,4.9577303274784965,4.9577303274784965
7103,LiBF4,LiBF4,True,0.0,LiPF6,4.9577303274784965,4.9577303274784965
7104,LiBF4,LiBF4,True,0.0,LiPF6,4.9577303274784965,4.9577303274784965
7105,LiBF4,LiBF4,True,0.0,LiPF6,4.9577303274784965,4.9577303274784965
7106,LiBF4,LiBF4,True,0.0,LiPF6,4.9577303274784965,4.9577303274784965
7107,LiBF4,LiBF4,True,0.0,LiPF6,4.9577303274784965,4.9577303274784965
7108,LiBF4,LiBF4,True,0.0,LiPF6,4.9577303274784965,4.9577303274784965
7109,LiBF4,LiBF4,True,0.0,LiPF6,4.9577303274784965,4.9577303274784965
7110,LiBF4,LiBF4,True,0.0,LiPF6,4.9577303274784965,4.9577303274784965
7111,LiBF4,LiBF4,True,0.0,LiPF6,4.9577303274784965,4.9577303274784965
7112,LiBF4,LiBF4,True,0.0,LiPF6,4.9577303274784965,4.9577303274784965
7113,LiBF4,LiBF4,True,0.0,LiPF6,4.9577303274784965,4.9577303274784965
7114,LiBF4,LiBF4,True,0.0,LiPF6,4.9577303274784965,4.9577303274784965
7115,LiBF4,LiBF4,True,0.0,LiPF6,4.9577303274784965,4.9577303274784965
7116,LiBF4,LiBF4,True,0.0,LiPF6,4.9577303274784965,4.9577303274784965
7117,LiBF4,LiBF4,True,0.0,LiPF6,4.9577303274784965,4.9577303274784965
7118,LiBF4,LiBF4,True,0.0,LiPF6,4.9577303274784965,4.9577303274784965
7119,LiBF4,LiBF4,True,0.0,LiPF6,4.9577303274784965,4.9577303274784965
7120,LiBF4,LiBF4,True,0.0,LiPF6,4.9577303274784965,4.9577303274784965
7121,LiBF4,LiBF4,True,0.0,LiPF6,4.9577303274784965,4.9577303274784965
7122,LiBF4,LiBF4,True,0.0,LiPF6,4.9577303274784965,4.9577303274784965
7123,LiBF4,LiBF4,True,0.0,LiPF6,4.9577303274784965,4.9577303274784965
7124,LiBF4,LiBF4,True,0.0,LiPF6,4.9577303274784965,4.9577303274784965
7125,LiBF4,LiBF4,True,0.0,LiPF6,4.9577303274784965,4.9577303274784965
7126,LiBF4,LiBF4,True,0.0,LiPF6,4.9577303274784965,4.9577303274784965
7127,LiBF4,LiBF4,True,0.0,LiPF6,4.9577303274784965,4.9577303274784965
7128,LiBF4,LiBF4,True,0.0,LiPF6,4.9577303274784965,4.9577303274784965
7129,LiBF4,LiBF4,True,0.0,LiPF6,4.9577303274784965,4.9577303274784965
7130,LiBF4,LiBF4,True,0.0,LiPF6,4.9577303274784965,4.9577303274784965
7131,LiBF4,LiBF4,True,0.0,LiPF6,4.9577303274784965,4.9577303274784965
7132,LiBF4,LiBF4,True,0.0,LiPF6,4.9577303274784965,4.9577303274784965
7133,LiBF4,LiBF4,True,0.0,LiPF6,4.9577303274784965,4.9577303274784965
7134,LiBF4,LiBF4,True,0.0,LiPF6,4.9577303274784965,4.9577303274784965
7135,LiBF4,LiBF4,True,0.0,LiPF6,4.9577303274784965,4.9577303274784965
7136,LiBF4,LiBF4,True,0.0,LiPF6,4.9577303274784965,4.9577303274784965
7137,LiBF4,LiBF4,True,0.0,LiPF6,4.9577303274784965,4.9577303274784965
7138,LiBF4,LiBF4,True,0.0,LiPF6,4.9577303274784965,4.9577303274784965
7139,LiBF4,LiBF4,True,0.0,LiPF6,4.9577303274784965,4.9577303274784965
7140,LiBF4,LiBF4,True,0.0,LiPF6,4.9577303274784965,4.9577303274784965
7141,LiBF4,LiBF4,True,0.0,LiPF6,4.9577303274784965,4.9577303274784965
7142,LiBF4,LiBF4,True,0.0,LiPF6,4.9577303274784965,4.9577303274784965
7143,LiBF4,LiBF4,True,0.0,LiPF6,4.9577303274784965,4.9577303274784965
7144,LiBF4,LiBF4,True,0.0,LiPF6,4.9577303274784965,4.9577303274784965
7145,LiBF4,LiBF4,True,0.0,LiPF6,4.9577303274784965,4.9577303274784965
7146,LiBF4,LiBF4,True,0.0,LiPF6,4.9577303274784965,4.9577303274784965
7147,LiBF4,LiBF4,True,0.0,LiPF6,4.9577303274784965,4.9577303274784965
7148,LiBF4,LiBF4,True,0.0,LiPF6,4.9577303274784965,4.9577303274784965
7149,LiBF4,LiBF4,True,0.0,LiPF6,4.9577303274784965,4.9577303274784965
7150,LiBF4,LiBF4,True,0.0,LiPF6,4.9577303274784965,4.9577303274784965
7151,LiBF4,LiBF4,True,0.0,LiPF6,4.9577303274784965,4.9577303274784965
7152,LiBF4,LiBF4,True,0.0,LiPF6,4.9577303274784965,4.9577303274784965
7153,LiBF4,LiBF4,True,0.0,LiPF6,4.9577303274784965,4.9577303274784965
7154,LiBF4,LiBF4,True,0.0,LiPF6,4.9577303274784965,4.9577303274784965
7155,LiBF4,LiBF4,True,0.0,LiPF6,4.9577303274784965,4.9577303274784965
7156,LiBF4,LiBF4,True,0.0,LiPF6,4.9577303274784965,4.9577303274784965
7157,LiBF4,LiBF4,True,0.0,LiPF6,4.9577303274784965,4.9577303274784965
7158,LiBF4,LiBF4,True,0.0,LiPF6,4.9577303274784965,4.9577303274784965
7159,LiBF4,LiBF4,True,0.0,LiPF6,4.9577303274784965,4.9577303274784965
7160,LiBF4,LiBF4,True,0.0,LiPF6,4.9577303274784965,4.9577303274784965
7161,LiBF4,LiBF4,True,0.0,LiPF6,4.9577303274784965,4.9577303274784965
7162,LiBF4,LiBF4,True,0.0,LiPF6,4.9577303274784965,4.9577303274784965
7163,LiBF4,LiBF4,True,0.0,LiPF6,4.9577303274784965,4.9577303274784965
7164,LiBF4,LiBF4,True,0.0,LiPF6,4.9577303274784965,4.9577303274784965
7165,LiBF4,LiBF4,True,0.0,LiPF6,4.9577303274784965,4.9577303274784965
7166,LiBF4,LiBF4,True,0.0,LiPF6,4.9577303274784965,4.9577303274784965
7167,LiBF4,LiBF4,True,0.0,LiPF6,4.9577303274784965,4.9577303274784965
7168,LiBF4,LiBF4,True,0.0,LiPF6,4.9577303274784965,4.9577303274784965
7169,LiBF4,LiBF4,True,0.0,LiPF6,4.9577303274784965,4.9577303274784965
7170,LiBF4,LiBF4,True,0.0,LiPF6,4.9577303274784965,4.9577303274784965
7171,LiBF4,LiBF4,True,0.0,LiPF6,4.9577303274784965,4.9577303274784965
7172,LiBF4,LiBF4,True,0.0,LiPF6,4.9577303274784965,4.9577303274784965
7173,LiBF4,LiBF4,True,0.0,LiPF6,4.9577303274784965,4.9577303274784965
7174,LiBF4,LiBF4,True,0.0,LiPF6,4.9577303274784965,4.9577303274784965
7175,LiBF4,LiBF4,True,0.0,LiPF6,4.9577303274784965,4.9577303274784965
7176,LiBF4,LiBF4,True,0.0,LiPF6,4.9577303274784965,4.9577303274784965
7177,LiBF4,LiBF4,True,0.0,LiPF6,4.9577303274784965,4.9577303274784965
7178,LiBF4,LiBF4,True,0.0,LiPF6,4.9577303274784965,4.9577303274784965
7179,LiBF4,LiBF4,True,0.0,LiPF6,4.9577303274784965,4.9577303274784965
7180,LiBF4,LiBF4,True,0.0,LiPF6,4.9577303274784965,4.9577303274784965
7181,LiBF4,LiBF4,True,0.0,LiPF6,4.9577303274784965,4.9577303274784965
7182,LiBF4,LiBF4,True,0.0,LiPF6,4.9577303274784965,4.9577303274784965
7183,LiBF4,LiBF4,True,0.0,LiPF6,4.9577303274784965,4.9577303274784965
7184,LiBF4,LiBF4,True,0.0,LiPF6,4.9577303274784965,4.9577303274784965
7185,LiBF4,LiBF4,True,0.0,LiPF6,4.9577303274784965,4.9577303274784965
7186,LiBF4,LiBF4,True,0.0,LiPF6,4.9577303274784965,4.9577303274784965
7187,LiBF4,LiBF4,True,0.0,LiPF6,4.9577303274784965,4.9577303274784965
7188,LiBF4,LiBF4,True,0.0,LiPF6,4.9577303274784965,4.9577303274784965
7189,LiBF4,LiBF4,True,0.0,LiPF6,4.9577303274784965,4.9577303274784965
7190,LiBF4,LiBF4,True,0.0,LiPF6,4.9577303274784965,4.9577303274784965
7191,LiBF4,LiBF4,True,0.0,LiPF6,4.9577303274784965,4.9577303274784965
7192,LiBF4,LiBF4,True,0.0,LiPF6,4.9577303274784965,4.9577303274784965
7193,LiBF4,LiBF4,True,0.0,LiPF6,4.9577303274784965,4.9577303274784965
7194,LiBF4,LiBF4,True,0.0,LiPF6,4.9577303274784965,4.9577303274784965
7195,LiBF4,LiBF4,True,0.0,LiPF6,4.9577303274784965,4.9577303274784965
7196,LiBF4,LiBF4,True,0.0,LiPF6,4.9577303274784965,4.9577303274784965
7197,LiBF4,LiBF4,True,0.0,LiPF6,4.9577303274784965,4.9577303274784965
7198,LiBF4,LiBF4,True,0.0,LiPF6,4.9577303274784965,4.9577303274784965
7199,LiBF4,LiBF4,True,0.0,LiPF6,4.9577303274784965,4.9577303274784965
7200,LiBF4,LiBF4,True,0.0,LiPF6,4.9577303274784965,4.9577303274784965
7201,LiBF4,LiBF4,True,0.0,LiPF6,4.9577303274784965,4.9577303274784965
7202,LiBF4,LiBF4,True,0.0,LiPF6,4.9577303274784965,4.9577303274784965
7203,LiBF4,LiBF4,True,0.0,LiPF6,4.9577303274784965,4.9577303274784965
7204,LiBF4,LiBF4,True,0.0,LiPF6,4.9577303274784965,4.9577303274784965
7205,LiBF4,LiBF4,True,0.0,LiPF6,4.9577303274784965,4.9577303274784965
7206,LiBF4,LiBF4,True,0.0,LiPF6,4.9577303274784965,4.9577303274784965
7207,LiBF4,LiBF4,True,0.0,LiPF6,4.9577303274784965,4.9577303274784965
7208,LiBF4,LiBF4,True,0.0,LiPF6,4.9577303274784965,4.9577303274784965
7209,LiBF4,LiBF4,True,0.0,LiPF6,4.9577303274784965,4.9577303274784965
7210,LiBF4,LiBF4,True,0.0,LiPF6,4.9577303274784965,4.9577303274784965
7211,LiBF4,LiBF4,True,0.0,LiPF6,4.9577303274784965,4.9577303274784965
7212,LiBF4,LiBF4,True,0.0,LiPF6,4.9577303274784965,4.9577303274784965
7213,LiBF4,LiBF4,True,0.0,LiPF6,4.9577303274784965,4.9577303274784965
7214,LiBF4,LiBF4,True,0.0,LiPF6,4.9577303274784965,4.9577303274784965
7215,LiBF4,LiBF4,True,0.0,LiPF6,4.9577303274784965,4.9577303274784965
7216,LiBF4,LiBF4,True,0.0,LiPF6,4.9577303274784965,4.9577303274784965
7217,LiBF4,LiBF4,True,0.0,LiPF6,4.9577303274784965,4.9577303274784965
7218,LiBF4,LiBF4,True,0.0,LiPF6,4.9577303274784965,4.9577303274784965
7219,LiBF4,LiBF4,True,0.0,LiPF6,4.9577303274784965,4.9577303274784965
7220,LiBF4,LiBF4,True,0.0,LiPF6,4.9577303274784965,4.9577303274784965
7221,LiBF4,LiBF4,True,0.0,LiPF6,4.9577303274784965,4.9577303274784965
7222,LiBF4,LiBF4,True,0.0,LiPF6,4.9577303274784965,4.9577303274784965
7223,LiBF4,LiBF4,True,0.0,LiPF6,4.9577303274784965,4.9577303274784965
7224,LiBF4,LiBF4,True,0.0,LiPF6,4.9577303274784965,4.9577303274784965
7225,LiBF4,LiBF4,True,0.0,LiPF6,4.9577303274784965,4.9577303274784965
7226,LiBF4,LiBF4,True,0.0,LiPF6,4.9577303274784965,4.9577303274784965
7227,LiBF4,LiBF4,True,0.0,LiPF6,4.9577303274784965,4.9577303274784965
7228,LiBF4,LiBF4,True,0.0,LiPF6,4.9577303274784965,4.9577303274784965
7229,LiBF4,LiBF4,True,0.0,LiPF6,4.9577303274784965,4.9577303274784965
7230,LiBF4,LiBF4,True,0.0,LiPF6,4.9577303274784965,4.9577303274784965
7231,LiBF4,LiBF4,True,0.0,LiPF6,4.9577303274784965,4.9577303274784965
7232,LiBF4,LiBF4,True,0.0,LiPF6,4.9577303274784965,4.9577303274784965
7233,LiBF4,LiBF4,True,0.0,LiPF6,4.9577303274784965,4.9577303274784965
7234,LiBF4,LiBF4,True,0.0,LiPF6,4.9577303274784965,4.9577303274784965
7235,LiBF4,LiBF4,True,0.0,LiPF6,4.9577303274784965,4.9577303274784965
7236,LiBF4,LiBF4,True,0.0,LiPF6,4.9577303274784965,4.9577303274784965
7237,LiBF4,LiBF4,True,0.0,LiPF6,4.9577303274784965,4.9577303274784965
7238,LiBF4,LiBF4,True,0.0,LiPF6,4.9577303274784965,4.9577303274784965
7239,LiBF4,LiBF4,True,0.0,LiPF6,4.9577303274784965,4.9577303274784965
7240,LiBF4,LiBF4,True,0.0,LiPF6,4.9577303274784965,4.9577303274784965
7241,LiBF4,LiBF4,True,0.0,LiPF6,4.9577303274784965,4.9577303274784965
7242,LiBF4,LiBF4,True,0.0,LiPF6,4.9577303274784965,4.9577303274784965
7243,LiBF4,LiBF4,True,0.0,LiPF6,4.9577303274784965,4.9577303274784965
7244,LiBF4,LiBF4,True,0.0,LiPF6,4.9577303274784965,4.9577303274784965
7245,LiBF4,LiBF4,True,0.0,LiPF6,4.9577303274784965,4.9577303274784965
7246,LiBF4,LiBF4,True,0.0,LiPF6,4.9577303274784965,4.9577303274784965
7247,LiBF4,LiBF4,True,0.0,LiPF6,4.9577303274784965,4.9577303274784965
7248,LiBF4,LiBF4,True,0.0,LiPF6,4.9577303274784965,4.9577303274784965
7249,LiBF4,LiBF4,True,0.0,LiPF6,4.9577303274784965,4.9577303274784965
7250,LiBF4,LiBF4,True,0.0,LiPF6,4.9577303274784965,4.9577303274784965
7251,LiBF4,LiBF4,True,0.0,LiPF6,4.9577303274784965,4.9577303274784965
7252,LiBF4,LiBF4,True,0.0,LiPF6,4.9577303274784965,4.9577303274784965
7253,LiBF4,LiBF4,True,0.0,LiPF6,4.9577303274784965,4.9577303274784965
7254,LiBF4,LiBF4,True,0.0,LiPF6,4.9577303274784965,4.9577303274784965
7255,LiBF4,LiBF4,True,0.0,LiPF6,4.9577303274784965,4.9577303274784965
7256,LiBF4,LiBF4,True,0.0,LiPF6,4.9577303274784965,4.9577303274784965
7257,LiBF4,LiBF4,True,0.0,LiPF6,4.9577303274784965,4.9577303274784965
7258,LiBF4,LiBF4,True,0.0,LiPF6,4.9577303274784965,4.9577303274784965
7259,LiBF4,LiBF4,True,0.0,LiPF6,4.9577303274784965,4.9577303274784965
7260,LiBF4,LiBF4,True,0.0,LiPF6,4.9577303274784965,4.9577303274784965
7261,LiBF4,LiBF4,True,0.0,LiPF6,4.9577303274784965,4.9577303274784965
7262,LiBF4,LiBF4,True,0.0,LiPF6,4.9577303274784965,4.9577303274784965
7263,LiBF4,LiBF4,True,0.0,LiPF6,4.9577303274784965,4.9577303274784965
7264,LiBF4,LiBF4,True,0.0,LiPF6,4.9577303274784965,4.9577303274784965
7265,LiBF4,LiBF4,True,0.0,LiPF6,4.9577303274784965,4.9577303274784965
7266,LiBF4,LiBF4,True,0.0,LiPF6,4.9577303274784965,4.9577303274784965
7267,LiBF4,LiBF4,True,0.0,LiPF6,4.9577303274784965,4.9577303274784965
7268,LiBF4,LiBF4,True,0.0,LiPF6,4.9577303274784965,4.9577303274784965
7269,LiBF4,LiBF4,True,0.0,LiPF6,4.9577303274784965,4.9577303274784965
7270,LiBF4,LiBF4,True,0.0,LiPF6,4.9577303274784965,4.9577303274784965
7271,LiBF4,LiBF4,True,0.0,LiPF6,4.9577303274784965,4.9577303274784965
7272,LiBF4,LiBF4,True,0.0,LiPF6,4.9577303274784965,4.9577303274784965
7273,LiBF4,LiBF4,True,0.0,LiPF6,4.9577303274784965,4.9577303274784965
7274,LiBF4,LiBF4,True,0.0,LiPF6,4.9577303274784965,4.9577303274784965
7275,LiBF4,LiBF4,True,0.0,LiPF6,4.9577303274784965,4.9577303274784965
7276,LiBF4,LiBF4,True,0.0,LiPF6,4.9577303274784965,4.9577303274784965
7277,LiBF4,LiBF4,True,0.0,LiPF6,4.9577303274784965,4.9577303274784965
7278,LiBF4,LiBF4,True,0.0,LiPF6,4.9577303274784965,4.9577303274784965
7279,LiBF4,LiBF4,True,0.0,LiPF6,4.9577303274784965,4.9577303274784965
7280,LiBF4,LiBF4,True,0.0,LiPF6,4.9577303274784965,4.9577303274784965
7281,LiBF4,LiBF4,True,0.0,LiPF6,4.9577303274784965,4.9577303274784965
7282,LiBF4,LiBF4,True,0.0,LiPF6,4.9577303274784965,4.9577303274784965
7283,LiBF4,LiBF4,True,0.0,LiPF6,4.9577303274784965,4.9577303274784965
7284,LiBF4,LiBF4,True,0.0,LiPF6,4.9577303274784965,4.9577303274784965
7285,LiBF4,LiBF4,True,0.0,LiPF6,4.9577303274784965,4.9577303274784965
7286,LiBF4,LiBF4,True,0.0,LiPF6,4.9577303274784965,4.9577303274784965
7287,LiBF4,LiBF4,True,0.0,LiPF6,4.9577303274784965,4.9577303274784965
7288,LiBF4,LiBF4,True,0.0,LiPF6,4.9577303274784965,4.9577303274784965
7289,LiBF4,LiBF4,True,0.0,LiPF6,4.9577303274784965,4.9577303274784965
7290,LiBF4,LiBF4,True,0.0,LiPF6,4.9577303274784965,4.9577303274784965
7291,LiBF4,LiBF4,True,0.0,LiPF6,4.9577303274784965,4.9577303274784965
7292,LiBF4,LiBF4,True,0.0,LiPF6,4.9577303274784965,4.9577303274784965
7293,LiBF4,LiBF4,True,0.0,LiPF6,4.9577303274784965,4.9577303274784965
7294,LiBF4,LiBF4,True,0.0,LiPF6,4.9577303274784965,4.9577303274784965
7295,LiBF4,LiBF4,True,0.0,LiPF6,4.9577303274784965,4.9577303274784965
7296,LiBF4,LiBF4,True,0.0,LiPF6,4.9577303274784965,4.9577303274784965
7297,LiBF4,LiBF4,True,0.0,LiPF6,4.9577303274784965,4.9577303274784965
7298,LiBF4,LiBF4,True,0.0,LiPF6,4.9577303274784965,4.9577303274784965
7299,LiBF4,LiBF4,True,0.0,LiPF6,4.9577303274784965,4.9577303274784965
7300,LiBF4,LiBF4,True,0.0,LiPF6,4.9577303274784965,4.9577303274784965
7301,LiBF4,LiBF4,True,0.0,LiPF6,4.9577303274784965,4.9577303274784965
7302,LiBF4,LiBF4,True,0.0,LiPF6,4.9577303274784965,4.9577303274784965
7303,LiBF4,LiBF4,True,0.0,LiPF6,4.9577303274784965,4.9577303274784965
7304,LiBF4,LiBF4,True,0.0,LiPF6,4.9577303274784965,4.9577303274784965
7305,LiBF4,LiBF4,True,0.0,LiPF6,4.9577303274784965,4.9577303274784965
7306,LiBF4,LiBF4,True,0.0,LiPF6,4.9577303274784965,4.9577303274784965
7307,LiBF4,LiBF4,True,0.0,LiPF6,4.9577303274784965,4.9577303274784965
7308,LiBF4,LiBF4,True,0.0,LiPF6,4.9577303274784965,4.9577303274784965
7309,LiBF4,LiBF4,True,0.0,LiPF6,4.9577303274784965,4.9577303274784965
7310,LiBF4,LiBF4,True,0.0,LiPF6,4.9577303274784965,4.9577303274784965
7311,LiBF4,LiBF4,True,0.0,LiPF6,4.9577303274784965,4.9577303274784965
7312,LiBF4,LiBF4,True,0.0,LiPF6,4.9577303274784965,4.9577303274784965
7313,LiBF4,LiBF4,True,0.0,LiPF6,4.9577303274784965,4.9577303274784965
7314,LiBF4,LiBF4,True,0.0,LiPF6,4.9577303274784965,4.9577303274784965
7315,LiBF4,LiBF4,True,0.0,LiPF6,4.9577303274784965,4.9577303274784965
7316,LiBF4,LiBF4,True,0.0,LiPF6,4.9577303274784965,4.9577303274784965
7317,LiBF4,LiBF4,True,0.0,LiPF6,4.9577303274784965,4.9577303274784965
7318,LiBF4,LiBF4,True,0.0,LiPF6,4.9577303274784965,4.9577303274784965
7319,LiBF4,LiBF4,True,0.0,LiPF6,4.9577303274784965,4.9577303274784965
7320,LiBF4,LiBF4,True,0.0,LiPF6,4.9577303274784965,4.9577303274784965
7321,LiBF4,LiBF4,True,0.0,LiPF6,4.9577303274784965,4.9577303274784965
7322,LiBF4,LiBF4,True,0.0,LiPF6,4.9577303274784965,4.9577303274784965
7323,LiBF4,LiBF4,True,0.0,LiPF6,4.9577303274784965,4.9577303274784965
7324,LiBF4,LiBF4,True,0.0,LiPF6,4.9577303274784965,4.9577303274784965
7325,LiBF4,LiBF4,True,0.0,LiPF6,4.9577303274784965,4.9577303274784965
7326,LiBF4,LiBF4,True,0.0,LiPF6,4.9577303274784965,4.9577303274784965
7327,LiBF4,LiBF4,True,0.0,LiPF6,4.9577303274784965,4.9577303274784965
7328,LiBF4,LiBF4,True,0.0,LiPF6,4.9577303274784965,4.9577303274784965
7329,LiBF4,LiBF4,True,0.0,LiPF6,4.9577303274784965,4.9577303274784965
7330,LiBF4,LiBF4,True,0.0,LiPF6,4.9577303274784965,4.9577303274784965
7331,LiBF4,LiBF4,True,0.0,LiPF6,4.9577303274784965,4.9577303274784965
7332,LiBF4,LiBF4,True,0.0,LiPF6,4.9577303274784965,4.9577303274784965
7333,LiBF4,LiBF4,True,0.0,LiPF6,4.9577303274784965,4.9577303274784965
7334,LiBF4,LiBF4,True,0.0,LiPF6,4.9577303274784965,4.9577303274784965
7335,LiBF4,LiBF4,True,0.0,LiPF6,4.9577303274784965,4.9577303274784965
7336,LiBF4,LiBF4,True,0.0,LiPF6,4.9577303274784965,4.9577303274784965
7337,LiBF4,LiBF4,True,0.0,LiPF6,4.9577303274784965,4.9577303274784965
7338,LiBF4,LiBF4,True,0.0,LiPF6,4.9577303274784965,4.9577303274784965
7339,LiBF4,LiBF4,True,0.0,LiPF6,4.9577303274784965,4.9577303274784965
7340,LiBF4,LiBF4,True,0.0,LiPF6,4.9577303274784965,4.9577303274784965
7341,LiBF4,LiBF4,True,0.0,LiPF6,4.9577303274784965,4.9577303274784965
7342,LiBF4,LiBF4,True,0.0,LiPF6,4.9577303274784965,4.9577303274784965
7343,LiBF4,LiBF4,True,0.0,LiPF6,4.9577303274784965,4.9577303274784965
7344,LiBF4,LiBF4,True,0.0,LiPF6,4.9577303274784965,4.9577303274784965
7345,LiBF4,LiBF4,True,0.0,LiPF6,4.9577303274784965,4.9577303274784965
7346,LiBF4,LiBF4,True,0.0,LiPF6,4.9577303274784965,4.9577303274784965
7347,LiBF4,LiBF4,True,0.0,LiPF6,4.9577303274784965,4.9577303274784965
7348,LiBF4,LiBF4,True,0.0,LiPF6,4.9577303274784965,4.9577303274784965
7349,LiBF4,LiBF4,True,0.0,LiPF6,4.9577303274784965,4.9577303274784965
7350,LiBF4,LiBF4,True,0.0,LiPF6,4.9577303274784965,4.9577303274784965
7351,LiBF4,LiBF4,True,0.0,LiPF6,4.9577303274784965,4.9577303274784965
7352,LiBF4,LiBF4,True,0.0,LiPF6,4.9577303274784965,4.9577303274784965
7353,LiBF4,LiBF4,True,0.0,LiPF6,4.9577303274784965,4.9577303274784965
7354,LiBF4,LiBF4,True,0.0,LiPF6,4.9577303274784965,4.9577303274784965
7355,LiBF4,LiBF4,True,0.0,LiPF6,4.9577303274784965,4.9577303274784965
7356,LiBF4,LiBF4,True,0.0,LiPF6,4.9577303274784965,4.9577303274784965
7357,LiBF4,LiBF4,True,0.0,LiPF6,4.9577303274784965,4.9577303274784965
7358,LiBF4,LiBF4,True,0.0,LiPF6,4.9577303274784965,4.9577303274784965
7359,LiBF4,LiBF4,True,0.0,LiPF6,4.9577303274784965,4.9577303274784965
7360,LiBF4,LiBF4,True,0.0,LiPF6,4.9577303274784965,4.9577303274784965
7361,LiBF4,LiBF4,True,0.0,LiPF6,4.9577303274784965,4.9577303274784965
7362,LiBF4,LiBF4,True,0.0,LiPF6,4.9577303274784965,4.9577303274784965
7363,LiBF4,LiBF4,True,0.0,LiPF6,4.9577303274784965,4.9577303274784965
7364,LiBF4,LiBF4,True,0.0,LiPF6,4.9577303274784965,4.9577303274784965
7365,LiBF4,LiBF4,True,0.0,LiPF6,4.9577303274784965,4.9577303274784965
7366,LiBF4,LiBF4,True,0.0,LiPF6,4.9577303274784965,4.9577303274784965
7367,LiBF4,LiBF4,True,0.0,LiPF6,4.9577303274784965,4.9577303274784965
7368,LiBF4,LiBF4,True,0.0,LiPF6,4.9577303274784965,4.9577303274784965
7369,LiBF4,LiBF4,True,0.0,LiPF6,4.9577303274784965,4.9577303274784965
7370,LiBF4,LiBF4,True,0.0,LiPF6,4.9577303274784965,4.9577303274784965
7371,LiBF4,LiBF4,True,0.0,LiPF6,4.9577303274784965,4.9577303274784965
7372,LiBF4,LiBF4,True,0.0,LiPF6,4.9577303274784965,4.9577303274784965
7373,LiBF4,LiBF4,True,0.0,LiPF6,4.9577303274784965,4.9577303274784965
7374,LiBF4,LiBF4,True,0.0,LiPF6,4.9577303274784965,4.9577303274784965
7375,LiBF4,LiBF4,True,0.0,LiPF6,4.9577303274784965,4.9577303274784965
7376,LiBF4,LiBF4,True,0.0,LiPF6,4.9577303274784965,4.9577303274784965
7377,LiBF4,LiBF4,True,0.0,LiPF6,4.9577303274784965,4.9577303274784965
7378,LiBF4,LiBF4,True,0.0,LiPF6,4.9577303274784965,4.9577303274784965
7379,LiBF4,LiBF4,True,0.0,LiPF6,4.9577303274784965,4.9577303274784965
7380,LiBF4,LiBF4,True,0.0,LiPF6,4.9577303274784965,4.9577303274784965
7381,LiBF4,LiBF4,True,0.0,LiPF6,4.9577303274784965,4.9577303274784965
7382,LiBF4,LiBF4,True,0.0,LiPF6,4.9577303274784965,4.9577303274784965
7383,LiBF4,LiBF4,True,0.0,LiPF6,4.9577303274784965,4.9577303274784965
7384,LiBF4,LiBF4,True,0.0,LiPF6,4.9577303274784965,4.9577303274784965
7385,LiBF4,LiBF4,True,0.0,LiPF6,4.9577303274784965,4.9577303274784965
7386,LiBF4,LiBF4,True,0.0,LiPF6,4.9577303274784965,4.9577303274784965
7387,LiBF4,LiBF4,True,0.0,LiPF6,4.9577303274784965,4.9577303274784965
7388,LiBF4,LiBF4,True,0.0,LiPF6,4.9577303274784965,4.9577303274784965
7389,LiBF4,LiBF4,True,0.0,LiPF6,4.9577303274784965,4.9577303274784965
7390,LiBF4,LiBF4,True,0.0,LiPF6,4.9577303274784965,4.9577303274784965
7391,LiBF4,LiBF4,True,0.0,LiPF6,4.9577303274784965,4.9577303274784965
7392,LiBF4,LiBF4,True,0.0,LiPF6,4.9577303274784965,4.9577303274784965
7393,LiBF4,LiBF4,True,0.0,LiPF6,4.9577303274784965,4.9577303274784965
7394,LiBF4,LiBF4,True,0.0,LiPF6,4.9577303274784965,4.9577303274784965
7395,LiBF4,LiBF4,True,0.0,LiPF6,4.9577303274784965,4.9577303274784965
7396,LiBF4,LiBF4,True,0.0,LiPF6,4.9577303274784965,4.9577303274784965
7397,LiBF4,LiBF4,True,0.0,LiPF6,4.9577303274784965,4.9577303274784965
7398,LiBF4,LiBF4,True,0.0,LiPF6,4.9577303274784965,4.9577303274784965
7399,LiBF4,LiBF4,True,0.0,LiPF6,4.9577303274784965,4.9577303274784965
7400,LiBF4,LiBF4,True,0.0,LiPF6,4.9577303274784965,4.9577303274784965
7401,LiBF4,LiBF4,True,0.0,LiPF6,4.9577303274784965,4.9577303274784965
7402,LiBF4,LiBF4,True,0.0,LiPF6,4.9577303274784965,4.9577303274784965
7403,LiBF4,LiBF4,True,0.0,LiPF6,4.9577303274784965,4.9577303274784965
7404,LiBF4,LiBF4,True,0.0,LiPF6,4.9577303274784965,4.9577303274784965
7405,LiBF4,LiBF4,True,0.0,LiPF6,4.9577303274784965,4.9577303274784965
7406,LiBF4,LiBF4,True,0.0,LiPF6,4.9577303274784965,4.9577303274784965
7407,LiBF4,LiBF4,True,0.0,LiPF6,4.9577303274784965,4.9577303274784965
7408,LiBF4,LiBF4,True,0.0,LiPF6,4.9577303274784965,4.9577303274784965
7409,LiBF4,LiBF4,True,0.0,LiPF6,4.9577303274784965,4.9577303274784965
7410,LiBF4,LiBF4,True,0.0,LiPF6,4.9577303274784965,4.9577303274784965
7411,LiBF4,LiBF4,True,0.0,LiPF6,4.9577303274784965,4.9577303274784965
7412,LiBF4,LiBF4,True,0.0,LiPF6,4.9577303274784965,4.9577303274784965
7413,LiBF4,LiBF4,True,0.0,LiPF6,4.9577303274784965,4.9577303274784965
7414,LiBF4,LiBF4,True,0.0,LiPF6,4.9577303274784965,4.9577303274784965
7415,LiBF4,LiBF4,True,0.0,LiPF6,4.9577303274784965,4.9577303274784965
7416,LiBF4,LiBF4,True,0.0,LiPF6,4.9577303274784965,4.9577303274784965
7417,LiBF4,LiBF4,True,0.0,LiPF6,4.9577303274784965,4.9577303274784965
7418,LiBF4,LiBF4,True,0.0,LiPF6,4.9577303274784965,4.9577303274784965
7419,LiBF4,LiBF4,True,0.0,LiPF6,4.9577303274784965,4.9577303274784965
7420,LiBF4,LiBF4,True,0.0,LiPF6,4.9577303274784965,4.9577303274784965
7421,LiBF4,LiBF4,True,0.0,LiPF6,4.9577303274784965,4.9577303274784965
7422,LiBF4,LiBF4,True,0.0,LiPF6,4.9577303274784965,4.9577303274784965
7423,LiBF4,LiBF4,True,0.0,LiPF6,4.9577303274784965,4.9577303274784965
7424,LiBF4,LiBF4,True,0.0,LiPF6,4.9577303274784965,4.9577303274784965
7425,LiBF4,LiBF4,True,0.0,LiPF6,4.9577303274784965,4.9577303274784965
7426,LiBF4,LiBF4,True,0.0,LiPF6,4.9577303274784965,4.9577303274784965
7427,LiBF4,LiBF4,True,0.0,LiPF6,4.9577303274784965,4.9577303274784965
7428,LiBF4,LiBF4,True,0.0,LiPF6,4.9577303274784965,4.9577303274784965
7429,LiBF4,LiBF4,True,0.0,LiPF6,4.9577303274784965,4.9577303274784965
7430,LiBF4,LiBF4,True,0.0,LiPF6,4.9577303274784965,4.9577303274784965
7431,LiBF4,LiBF4,True,0.0,LiPF6,4.9577303274784965,4.9577303274784965
7432,LiBF4,LiBF4,True,0.0,LiPF6,4.9577303274784965,4.9577303274784965
7433,LiBF4,LiBF4,True,0.0,LiPF6,4.9577303274784965,4.9577303274784965
7434,LiBF4,LiBF4,True,0.0,LiPF6,4.9577303274784965,4.9577303274784965
7435,LiBF4,LiBF4,True,0.0,LiPF6,4.9577303274784965,4.9577303274784965
7436,LiBF4,LiBF4,True,0.0,LiPF6,4.9577303274784965,4.9577303274784965
7437,LiBF4,LiBF4,True,0.0,LiPF6,4.9577303274784965,4.9577303274784965
7438,LiBF4,LiBF4,True,0.0,LiPF6,4.9577303274784965,4.9577303274784965
7439,LiBF4,LiBF4,True,0.0,LiPF6,4.9577303274784965,4.9577303274784965
7440,LiBF4,LiBF4,True,0.0,LiPF6,4.9577303274784965,4.9577303274784965
7441,LiBF4,LiBF4,True,0.0,LiPF6,4.9577303274784965,4.9577303274784965
7442,LiBF4,LiBF4,True,0.0,LiPF6,4.9577303274784965,4.9577303274784965
7443,LiBF4,LiBF4,True,0.0,LiPF6,4.9577303274784965,4.9577303274784965
7444,LiBF4,LiBF4,True,0.0,LiPF6,4.9577303274784965,4.9577303274784965
7445,LiBF4,LiBF4,True,0.0,LiPF6,4.9577303274784965,4.9577303274784965
7446,LiBF4,LiBF4,True,0.0,LiPF6,4.9577303274784965,4.9577303274784965
7447,LiBF4,LiBF4,True,0.0,LiPF6,4.9577303274784965,4.9577303274784965
7448,LiBF4,LiBF4,True,0.0,LiPF6,4.9577303274784965,4.9577303274784965
7449,LiBF4,LiBF4,True,0.0,LiPF6,4.9577303274784965,4.9577303274784965
7450,LiBF4,LiBF4,True,0.0,LiPF6,4.9577303274784965,4.9577303274784965
7451,LiBF4,LiBF4,True,0.0,LiPF6,4.9577303274784965,4.9577303274784965
7452,LiBF4,LiBF4,True,0.0,LiPF6,4.9577303274784965,4.9577303274784965
7453,LiBF4,LiBF4,True,0.0,LiPF6,4.9577303274784965,4.9577303274784965
7454,LiBF4,LiBF4,True,0.0,LiPF6,4.9577303274784965,4.9577303274784965
7455,LiBF4,LiBF4,True,0.0,LiPF6,4.9577303274784965,4.9577303274784965
7456,LiBF4,LiBF4,True,0.0,LiPF6,4.9577303274784965,4.9577303274784965
7457,LiBF4,LiBF4,True,0.0,LiPF6,4.9577303274784965,4.9577303274784965
7458,LiBF4,LiBF4,True,0.0,LiPF6,4.9577303274784965,4.9577303274784965
7459,LiBF4,LiBF4,True,0.0,LiPF6,4.9577303274784965,4.9577303274784965
7460,LiBF4,LiBF4,True,0.0,LiPF6,4.9577303274784965,4.9577303274784965
7461,LiBF4,LiBF4,True,0.0,LiPF6,4.9577303274784965,4.9577303274784965
7462,LiBF4,LiBF4,True,0.0,LiPF6,4.9577303274784965,4.9577303274784965
7463,LiBF4,LiBF4,True,0.0,LiPF6,4.9577303274784965,4.9577303274784965
7464,LiBF4,LiBF4,True,0.0,LiPF6,4.9577303274784965,4.9577303274784965
7465,LiBF4,LiBF4,True,0.0,LiPF6,4.9577303274784965,4.9577303274784965
7466,LiBF4,LiBF4,True,0.0,LiPF6,4.9577303274784965,4.9577303274784965
7467,LiBF4,LiBF4,True,0.0,LiPF6,4.9577303274784965,4.9577303274784965
7468,LiBF4,LiBF4,True,0.0,LiPF6,4.9577303274784965,4.9577303274784965
7469,LiBF4,LiBF4,True,0.0,LiPF6,4.9577303274784965,4.9577303274784965
7470,LiBF4,LiBF4,True,0.0,LiPF6,4.9577303274784965,4.9577303274784965
7471,LiBF4,LiBF4,True,0.0,LiPF6,4.9577303274784965,4.9577303274784965
7472,LiBF4,LiBF4,True,0.0,LiPF6,4.9577303274784965,4.9577303274784965
7473,LiBF4,LiBF4,True,0.0,LiPF6,4.9577303274784965,4.9577303274784965
7474,LiBF4,LiBF4,True,0.0,LiPF6,4.9577303274784965,4.9577303274784965
7475,LiBF4,LiBF4,True,0.0,LiPF6,4.9577303274784965,4.9577303274784965
7476,LiBF4,LiBF4,True,0.0,LiPF6,4.9577303274784965,4.9577303274784965
7477,LiBF4,LiBF4,True,0.0,LiPF6,4.9577303274784965,4.9577303274784965
7478,LiBF4,LiBF4,True,0.0,LiPF6,4.9577303274784965,4.9577303274784965
7479,LiBF4,LiBF4,True,0.0,LiPF6,4.9577303274784965,4.9577303274784965
7480,LiBF4,LiBF4,True,0.0,LiPF6,4.9577303274784965,4.9577303274784965
7481,LiBF4,LiBF4,True,0.0,LiPF6,4.9577303274784965,4.9577303274784965
7482,LiBF4,LiBF4,True,0.0,LiPF6,4.9577303274784965,4.9577303274784965
7483,LiBF4,LiBF4,True,0.0,LiPF6,4.9577303274784965,4.9577303274784965
7484,LiBF4,LiBF4,True,0.0,LiPF6,4.9577303274784965,4.9577303274784965
7485,LiBF4,LiBF4,True,0.0,LiPF6,4.9577303274784965,4.9577303274784965
7486,LiBF4,LiBF4,True,0.0,LiPF6,4.9577303274784965,4.9577303274784965
7487,LiBF4,LiBF4,True,0.0,LiPF6,4.9577303274784965,4.9577303274784965
7488,LiBF4,LiBF4,True,0.0,LiPF6,4.9577303274784965,4.9577303274784965
7489,LiBF4,LiBF4,True,0.0,LiPF6,4.9577303274784965,4.9577303274784965
7490,LiBF4,LiBF4,True,0.0,LiPF6,4.9577303274784965,4.9577303274784965
7491,LiBF4,LiBF4,True,0.0,LiPF6,4.9577303274784965,4.9577303274784965
7492,LiBF4,LiBF4,True,0.0,LiPF6,4.9577303274784965,4.9577303274784965
7493,LiBF4,LiBF4,True,0.0,LiPF6,4.9577303274784965,4.9577303274784965
7494,LiBF4,LiBF4,True,0.0,LiPF6,4.9577303274784965,4.9577303274784965
7495,LiBF4,LiBF4,True,0.0,LiPF6,4.9577303274784965,4.9577303274784965
7496,LiBF4,LiBF4,True,0.0,LiPF6,4.9577303274784965,4.9577303274784965
7497,LiBF4,LiBF4,True,0.0,LiPF6,4.9577303274784965,4.9577303274784965
7498,LiBF4,LiBF4,True,0.0,LiPF6,4.9577303274784965,4.9577303274784965
7499,LiBF4,LiBF4,True,0.0,LiPF6,4.9577303274784965,4.9577303274784965
7500,LiBF4,LiBF4,True,0.0,LiPF6,4.9577303274784965,4.9577303274784965
7501,LiBF4,LiBF4,True,0.0,LiPF6,4.9577303274784965,4.9577303274784965
7502,LiBF4,LiBF4,True,0.0,LiPF6,4.9577303274784965,4.9577303274784965
7503,LiBF4,LiBF4,True,0.0,LiPF6,4.9577303274784965,4.9577303274784965
7504,LiBF4,LiBF4,True,0.0,LiPF6,4.9577303274784965,4.9577303274784965
7505,LiBF4,LiBF4,True,0.0,LiPF6,4.9577303274784965,4.9577303274784965
7506,LiBF4,LiBF4,True,0.0,LiPF6,4.9577303274784965,4.9577303274784965
7507,LiBF4,LiBF4,True,0.0,LiPF6,4.9577303274784965,4.9577303274784965
7508,LiBF4,LiBF4,True,0.0,LiPF6,4.9577303274784965,4.9577303274784965
7509,LiBF4,LiBF4,True,0.0,LiPF6,4.9577303274784965,4.9577303274784965
7510,LiBF4,LiBF4,True,0.0,LiPF6,4.9577303274784965,4.9577303274784965
7511,LiBF4,LiBF4,True,0.0,LiPF6,4.9577303274784965,4.9577303274784965
7512,LiBF4,LiBF4,True,0.0,LiPF6,4.9577303274784965,4.9577303274784965
7513,LiBF4,LiBF4,True,0.0,LiPF6,4.9577303274784965,4.9577303274784965
7514,LiBF4,LiBF4,True,0.0,LiPF6,4.9577303274784965,4.9577303274784965
7515,LiBF4,LiBF4,True,0.0,LiPF6,4.9577303274784965,4.9577303274784965
7516,LiBF4,LiBF4,True,0.0,LiPF6,4.9577303274784965,4.9577303274784965
7517,LiBF4,LiBF4,True,0.0,LiPF6,4.9577303274784965,4.9577303274784965
7518,LiBF4,LiBF4,True,0.0,LiPF6,4.9577303274784965,4.9577303274784965
7519,LiBF4,LiBF4,True,0.0,LiPF6,4.9577303274784965,4.9577303274784965
7520,LiBF4,LiBF4,True,0.0,LiPF6,4.9577303274784965,4.9577303274784965
7521,LiBF4,LiBF4,True,0.0,LiPF6,4.9577303274784965,4.9577303274784965
7522,LiBF4,LiBF4,True,0.0,LiPF6,4.9577303274784965,4.9577303274784965
7523,LiBF4,LiBF4,True,0.0,LiPF6,4.9577303274784965,4.9577303274784965
7524,LiBF4,LiBF4,True,0.0,LiPF6,4.9577303274784965,4.9577303274784965
7525,LiBF4,LiBF4,True,0.0,LiPF6,4.9577303274784965,4.9577303274784965
7526,LiBF4,LiBF4,True,0.0,LiPF6,4.9577303274784965,4.9577303274784965
7527,LiBF4,LiBF4,True,0.0,LiPF6,4.9577303274784965,4.9577303274784965
7528,LiBF4,LiBF4,True,0.0,LiPF6,4.9577303274784965,4.9577303274784965
7529,LiBF4,LiBF4,True,0.0,LiPF6,4.9577303274784965,4.9577303274784965
7530,LiBF4,LiBF4,True,0.0,LiPF6,4.9577303274784965,4.9577303274784965
7531,LiBF4,LiBF4,True,0.0,LiPF6,4.9577303274784965,4.9577303274784965
7532,LiBF4,LiBF4,True,0.0,LiPF6,4.9577303274784965,4.9577303274784965
7533,LiBF4,LiBF4,True,0.0,LiPF6,4.9577303274784965,4.9577303274784965
7534,LiBF4,LiBF4,True,0.0,LiPF6,4.9577303274784965,4.9577303274784965
7535,LiBF4,LiBF4,True,0.0,LiPF6,4.9577303274784965,4.9577303274784965
7536,LiBF4,LiBF4,True,0.0,LiPF6,4.9577303274784965,4.9577303274784965
7537,LiBF4,LiBF4,True,0.0,LiPF6,4.9577303274784965,4.9577303274784965
7538,LiBF4,LiBF4,True,0.0,LiPF6,4.9577303274784965,4.9577303274784965
7539,LiBF4,LiBF4,True,0.0,LiPF6,4.9577303274784965,4.9577303274784965
7540,LiBF4,LiBF4,True,0.0,LiPF6,4.9577303274784965,4.9577303274784965
7541,LiBF4,LiBF4,True,0.0,LiPF6,4.9577303274784965,4.9577303274784965
7542,LiBF4,LiBF4,True,0.0,LiPF6,4.9577303274784965,4.9577303274784965
7543,LiBF4,LiBF4,True,0.0,LiPF6,4.9577303274784965,4.9577303274784965
7544,LiBF4,LiBF4,True,0.0,LiPF6,4.9577303274784965,4.9577303274784965
7545,LiBF4,LiBF4,True,0.0,LiPF6,4.9577303274784965,4.9577303274784965
7546,LiBF4,LiBF4,True,0.0,LiPF6,4.9577303274784965,4.9577303274784965
7547,LiBF4,LiBF4,True,0.0,LiPF6,4.9577303274784965,4.9577303274784965
7548,LiBF4,LiBF4,True,0.0,LiPF6,4.9577303274784965,4.9577303274784965
7549,LiBF4,LiBF4,True,0.0,LiPF6,4.9577303274784965,4.9577303274784965
7550,LiBF4,LiBF4,True,0.0,LiPF6,4.9577303274784965,4.9577303274784965
7551,LiBF4,LiBF4,True,0.0,LiPF6,4.9577303274784965,4.9577303274784965
7552,LiBF4,LiBF4,True,0.0,LiPF6,4.9577303274784965,4.9577303274784965
7553,LiBF4,LiBF4,True,0.0,LiPF6,4.9577303274784965,4.9577303274784965
7554,LiBF4,LiBF4,True,0.0,LiPF6,4.9577303274784965,4.9577303274784965
7555,LiBF4,LiBF4,True,0.0,LiPF6,4.9577303274784965,4.9577303274784965
7556,LiBF4,LiBF4,True,0.0,LiPF6,4.9577303274784965,4.9577303274784965
7557,LiBF4,LiBF4,True,0.0,LiPF6,4.9577303274784965,4.9577303274784965
7558,LiBF4,LiBF4,True,0.0,LiPF6,4.9577303274784965,4.9577303274784965
7559,LiBF4,LiBF4,True,0.0,LiPF6,4.9577303274784965,4.9577303274784965
7560,LiBF4,LiBF4,True,0.0,LiPF6,4.9577303274784965,4.9577303274784965
7561,LiBF4,LiBF4,True,0.0,LiPF6,4.9577303274784965,4.9577303274784965
7562,LiBF4,LiBF4,True,0.0,LiPF6,4.9577303274784965,4.9577303274784965
7563,LiBF4,LiBF4,True,0.0,LiPF6,4.9577303274784965,4.9577303274784965
7564,LiBF4,LiBF4,True,0.0,LiPF6,4.9577303274784965,4.9577303274784965
7565,LiBF4,LiBF4,True,0.0,LiPF6,4.9577303274784965,4.9577303274784965
7566,LiBF4,LiBF4,True,0.0,LiPF6,4.9577303274784965,4.9577303274784965
7567,LiBF4,LiBF4,True,0.0,LiPF6,4.9577303274784965,4.9577303274784965
7568,LiBF4,LiBF4,True,0.0,LiPF6,4.9577303274784965,4.9577303274784965
7569,LiBF4,LiBF4,True,0.0,LiPF6,4.9577303274784965,4.9577303274784965
7570,LiBF4,LiBF4,True,0.0,LiPF6,4.9577303274784965,4.9577303274784965
7571,LiBF4,LiBF4,True,0.0,LiPF6,4.9577303274784965,4.9577303274784965
7572,LiBF4,LiBF4,True,0.0,LiPF6,4.9577303274784965,4.9577303274784965
7573,LiBF4,LiBF4,True,0.0,LiPF6,4.9577303274784965,4.9577303274784965
7574,LiBF4,LiBF4,True,0.0,LiPF6,4.9577303274784965,4.9577303274784965
7575,LiBF4,LiBF4,True,0.0,LiPF6,4.9577303274784965,4.9577303274784965
7576,LiBF4,LiBF4,True,0.0,LiPF6,4.9577303274784965,4.9577303274784965
7577,LiBF4,LiBF4,True,0.0,LiPF6,4.9577303274784965,4.9577303274784965
7578,LiBF4,LiBF4,True,0.0,LiPF6,4.9577303274784965,4.9577303274784965
7579,LiBF4,LiBF4,True,0.0,LiPF6,4.9577303274784965,4.9577303274784965
7580,LiBF4,LiBF4,True,0.0,LiPF6,4.9577303274784965,4.9577303274784965
7581,LiBF4,LiBF4,True,0.0,LiPF6,4.9577303274784965,4.9577303274784965
7582,LiBF4,LiBF4,True,0.0,LiPF6,4.9577303274784965,4.9577303274784965
7583,LiBF4,LiBF4,True,0.0,LiPF6,4.9577303274784965,4.9577303274784965
7584,LiBF4,LiBF4,True,0.0,LiPF6,4.9577303274784965,4.9577303274784965
7585,LiBF4,LiBF4,True,0.0,LiPF6,4.9577303274784965,4.9577303274784965
7586,LiBF4,LiBF4,True,0.0,LiPF6,4.9577303274784965,4.9577303274784965
7587,LiBF4,LiBF4,True,0.0,LiPF6,4.9577303274784965,4.9577303274784965
7588,LiBF4,LiBF4,True,0.0,LiPF6,4.9577303274784965,4.9577303274784965
7589,LiBF4,LiBF4,True,0.0,LiPF6,4.9577303274784965,4.9577303274784965
7590,LiBF4,LiBF4,True,0.0,LiPF6,4.9577303274784965,4.9577303274784965
7591,LiBF4,LiBF4,True,0.0,LiPF6,4.9577303274784965,4.9577303274784965
7592,LiBF4,LiBF4,True,0.0,LiPF6,4.9577303274784965,4.9577303274784965
7593,LiBF4,LiBF4,True,0.0,LiPF6,4.9577303274784965,4.9577303274784965
7594,LiBF4,LiBF4,True,0.0,LiPF6,4.9577303274784965,4.9577303274784965
7595,LiBF4,LiBF4,True,0.0,LiPF6,4.9577303274784965,4.9577303274784965
7596,LiBF4,LiBF4,True,0.0,LiPF6,4.9577303274784965,4.9577303274784965
7597,LiBF4,LiBF4,True,0.0,LiPF6,4.9577303274784965,4.9577303274784965
7598,LiBF4,LiBF4,True,0.0,LiPF6,4.9577303274784965,4.9577303274784965
7599,LiBF4,LiBF4,True,0.0,LiPF6,4.9577303274784965,4.9577303274784965
7600,LiBF4,LiBF4,True,0.0,LiPF6,4.9577303274784965,4.9577303274784965
7601,LiBF4,LiBF4,True,0.0,LiPF6,4.9577303274784965,4.9577303274784965
7602,LiBF4,LiBF4,True,0.0,LiPF6,4.9577303274784965,4.9577303274784965
7603,LiBF4,LiBF4,True,0.0,LiPF6,4.9577303274784965,4.9577303274784965
7604,LiBF4,LiBF4,True,0.0,LiPF6,4.9577303274784965,4.9577303274784965
7605,LiBF4,LiBF4,True,0.0,LiPF6,4.9577303274784965,4.9577303274784965
7606,LiBF4,LiBF4,True,0.0,LiPF6,4.9577303274784965,4.9577303274784965
7607,LiBF4,LiBF4,True,0.0,LiPF6,4.9577303274784965,4.9577303274784965
7608,LiBF4,LiBF4,True,0.0,LiPF6,4.9577303274784965,4.9577303274784965
7609,LiBF4,LiBF4,True,0.0,LiPF6,4.9577303274784965,4.9577303274784965
7610,LiBF4,LiBF4,True,0.0,LiPF6,4.9577303274784965,4.9577303274784965
7611,LiBF4,LiBF4,True,0.0,LiPF6,4.9577303274784965,4.9577303274784965
7612,LiBF4,LiBF4,True,0.0,LiPF6,4.9577303274784965,4.9577303274784965
7613,LiBF4,LiBF4,True,0.0,LiPF6,4.9577303274784965,4.9577303274784965
7614,LiBF4,LiBF4,True,0.0,LiPF6,4.9577303274784965,4.9577303274784965
7615,LiBF4,LiBF4,True,0.0,LiPF6,4.9577303274784965,4.9577303274784965
7616,LiBF4,LiBF4,True,0.0,LiPF6,4.9577303274784965,4.9577303274784965
7617,LiBF4,LiBF4,True,0.0,LiPF6,4.9577303274784965,4.9577303274784965
7618,LiBF4,LiBF4,True,0.0,LiPF6,4.9577303274784965,4.9577303274784965
7619,LiBF4,LiBF4,True,0.0,LiPF6,4.9577303274784965,4.9577303274784965
7620,LiBF4,LiBF4,True,0.0,LiPF6,4.9577303274784965,4.9577303274784965
7621,LiBF4,LiBF4,True,0.0,LiPF6,4.9577303274784965,4.9577303274784965
7622,LiBF4,LiBF4,True,0.0,LiPF6,4.9577303274784965,4.9577303274784965
7623,LiBF4,LiBF4,True,0.0,LiPF6,4.9577303274784965,4.9577303274784965
7624,LiBF4,LiBF4,True,0.0,LiPF6,4.9577303274784965,4.9577303274784965
7625,LiBF4,LiBF4,True,0.0,LiPF6,4.9577303274784965,4.9577303274784965
7626,LiBF4,LiBF4,True,0.0,LiPF6,4.9577303274784965,4.9577303274784965
7627,LiBF4,LiBF4,True,0.0,LiPF6,4.9577303274784965,4.9577303274784965
7628,LiBF4,LiBF4,True,0.0,LiPF6,4.9577303274784965,4.9577303274784965
7629,LiBF4,LiBF4,True,0.0,LiPF6,4.9577303274784965,4.9577303274784965
7630,LiBF4,LiBF4,True,0.0,LiPF6,4.9577303274784965,4.9577303274784965
7631,LiBF4,LiBF4,True,0.0,LiPF6,4.9577303274784965,4.9577303274784965
7632,LiBF4,LiBF4,True,0.0,LiPF6,4.9577303274784965,4.9577303274784965
7633,LiBF4,LiBF4,True,0.0,LiPF6,4.9577303274784965,4.9577303274784965
7634,LiBF4,LiBF4,True,0.0,LiPF6,4.9577303274784965,4.9577303274784965
7635,LiBF4,LiBF4,True,0.0,LiPF6,4.9577303274784965,4.9577303274784965
7636,LiBF4,LiBF4,True,0.0,LiPF6,4.9577303274784965,4.9577303274784965
7637,LiBF4,LiBF4,True,0.0,LiPF6,4.9577303274784965,4.9577303274784965
7638,LiBF4,LiBF4,True,0.0,LiPF6,4.9577303274784965,4.9577303274784965
7639,LiBF4,LiBF4,True,0.0,LiPF6,4.9577303274784965,4.9577303274784965
7640,LiBF4,LiBF4,True,0.0,LiPF6,4.9577303274784965,4.9577303274784965
7641,LiBF4,LiBF4,True,0.0,LiPF6,4.9577303274784965,4.9577303274784965
7642,LiBF4,LiBF4,True,0.0,LiPF6,4.9577303274784965,4.9577303274784965
7643,LiBF4,LiBF4,True,0.0,LiPF6,4.9577303274784965,4.9577303274784965
7644,LiBF4,LiBF4,True,0.0,LiPF6,4.9577303274784965,4.9577303274784965
7645,LiBF4,LiBF4,True,0.0,LiPF6,4.9577303274784965,4.9577303274784965
7646,LiBF4,LiBF4,True,0.0,LiPF6,4.9577303274784965,4.9577303274784965
7647,LiBF4,LiBF4,True,0.0,LiPF6,4.9577303274784965,4.9577303274784965
7648,LiBF4,LiBF4,True,0.0,LiPF6,4.9577303274784965,4.9577303274784965
7649,LiBF4,LiBF4,True,0.0,LiPF6,4.9577303274784965,4.9577303274784965
7650,LiBF4,LiBF4,True,0.0,LiPF6,4.9577303274784965,4.9577303274784965
7651,LiBF4,LiBF4,True,0.0,LiPF6,4.9577303274784965,4.9577303274784965
7652,LiBF4,LiBF4,True,0.0,LiPF6,4.9577303274784965,4.9577303274784965
7653,LiBF4,LiBF4,True,0.0,LiPF6,4.9577303274784965,4.9577303274784965
7654,LiBF4,LiBF4,True,0.0,LiPF6,4.9577303274784965,4.9577303274784965
7655,LiBF4,LiBF4,True,0.0,LiPF6,4.9577303274784965,4.9577303274784965
7656,LiBF4,LiBF4,True,0.0,LiPF6,4.9577303274784965,4.9577303274784965
7657,LiBF4,LiBF4,True,0.0,LiPF6,4.9577303274784965,4.9577303274784965
7658,LiBF4,LiBF4,True,0.0,LiPF6,4.9577303274784965,4.9577303274784965
7659,LiBF4,LiBF4,True,0.0,LiPF6,4.9577303274784965,4.9577303274784965
7660,LiBF4,LiBF4,True,0.0,LiPF6,4.9577303274784965,4.9577303274784965
7661,LiBF4,LiBF4,True,0.0,LiPF6,4.9577303274784965,4.9577303274784965
7662,LiBF4,LiBF4,True,0.0,LiPF6,4.9577303274784965,4.9577303274784965
7663,LiBF4,LiBF4,True,0.0,LiPF6,4.9577303274784965,4.9577303274784965
7664,LiBF4,LiBF4,True,0.0,LiPF6,4.9577303274784965,4.9577303274784965
7665,LiBF4,LiBF4,True,0.0,LiPF6,4.9577303274784965,4.9577303274784965
7666,LiBF4,LiBF4,True,0.0,LiPF6,4.9577303274784965,4.9577303274784965
7667,LiBF4,LiBF4,True,0.0,LiPF6,4.9577303274784965,4.9577303274784965
7668,LiBF4,LiBF4,True,0.0,LiPF6,4.9577303274784965,4.9577303274784965
7669,LiBF4,LiBF4,True,0.0,LiPF6,4.9577303274784965,4.9577303274784965
7670,LiBF4,LiBF4,True,0.0,LiPF6,4.9577303274784965,4.9577303274784965
7671,LiBF4,LiBF4,True,0.0,LiPF6,4.9577303274784965,4.9577303274784965
7672,LiBF4,LiBF4,True,0.0,LiPF6,4.9577303274784965,4.9577303274784965
7673,LiBF4,LiBF4,True,0.0,LiPF6,4.9577303274784965,4.9577303274784965
7674,LiBF4,LiBF4,True,0.0,LiPF6,4.9577303274784965,4.9577303274784965
7675,LiBF4,LiBF4,True,0.0,LiPF6,4.9577303274784965,4.9577303274784965
7676,LiBF4,LiBF4,True,0.0,LiPF6,4.9577303274784965,4.9577303274784965
7677,LiBF4,LiBF4,True,0.0,LiPF6,4.9577303274784965,4.9577303274784965
7678,LiBF4,LiBF4,True,0.0,LiPF6,4.9577303274784965,4.9577303274784965
7679,LiBF4,LiBF4,True,0.0,LiPF6,4.9577303274784965,4.9577303274784965
7680,LiBF4,LiBF4,True,0.0,LiPF6,4.9577303274784965,4.9577303274784965
7681,LiBF4,LiBF4,True,0.0,LiPF6,4.9577303274784965,4.9577303274784965
7682,LiBF4,LiBF4,True,0.0,LiPF6,4.9577303274784965,4.9577303274784965
7683,LiBF4,LiBF4,True,0.0,LiPF6,4.9577303274784965,4.9577303274784965
7684,LiBF4,LiBF4,True,0.0,LiPF6,4.9577303274784965,4.9577303274784965
7685,LiBF4,LiBF4,True,0.0,LiPF6,4.9577303274784965,4.9577303274784965
7686,LiBF4,LiBF4,True,0.0,LiPF6,4.9577303274784965,4.9577303274784965
7687,LiBF4,LiBF4,True,0.0,LiPF6,4.9577303274784965,4.9577303274784965
7688,LiBF4,LiBF4,True,0.0,LiPF6,4.9577303274784965,4.9577303274784965
7689,LiBF4,LiBF4,True,0.0,LiPF6,4.9577303274784965,4.9577303274784965
7690,LiBF4,LiBF4,True,0.0,LiPF6,4.9577303274784965,4.9577303274784965
7691,LiBF4,LiBF4,True,0.0,LiPF6,4.9577303274784965,4.9577303274784965
7692,LiBF4,LiBF4,True,0.0,LiPF6,4.9577303274784965,4.9577303274784965
7693,LiBF4,LiBF4,True,0.0,LiPF6,4.9577303274784965,4.9577303274784965
7694,LiBF4,LiBF4,True,0.0,LiPF6,4.9577303274784965,4.9577303274784965
7695,LiBF4,LiBF4,True,0.0,LiPF6,4.9577303274784965,4.9577303274784965
7696,LiBF4,LiBF4,True,0.0,LiPF6,4.9577303274784965,4.9577303274784965
7697,LiBF4,LiBF4,True,0.0,LiPF6,4.9577303274784965,4.9577303274784965
7698,LiBF4,LiBF4,True,0.0,LiPF6,4.9577303274784965,4.9577303274784965
7699,LiBF4,LiBF4,True,0.0,LiPF6,4.9577303274784965,4.9577303274784965
7700,LiBF4,LiBF4,True,0.0,LiPF6,4.9577303274784965,4.9577303274784965
7701,LiBF4,LiBF4,True,0.0,LiPF6,4.9577303274784965,4.9577303274784965
7702,LiBF4,LiBF4,True,0.0,LiPF6,4.9577303274784965,4.9577303274784965
7703,LiBF4,LiBF4,True,0.0,LiPF6,4.9577303274784965,4.9577303274784965
7704,LiBF4,LiBF4,True,0.0,LiPF6,4.9577303274784965,4.9577303274784965
7705,LiBF4,LiBF4,True,0.0,LiPF6,4.9577303274784965,4.9577303274784965
7706,LiBF4,LiBF4,True,0.0,LiPF6,4.9577303274784965,4.9577303274784965
7707,LiBF4,LiBF4,True,0.0,LiPF6,4.9577303274784965,4.9577303274784965
7708,LiBF4,LiBF4,True,0.0,LiPF6,4.9577303274784965,4.9577303274784965
7709,LiBF4,LiBF4,True,0.0,LiPF6,4.9577303274784965,4.9577303274784965
7710,LiBF4,LiBF4,True,0.0,LiPF6,4.9577303274784965,4.9577303274784965
7711,LiBF4,LiBF4,True,0.0,LiPF6,4.9577303274784965,4.9577303274784965
7712,LiBF4,LiBF4,True,0.0,LiPF6,4.9577303274784965,4.9577303274784965
7713,LiBF4,LiBF4,True,0.0,LiPF6,4.9577303274784965,4.9577303274784965
7714,LiBF4,LiBF4,True,0.0,LiPF6,4.9577303274784965,4.9577303274784965
7715,LiBF4,LiBF4,True,0.0,LiPF6,4.9577303274784965,4.9577303274784965
7716,LiBF4,LiBF4,True,0.0,LiPF6,4.9577303274784965,4.9577303274784965
7717,LiBF4,LiBF4,True,0.0,LiPF6,4.9577303274784965,4.9577303274784965
7718,LiBF4,LiBF4,True,0.0,LiPF6,4.9577303274784965,4.9577303274784965
7719,LiBF4,LiBF4,True,0.0,LiPF6,4.9577303274784965,4.9577303274784965
7720,LiBF4,LiBF4,True,0.0,LiPF6,4.9577303274784965,4.9577303274784965
7721,LiBF4,LiBF4,True,0.0,LiPF6,4.9577303274784965,4.9577303274784965
7722,LiBF4,LiBF4,True,0.0,LiPF6,4.9577303274784965,4.9577303274784965
7723,LiBF4,LiBF4,True,0.0,LiPF6,4.9577303274784965,4.9577303274784965
7724,LiBF4,LiBF4,True,0.0,LiPF6,4.9577303274784965,4.9577303274784965
7725,LiBF4,LiBF4,True,0.0,LiPF6,4.9577303274784965,4.9577303274784965
7726,LiBF4,LiBF4,True,0.0,LiPF6,4.9577303274784965,4.9577303274784965
7727,LiBF4,LiBF4,True,0.0,LiPF6,4.9577303274784965,4.9577303274784965
7728,LiBF4,LiBF4,True,0.0,LiPF6,4.9577303274784965,4.9577303274784965
7729,LiBF4,LiBF4,True,0.0,LiPF6,4.9577303274784965,4.9577303274784965
7730,LiBF4,LiBF4,True,0.0,LiPF6,4.9577303274784965,4.9577303274784965
7731,LiBF4,LiBF4,True,0.0,LiPF6,4.9577303274784965,4.9577303274784965
7732,LiBF4,LiBF4,True,0.0,LiPF6,4.9577303274784965,4.9577303274784965
7733,LiBF4,LiBF4,True,0.0,LiPF6,4.9577303274784965,4.9577303274784965
7734,LiBF4,LiBF4,True,0.0,LiPF6,4.9577303274784965,4.9577303274784965
7735,LiBF4,LiBF4,True,0.0,LiPF6,4.9577303274784965,4.9577303274784965
7736,LiBF4,LiBF4,True,0.0,LiPF6,4.9577303274784965,4.9577303274784965
7737,LiBF4,LiBF4,True,0.0,LiPF6,4.9577303274784965,4.9577303274784965
7738,LiBF4,LiBF4,True,0.0,LiPF6,4.9577303274784965,4.9577303274784965
7739,LiBF4,LiBF4,True,0.0,LiPF6,4.9577303274784965,4.9577303274784965
7740,LiBF4,LiBF4,True,0.0,LiPF6,4.9577303274784965,4.9577303274784965
7741,LiBF4,LiBF4,True,0.0,LiPF6,4.9577303274784965,4.9577303274784965
7742,LiBF4,LiBF4,True,0.0,LiPF6,4.9577303274784965,4.9577303274784965
7743,LiBF4,LiBF4,True,0.0,LiPF6,4.9577303274784965,4.9577303274784965
7744,LiBF4,LiBF4,True,0.0,LiPF6,4.9577303274784965,4.9577303274784965
7745,LiBF4,LiBF4,True,0.0,LiPF6,4.9577303274784965,4.9577303274784965
7746,LiBF4,LiBF4,True,0.0,LiPF6,4.9577303274784965,4.9577303274784965
7747,LiBF4,LiBF4,True,0.0,LiPF6,4.9577303274784965,4.9577303274784965
7748,LiBF4,LiBF4,True,0.0,LiPF6,4.9577303274784965,4.9577303274784965
7749,LiBF4,LiBF4,True,0.0,LiPF6,4.9577303274784965,4.9577303274784965
7750,LiBF4,LiBF4,True,0.0,LiPF6,4.9577303274784965,4.9577303274784965
7751,LiBF4,LiBF4,True,0.0,LiPF6,4.9577303274784965,4.9577303274784965
7752,LiBF4,LiBF4,True,0.0,LiPF6,4.9577303274784965,4.9577303274784965
7753,LiBF4,LiBF4,True,0.0,LiPF6,4.9577303274784965,4.9577303274784965
7754,LiBF4,LiBF4,True,0.0,LiPF6,4.9577303274784965,4.9577303274784965
7755,LiBF4,LiBF4,True,0.0,LiPF6,4.9577303274784965,4.9577303274784965
7756,LiBF4,LiBF4,True,0.0,LiPF6,4.9577303274784965,4.9577303274784965
7757,LiBF4,LiBF4,True,0.0,LiPF6,4.9577303274784965,4.9577303274784965
7758,LiBF4,LiBF4,True,0.0,LiPF6,4.9577303274784965,4.9577303274784965
7759,LiBF4,LiBF4,True,0.0,LiPF6,4.9577303274784965,4.9577303274784965
7760,LiBF4,LiBF4,True,0.0,LiPF6,4.9577303274784965,4.9577303274784965
7761,LiBF4,LiBF4,True,0.0,LiPF6,4.9577303274784965,4.9577303274784965
7762,LiBF4,LiBF4,True,0.0,LiPF6,4.9577303274784965,4.9577303274784965
7763,LiBF4,LiBF4,True,0.0,LiPF6,4.9577303274784965,4.9577303274784965
7764,LiBF4,LiBF4,True,0.0,LiPF6,4.9577303274784965,4.9577303274784965
7765,LiBF4,LiBF4,True,0.0,LiPF6,4.9577303274784965,4.9577303274784965
7766,LiBF4,LiBF4,True,0.0,LiPF6,4.9577303274784965,4.9577303274784965
7767,LiBF4,LiBF4,True,0.0,LiPF6,4.9577303274784965,4.9577303274784965
7768,LiBF4,LiBF4,True,0.0,LiPF6,4.9577303274784965,4.9577303274784965
7769,LiBF4,LiBF4,True,0.0,LiPF6,4.9577303274784965,4.9577303274784965
7770,LiBF4,LiBF4,True,0.0,LiPF6,4.9577303274784965,4.9577303274784965
7771,LiBF4,LiBF4,True,0.0,LiPF6,4.9577303274784965,4.9577303274784965
7772,LiBF4,LiBF4,True,0.0,LiPF6,4.9577303274784965,4.9577303274784965
7773,LiBF4,LiBF4,True,0.0,LiPF6,4.9577303274784965,4.9577303274784965
7774,LiBF4,LiBF4,True,0.0,LiPF6,4.9577303274784965,4.9577303274784965
7775,LiBF4,LiBF4,True,0.0,LiPF6,4.9577303274784965,4.9577303274784965
7776,LiBF4,LiBF4,True,0.0,LiPF6,4.9577303274784965,4.9577303274784965
7777,LiBF4,LiBF4,True,0.0,LiPF6,4.9577303274784965,4.9577303274784965
7778,LiBF4,LiBF4,True,0.0,LiPF6,4.9577303274784965,4.9577303274784965
7779,LiBF4,LiBF4,True,0.0,LiPF6,4.9577303274784965,4.9577303274784965
7780,LiBF4,LiBF4,True,0.0,LiPF6,4.9577303274784965,4.9577303274784965
7781,LiBF4,LiBF4,True,0.0,LiPF6,4.9577303274784965,4.9577303274784965
7782,LiBF4,LiBF4,True,0.0,LiPF6,4.9577303274784965,4.9577303274784965
7783,LiBF4,LiBF4,True,0.0,LiPF6,4.9577303274784965,4.9577303274784965
7784,LiBF4,LiBF4,True,0.0,LiPF6,4.9577303274784965,4.9577303274784965
7785,LiBF4,LiBF4,True,0.0,LiPF6,4.9577303274784965,4.9577303274784965
7786,LiBF4,LiBF4,True,0.0,LiPF6,4.9577303274784965,4.9577303274784965
7787,LiBF4,LiBF4,True,0.0,LiPF6,4.9577303274784965,4.9577303274784965
7788,LiBF4,LiBF4,True,0.0,LiPF6,4.9577303274784965,4.9577303274784965
7789,LiBF4,LiBF4,True,0.0,LiPF6,4.9577303274784965,4.9577303274784965
7790,LiBF4,LiBF4,True,0.0,LiPF6,4.9577303274784965,4.9577303274784965
7791,LiBF4,LiBF4,True,0.0,LiPF6,4.9577303274784965,4.9577303274784965
7792,LiBF4,LiBF4,True,0.0,LiPF6,4.9577303274784965,4.9577303274784965
7793,LiBF4,LiBF4,True,0.0,LiPF6,4.9577303274784965,4.9577303274784965
7794,LiBF4,LiBF4,True,0.0,LiPF6,4.9577303274784965,4.9577303274784965
7795,LiBF4,LiBF4,True,0.0,LiPF6,4.9577303274784965,4.9577303274784965
7796,LiBF4,LiBF4,True,0.0,LiPF6,4.9577303274784965,4.9577303274784965
7797,LiBF4,LiBF4,True,0.0,LiPF6,4.9577303274784965,4.9577303274784965
7798,LiBF4,LiBF4,True,0.0,LiPF6,4.9577303274784965,4.9577303274784965
7799,LiBF4,LiBF4,True,0.0,LiPF6,4.9577303274784965,4.9577303274784965
7800,LiBF4,LiBF4,True,0.0,LiPF6,4.9577303274784965,4.9577303274784965
7801,LiBF4,LiBF4,True,0.0,LiPF6,4.9577303274784965,4.9577303274784965
7802,LiBF4,LiBF4,True,0.0,LiPF6,4.9577303274784965,4.9577303274784965
7803,LiBF4,LiBF4,True,0.0,LiPF6,4.9577303274784965,4.9577303274784965
7804,LiBF4,LiBF4,True,0.0,LiPF6,4.9577303274784965,4.9577303274784965
7805,LiBF4,LiBF4,True,0.0,LiPF6,4.9577303274784965,4.9577303274784965
7806,LiBF4,LiBF4,True,0.0,LiPF6,4.9577303274784965,4.9577303274784965
7807,LiBF4,LiBF4,True,0.0,LiPF6,4.9577303274784965,4.9577303274784965
7808,LiBF4,LiBF4,True,0.0,LiPF6,4.9577303274784965,4.9577303274784965
7809,LiBF4,LiBF4,True,0.0,LiPF6,4.9577303274784965,4.9577303274784965
7810,LiBF4,LiBF4,True,0.0,LiPF6,4.9577303274784965,4.9577303274784965
7811,LiBF4,LiBF4,True,0.0,LiPF6,4.9577303274784965,4.9577303274784965
7812,LiBF4,LiBF4,True,0.0,LiPF6,4.9577303274784965,4.9577303274784965
7813,LiBF4,LiBF4,True,0.0,LiPF6,4.9577303274784965,4.9577303274784965
7814,LiBF4,LiBF4,True,0.0,LiPF6,4.9577303274784965,4.9577303274784965
7815,LiBF4,LiBF4,True,0.0,LiPF6,4.9577303274784965,4.9577303274784965
7816,LiBF4,LiBF4,True,0.0,LiPF6,4.9577303274784965,4.9577303274784965
7817,LiBF4,LiBF4,True,0.0,LiPF6,4.9577303274784965,4.9577303274784965
7818,LiBF4,LiBF4,True,0.0,LiPF6,4.9577303274784965,4.9577303274784965
7819,LiBF4,LiBF4,True,0.0,LiPF6,4.9577303274784965,4.9577303274784965
7820,LiBF4,LiBF4,True,0.0,LiPF6,4.9577303274784965,4.9577303274784965
7821,LiBF4,LiBF4,True,0.0,LiPF6,4.9577303274784965,4.9577303274784965
7822,LiBF4,LiBF4,True,0.0,LiPF6,4.9577303274784965,4.9577303274784965
7823,LiBF4,LiBF4,True,0.0,LiPF6,4.9577303274784965,4.9577303274784965
7824,LiBF4,LiBF4,True,0.0,LiPF6,4.9577303274784965,4.9577303274784965
7825,LiBF4,LiBF4,True,0.0,LiPF6,4.9577303274784965,4.9577303274784965
7826,LiBF4,LiBF4,True,0.0,LiPF6,4.9577303274784965,4.9577303274784965
7827,LiBF4,LiBF4,True,0.0,LiPF6,4.9577303274784965,4.9577303274784965
7828,LiBF4,LiBF4,True,0.0,LiPF6,4.9577303274784965,4.9577303274784965
7829,LiBF4,LiBF4,True,0.0,LiPF6,4.9577303274784965,4.9577303274784965
7830,LiBF4,LiBF4,True,0.0,LiPF6,4.9577303274784965,4.9577303274784965
7831,LiBF4,LiBF4,True,0.0,LiPF6,4.9577303274784965,4.9577303274784965
7832,LiBF4,LiBF4,True,0.0,LiPF6,4.9577303274784965,4.9577303274784965
7833,LiBF4,LiBF4,True,0.0,LiPF6,4.9577303274784965,4.9577303274784965
7834,LiBF4,LiBF4,True,0.0,LiPF6,4.9577303274784965,4.9577303274784965
7835,LiBF4,LiBF4,True,0.0,LiPF6,4.9577303274784965,4.9577303274784965
7836,LiBF4,LiBF4,True,0.0,LiPF6,4.9577303274784965,4.9577303274784965
7837,LiBF4,LiBF4,True,0.0,LiPF6,4.9577303274784965,4.9577303274784965
7838,LiBF4,LiBF4,True,0.0,LiPF6,4.9577303274784965,4.9577303274784965
7839,LiBF4,LiBF4,True,0.0,LiPF6,4.9577303274784965,4.9577303274784965
7840,LiBF4,LiBF4,True,0.0,LiPF6,4.9577303274784965,4.9577303274784965
7841,LiBF4,LiBF4,True,0.0,LiPF6,4.9577303274784965,4.9577303274784965
7842,LiBF4,LiBF4,True,0.0,LiPF6,4.9577303274784965,4.9577303274784965
7843,LiBF4,LiBF4,True,0.0,LiPF6,4.9577303274784965,4.9577303274784965
7844,LiBF4,LiBF4,True,0.0,LiPF6,4.9577303274784965,4.9577303274784965
7845,LiBF4,LiBF4,True,0.0,LiPF6,4.9577303274784965,4.9577303274784965
7846,LiBF4,LiBF4,True,0.0,LiPF6,4.9577303274784965,4.9577303274784965
7847,LiBF4,LiBF4,True,0.0,LiPF6,4.9577303274784965,4.9577303274784965
7848,LiBF4,LiBF4,True,0.0,LiPF6,4.9577303274784965,4.9577303274784965
7849,LiBF4,LiBF4,True,0.0,LiPF6,4.9577303274784965,4.9577303274784965
7850,LiBF4,LiBF4,True,0.0,LiPF6,4.9577303274784965,4.9577303274784965
7851,LiBF4,LiBF4,True,0.0,LiPF6,4.9577303274784965,4.9577303274784965
7852,LiBF4,LiBF4,True,0.0,LiPF6,4.9577303274784965,4.9577303274784965
7853,LiBF4,LiBF4,True,0.0,LiPF6,4.9577303274784965,4.9577303274784965
7854,LiBF4,LiBF4,True,0.0,LiPF6,4.9577303274784965,4.9577303274784965
7855,LiBF4,LiBF4,True,0.0,LiPF6,4.9577303274784965,4.9577303274784965
7856,LiBF4,LiBF4,True,0.0,LiPF6,4.9577303274784965,4.9577303274784965
7857,LiBF4,LiBF4,True,0.0,LiPF6,4.9577303274784965,4.9577303274784965
7858,LiBF4,LiBF4,True,0.0,LiPF6,4.9577303274784965,4.9577303274784965
7859,LiBF4,LiBF4,True,0.0,LiPF6,4.9577303274784965,4.9577303274784965
7860,LiBF4,LiBF4,True,0.0,LiPF6,4.9577303274784965,4.9577303274784965
7861,LiBF4,LiBF4,True,0.0,LiPF6,4.9577303274784965,4.9577303274784965
7862,LiBF4,LiBF4,True,0.0,LiPF6,4.9577303274784965,4.9577303274784965
7863,LiBF4,LiBF4,True,0.0,LiPF6,4.9577303274784965,4.9577303274784965
7864,LiBF4,LiBF4,True,0.0,LiPF6,4.9577303274784965,4.9577303274784965
7865,LiBF4,LiBF4,True,0.0,LiPF6,4.9577303274784965,4.9577303274784965
7866,LiBF4,LiBF4,True,0.0,LiPF6,4.9577303274784965,4.9577303274784965
7867,LiBF4,LiBF4,True,0.0,LiPF6,4.9577303274784965,4.9577303274784965
7868,LiBF4,LiBF4,True,0.0,LiPF6,4.9577303274784965,4.9577303274784965
7869,LiBF4,LiBF4,True,0.0,LiPF6,4.9577303274784965,4.9577303274784965
7870,LiBF4,LiBF4,True,0.0,LiPF6,4.9577303274784965,4.9577303274784965
7871,LiBF4,LiBF4,True,0.0,LiPF6,4.9577303274784965,4.9577303274784965
7872,LiBF4,LiBF4,True,0.0,LiPF6,4.9577303274784965,4.9577303274784965
7873,LiBF4,LiBF4,True,0.0,LiPF6,4.9577303274784965,4.9577303274784965
7874,LiBF4,LiBF4,True,0.0,LiPF6,4.9577303274784965,4.9577303274784965
7875,LiBF4,LiBF4,True,0.0,LiPF6,4.9577303274784965,4.9577303274784965
7876,LiBF4,LiBF4,True,0.0,LiPF6,4.9577303274784965,4.9577303274784965
7877,LiBF4,LiBF4,True,0.0,LiPF6,4.9577303274784965,4.9577303274784965
7878,LiBF4,LiBF4,True,0.0,LiPF6,4.9577303274784965,4.9577303274784965
7879,LiBF4,LiBF4,True,0.0,LiPF6,4.9577303274784965,4.9577303274784965
7880,LiBF4,LiBF4,True,0.0,LiPF6,4.9577303274784965,4.9577303274784965
7881,LiBF4,LiBF4,True,0.0,LiPF6,4.9577303274784965,4.9577303274784965
7882,LiBF4,LiBF4,True,0.0,LiPF6,4.9577303274784965,4.9577303274784965
7883,LiBF4,LiBF4,True,0.0,LiPF6,4.9577303274784965,4.9577303274784965
7884,LiBF4,LiBF4,True,0.0,LiPF6,4.9577303274784965,4.9577303274784965
7885,LiBF4,LiBF4,True,0.0,LiPF6,4.9577303274784965,4.9577303274784965
7886,LiBF4,LiBF4,True,0.0,LiPF6,4.9577303274784965,4.9577303274784965
7887,LiBF4,LiBF4,True,0.0,LiPF6,4.9577303274784965,4.9577303274784965
7888,LiBF4,LiBF4,True,0.0,LiPF6,4.9577303274784965,4.9577303274784965
7889,LiBF4,LiBF4,True,0.0,LiPF6,4.9577303274784965,4.9577303274784965
7890,LiBF4,LiBF4,True,0.0,LiPF6,4.9577303274784965,4.9577303274784965
7891,LiBF4,LiBF4,True,0.0,LiPF6,4.9577303274784965,4.9577303274784965
7892,LiBF4,LiBF4,True,0.0,LiPF6,4.9577303274784965,4.9577303274784965
7893,LiBF4,LiBF4,True,0.0,LiPF6,4.9577303274784965,4.9577303274784965
7894,LiBF4,LiBF4,True,0.0,LiPF6,4.9577303274784965,4.9577303274784965
7895,LiBF4,LiBF4,True,0.0,LiPF6,4.9577303274784965,4.9577303274784965
7896,LiBF4,LiBF4,True,0.0,LiPF6,4.9577303274784965,4.9577303274784965
7897,LiBF4,LiBF4,True,0.0,LiPF6,4.9577303274784965,4.9577303274784965
7898,LiBF4,LiBF4,True,0.0,LiPF6,4.9577303274784965,4.9577303274784965
7899,LiBF4,LiBF4,True,0.0,LiPF6,4.9577303274784965,4.9577303274784965
7900,LiBF4,LiBF4,True,0.0,LiPF6,4.9577303274784965,4.9577303274784965
7901,LiBF4,LiBF4,True,0.0,LiPF6,4.9577303274784965,4.9577303274784965
7902,LiBF4,LiBF4,True,0.0,LiPF6,4.9577303274784965,4.9577303274784965
7903,LiBF4,LiBF4,True,0.0,LiPF6,4.9577303274784965,4.9577303274784965
7904,LiBF4,LiBF4,True,0.0,LiPF6,4.9577303274784965,4.9577303274784965
7905,LiBF4,LiBF4,True,0.0,LiPF6,4.9577303274784965,4.9577303274784965
7906,LiBF4,LiBF4,True,0.0,LiPF6,4.9577303274784965,4.9577303274784965
7907,LiBF4,LiBF4,True,0.0,LiPF6,4.9577303274784965,4.9577303274784965
7908,LiBF4,LiBF4,True,0.0,LiPF6,4.9577303274784965,4.9577303274784965
7909,LiBF4,LiBF4,True,0.0,LiPF6,4.9577303274784965,4.9577303274784965
7910,LiBF4,LiBF4,True,0.0,LiPF6,4.9577303274784965,4.9577303274784965
7911,LiBF4,LiBF4,True,0.0,LiPF6,4.9577303274784965,4.9577303274784965
7912,LiBF4,LiBF4,True,0.0,LiPF6,4.9577303274784965,4.9577303274784965
7913,LiBF4,LiBF4,True,0.0,LiPF6,4.9577303274784965,4.9577303274784965
7914,LiBF4,LiBF4,True,0.0,LiPF6,4.9577303274784965,4.9577303274784965
7915,LiBF4,LiBF4,True,0.0,LiPF6,4.9577303274784965,4.9577303274784965
7916,LiBF4,LiBF4,True,0.0,LiPF6,4.9577303274784965,4.9577303274784965
7917,LiBF4,LiBF4,True,0.0,LiPF6,4.9577303274784965,4.9577303274784965
7918,LiBF4,LiBF4,True,0.0,LiPF6,4.9577303274784965,4.9577303274784965
7919,LiBF4,LiBF4,True,0.0,LiPF6,4.9577303274784965,4.9577303274784965
7920,LiBF4,LiBF4,True,0.0,LiPF6,4.9577303274784965,4.9577303274784965
7921,LiBF4,LiBF4,True,0.0,LiPF6,4.9577303274784965,4.9577303274784965
7922,LiBF4,LiBF4,True,0.0,LiPF6,4.9577303274784965,4.9577303274784965
7923,LiBF4,LiBF4,True,0.0,LiPF6,4.9577303274784965,4.9577303274784965
7924,LiBF4,LiBF4,True,0.0,LiPF6,4.9577303274784965,4.9577303274784965
7925,LiBF4,LiBF4,True,0.0,LiPF6,4.9577303274784965,4.9577303274784965
7926,LiBF4,LiBF4,True,0.0,LiPF6,4.9577303274784965,4.9577303274784965
7927,LiBF4,LiBF4,True,0.0,LiPF6,4.9577303274784965,4.9577303274784965
7928,LiBF4,LiBF4,True,0.0,LiPF6,4.9577303274784965,4.9577303274784965
7929,LiBF4,LiBF4,True,0.0,LiPF6,4.9577303274784965,4.9577303274784965
7930,LiBF4,LiBF4,True,0.0,LiPF6,4.9577303274784965,4.9577303274784965
7931,LiBF4,LiBF4,True,0.0,LiPF6,4.9577303274784965,4.9577303274784965
7932,LiBF4,LiBF4,True,0.0,LiPF6,4.9577303274784965,4.9577303274784965
7933,LiBF4,LiBF4,True,0.0,LiPF6,4.9577303274784965,4.9577303274784965
7934,LiBF4,LiBF4,True,0.0,LiPF6,4.9577303274784965,4.9577303274784965
7935,LiBF4,LiBF4,True,0.0,LiPF6,4.9577303274784965,4.9577303274784965
7936,LiBF4,LiBF4,True,0.0,LiPF6,4.9577303274784965,4.9577303274784965
7937,LiBF4,LiBF4,True,0.0,LiPF6,4.9577303274784965,4.9577303274784965
7938,LiBF4,LiBF4,True,0.0,LiPF6,4.9577303274784965,4.9577303274784965
7939,LiBF4,LiBF4,True,0.0,LiPF6,4.9577303274784965,4.9577303274784965
7940,LiBF4,LiBF4,True,0.0,LiPF6,4.9577303274784965,4.9577303274784965
7941,LiBF4,LiBF4,True,0.0,LiPF6,4.9577303274784965,4.9577303274784965
7942,LiBF4,LiBF4,True,0.0,LiPF6,4.9577303274784965,4.9577303274784965
7943,LiBF4,LiBF4,True,0.0,LiPF6,4.9577303274784965,4.9577303274784965
7944,LiBF4,LiBF4,True,0.0,LiPF6,4.9577303274784965,4.9577303274784965
7945,LiBF4,LiBF4,True,0.0,LiPF6,4.9577303274784965,4.9577303274784965
7946,LiBF4,LiBF4,True,0.0,LiPF6,4.9577303274784965,4.9577303274784965
7947,LiBF4,LiBF4,True,0.0,LiPF6,4.9577303274784965,4.9577303274784965
7948,LiBF4,LiBF4,True,0.0,LiPF6,4.9577303274784965,4.9577303274784965
7949,LiBF4,LiBF4,True,0.0,LiPF6,4.9577303274784965,4.9577303274784965
7950,LiBF4,LiBF4,True,0.0,LiPF6,4.9577303274784965,4.9577303274784965
7951,LiBF4,LiBF4,True,0.0,LiPF6,4.9577303274784965,4.9577303274784965
7952,LiBF4,LiBF4,True,0.0,LiPF6,4.9577303274784965,4.9577303274784965
7953,LiBF4,LiBF4,True,0.0,LiPF6,4.9577303274784965,4.9577303274784965
7954,LiBF4,LiBF4,True,0.0,LiPF6,4.9577303274784965,4.9577303274784965
7955,LiBF4,LiBF4,True,0.0,LiPF6,4.9577303274784965,4.9577303274784965
7956,LiBF4,LiBF4,True,0.0,LiPF6,4.9577303274784965,4.9577303274784965
7957,LiBF4,LiBF4,True,0.0,LiPF6,4.9577303274784965,4.9577303274784965
7958,LiBF4,LiBF4,True,0.0,LiPF6,4.9577303274784965,4.9577303274784965
7959,LiBF4,LiBF4,True,0.0,LiPF6,4.9577303274784965,4.9577303274784965
7960,LiBF4,LiBF4,True,0.0,LiPF6,4.9577303274784965,4.9577303274784965
7961,LiBF4,LiBF4,True,0.0,LiPF6,4.9577303274784965,4.9577303274784965
7962,LiBF4,LiBF4,True,0.0,LiPF6,4.9577303274784965,4.9577303274784965
7963,LiBF4,LiBF4,True,0.0,LiPF6,4.9577303274784965,4.9577303274784965
7964,LiBF4,LiBF4,True,0.0,LiPF6,4.9577303274784965,4.9577303274784965
7965,LiBF4,LiBF4,True,0.0,LiPF6,4.9577303274784965,4.9577303274784965
7966,LiBF4,LiBF4,True,0.0,LiPF6,4.9577303274784965,4.9577303274784965
7967,LiBF4,LiBF4,True,0.0,LiPF6,4.9577303274784965,4.9577303274784965
7968,LiBF4,LiBF4,True,0.0,LiPF6,4.9577303274784965,4.9577303274784965
7969,LiBF4,LiBF4,True,0.0,LiPF6,4.9577303274784965,4.9577303274784965
7970,LiBF4,LiBF4,True,0.0,LiPF6,4.9577303274784965,4.9577303274784965
7971,LiBF4,LiBF4,True,0.0,LiPF6,4.9577303274784965,4.9577303274784965
7972,LiBF4,LiBF4,True,0.0,LiPF6,4.9577303274784965,4.9577303274784965
7973,LiBF4,LiBF4,True,0.0,LiPF6,4.9577303274784965,4.9577303274784965
7974,LiBF4,LiBF4,True,0.0,LiPF6,4.9577303274784965,4.9577303274784965
7975,LiBF4,LiBF4,True,0.0,LiPF6,4.9577303274784965,4.9577303274784965
7976,LiBF4,LiBF4,True,0.0,LiPF6,4.9577303274784965,4.9577303274784965
7977,LiBF4,LiBF4,True,0.0,LiPF6,4.9577303274784965,4.9577303274784965
7978,LiBF4,LiBF4,True,0.0,LiPF6,4.9577303274784965,4.9577303274784965
7979,LiBF4,LiBF4,True,0.0,LiPF6,4.9577303274784965,4.9577303274784965
7980,LiBF4,LiBF4,True,0.0,LiPF6,4.9577303274784965,4.9577303274784965
7981,LiBF4,LiBF4,True,0.0,LiPF6,4.9577303274784965,4.9577303274784965
7982,LiBF4,LiBF4,True,0.0,LiPF6,4.9577303274784965,4.9577303274784965
7983,LiBF4,LiBF4,True,0.0,LiPF6,4.9577303274784965,4.9577303274784965
7984,LiBF4,LiBF4,True,0.0,LiPF6,4.9577303274784965,4.9577303274784965
7985,LiBF4,LiBF4,True,0.0,LiPF6,4.9577303274784965,4.9577303274784965
7986,LiBF4,LiBF4,True,0.0,LiPF6,4.9577303274784965,4.9577303274784965
7987,LiBF4,LiBF4,True,0.0,LiPF6,4.9577303274784965,4.9577303274784965
7988,LiBF4,LiBF4,True,0.0,LiPF6,4.9577303274784965,4.9577303274784965
7989,LiBF4,LiBF4,True,0.0,LiPF6,4.9577303274784965,4.9577303274784965
7990,LiBF4,LiBF4,True,0.0,LiPF6,4.9577303274784965,4.9577303274784965
7991,LiBF4,LiBF4,True,0.0,LiPF6,4.9577303274784965,4.9577303274784965
7992,LiBF4,LiBF4,True,0.0,LiPF6,4.9577303274784965,4.9577303274784965
7993,LiBF4,LiBF4,True,0.0,LiPF6,4.9577303274784965,4.9577303274784965
7994,LiBF4,LiBF4,True,0.0,LiPF6,4.9577303274784965,4.9577303274784965
7995,LiBF4,LiBF4,True,0.0,LiPF6,4.9577303274784965,4.9577303274784965
7996,LiBF4,LiBF4,True,0.0,LiPF6,4.9577303274784965,4.9577303274784965
7997,LiBF4,LiBF4,True,0.0,LiPF6,4.9577303274784965,4.9577303274784965
7998,LiBF4,LiBF4,True,0.0,LiPF6,4.9577303274784965,4.9577303274784965
7999,LiBF4,LiBF4,True,0.0,LiPF6,4.9577303274784965,4.9577303274784965
8000,LiBF4,LiBF4,True,0.0,LiPF6,4.9577303274784965,4.9577303274784965
8001,LiBF4,LiBF4,True,0.0,LiPF6,4.9577303274784965,4.9577303274784965
8002,LiBF4,LiBF4,True,0.0,LiPF6,4.9577303274784965,4.9577303274784965
8003,LiBF4,LiBF4,True,0.0,LiPF6,4.9577303274784965,4.9577303274784965
8004,LiBF4,LiBF4,True,0.0,LiPF6,4.9577303274784965,4.9577303274784965
8005,LiBF4,LiBF4,True,0.0,LiPF6,4.9577303274784965,4.9577303274784965
8006,LiBF4,LiBF4,True,0.0,LiPF6,4.9577303274784965,4.9577303274784965
8007,LiBF4,LiBF4,True,0.0,LiPF6,4.9577303274784965,4.9577303274784965
8008,LiBF4,LiBF4,True,0.0,LiPF6,4.9577303274784965,4.9577303274784965
8009,LiBF4,LiBF4,True,0.0,LiPF6,4.9577303274784965,4.9577303274784965
8010,LiBF4,LiBF4,True,0.0,LiPF6,4.9577303274784965,4.9577303274784965
8011,LiBF4,LiBF4,True,0.0,LiPF6,4.9577303274784965,4.9577303274784965
8012,LiBF4,LiBF4,True,0.0,LiPF6,4.9577303274784965,4.9577303274784965
8013,LiBF4,LiBF4,True,0.0,LiPF6,4.9577303274784965,4.9577303274784965
8014,LiBF4,LiBF4,True,0.0,LiPF6,4.9577303274784965,4.9577303274784965
8015,LiBF4,LiBF4,True,0.0,LiPF6,4.9577303274784965,4.9577303274784965
8016,LiBF4,LiBF4,True,0.0,LiPF6,4.9577303274784965,4.9577303274784965
8017,LiBF4,LiBF4,True,0.0,LiPF6,4.9577303274784965,4.9577303274784965
8018,LiBF4,LiBF4,True,0.0,LiPF6,4.9577303274784965,4.9577303274784965
8019,LiBF4,LiBF4,True,0.0,LiPF6,4.9577303274784965,4.9577303274784965
8020,LiBF4,LiBF4,True,0.0,LiPF6,4.9577303274784965,4.9577303274784965
8021,LiBF4,LiBF4,True,0.0,LiPF6,4.9577303274784965,4.9577303274784965
8022,LiBF4,LiBF4,True,0.0,LiPF6,4.9577303274784965,4.9577303274784965
8023,LiBF4,LiBF4,True,0.0,LiPF6,4.9577303274784965,4.9577303274784965
8024,LiBF4,LiBF4,True,0.0,LiPF6,4.9577303274784965,4.9577303274784965
8025,LiBF4,LiBF4,True,0.0,LiPF6,4.9577303274784965,4.9577303274784965
8026,LiBF4,LiBF4,True,0.0,LiPF6,4.9577303274784965,4.9577303274784965
8027,LiBF4,LiBF4,True,0.0,LiPF6,4.9577303274784965,4.9577303274784965
8028,LiBF4,LiBF4,True,0.0,LiPF6,4.9577303274784965,4.9577303274784965
8029,LiBF4,LiBF4,True,0.0,LiPF6,4.9577303274784965,4.9577303274784965
8030,LiBF4,LiBF4,True,0.0,LiPF6,4.9577303274784965,4.9577303274784965
8031,LiBF4,LiBF4,True,0.0,LiPF6,4.9577303274784965,4.9577303274784965
8032,LiBF4,LiBF4,True,0.0,LiPF6,4.9577303274784965,4.9577303274784965
8033,LiBF4,LiBF4,True,0.0,LiPF6,4.9577303274784965,4.9577303274784965
8034,LiBF4,LiBF4,True,0.0,LiPF6,4.9577303274784965,4.9577303274784965
8035,LiBF4,LiBF4,True,0.0,LiPF6,4.9577303274784965,4.9577303274784965
8036,LiBF4,LiBF4,True,0.0,LiPF6,4.9577303274784965,4.9577303274784965
8037,LiBF4,LiBF4,True,0.0,LiPF6,4.9577303274784965,4.9577303274784965
8038,LiBF4,LiBF4,True,0.0,LiPF6,4.9577303274784965,4.9577303274784965
8039,LiBF4,LiBF4,True,0.0,LiPF6,4.9577303274784965,4.9577303274784965
8040,LiBF4,LiBF4,True,0.0,LiPF6,4.9577303274784965,4.9577303274784965
8041,LiBF4,LiBF4,True,0.0,LiPF6,4.9577303274784965,4.9577303274784965
8042,LiBF4,LiBF4,True,0.0,LiPF6,4.9577303274784965,4.9577303274784965
8043,LiBF4,LiBF4,True,0.0,LiPF6,4.9577303274784965,4.9577303274784965
8044,LiBF4,LiBF4,True,0.0,LiPF6,4.9577303274784965,4.9577303274784965
8045,LiBF4,LiBF4,True,0.0,LiPF6,4.9577303274784965,4.9577303274784965
8046,LiBF4,LiBF4,True,0.0,LiPF6,4.9577303274784965,4.9577303274784965
8047,LiBF4,LiBF4,True,0.0,LiPF6,4.9577303274784965,4.9577303274784965
8048,LiBF4,LiBF4,True,0.0,LiPF6,4.9577303274784965,4.9577303274784965
8049,LiBF4,LiBF4,True,0.0,LiPF6,4.9577303274784965,4.9577303274784965
8050,LiBF4,LiBF4,True,0.0,LiPF6,4.9577303274784965,4.9577303274784965
8051,LiBF4,LiBF4,True,0.0,LiPF6,4.9577303274784965,4.9577303274784965
8052,LiBF4,LiBF4,True,0.0,LiPF6,4.9577303274784965,4.9577303274784965
8053,LiBF4,LiBF4,True,0.0,LiPF6,4.9577303274784965,4.9577303274784965
8054,LiBF4,LiBF4,True,0.0,LiPF6,4.9577303274784965,4.9577303274784965
8055,LiBF4,LiBF4,True,0.0,LiPF6,4.9577303274784965,4.9577303274784965
8056,LiBF4,LiBF4,True,0.0,LiPF6,4.9577303274784965,4.9577303274784965
8057,LiBF4,LiBF4,True,0.0,LiPF6,4.9577303274784965,4.9577303274784965
8058,LiBF4,LiBF4,True,0.0,LiPF6,4.9577303274784965,4.9577303274784965
8059,LiBF4,LiBF4,True,0.0,LiPF6,4.9577303274784965,4.9577303274784965
8060,LiBF4,LiBF4,True,0.0,LiPF6,4.9577303274784965,4.9577303274784965
8061,LiBF4,LiBF4,True,0.0,LiPF6,4.9577303274784965,4.9577303274784965
8062,LiBF4,LiBF4,True,0.0,LiPF6,4.9577303274784965,4.9577303274784965
8063,LiBF4,LiBF4,True,0.0,LiPF6,4.9577303274784965,4.9577303274784965
8064,LiBF4,LiBF4,True,0.0,LiPF6,4.9577303274784965,4.9577303274784965
8065,LiBF4,LiBF4,True,0.0,LiPF6,4.9577303274784965,4.9577303274784965
8066,LiBF4,LiBF4,True,0.0,LiPF6,4.9577303274784965,4.9577303274784965
8067,LiBF4,LiBF4,True,0.0,LiPF6,4.9577303274784965,4.9577303274784965
8068,LiBF4,LiBF4,True,0.0,LiPF6,4.9577303274784965,4.9577303274784965
8069,LiBF4,LiBF4,True,0.0,LiPF6,4.9577303274784965,4.9577303274784965
8070,LiBF4,LiBF4,True,0.0,LiPF6,4.9577303274784965,4.9577303274784965
8071,LiBF4,LiBF4,True,0.0,LiPF6,4.9577303274784965,4.9577303274784965
8072,LiBF4,LiBF4,True,0.0,LiPF6,4.9577303274784965,4.9577303274784965
8073,LiBF4,LiBF4,True,0.0,LiPF6,4.9577303274784965,4.9577303274784965
8074,LiBF4,LiBF4,True,0.0,LiPF6,4.9577303274784965,4.9577303274784965
8075,LiBF4,LiBF4,True,0.0,LiPF6,4.9577303274784965,4.9577303274784965
8076,LiBF4,LiBF4,True,0.0,LiPF6,4.9577303274784965,4.9577303274784965
8077,LiBF4,LiBF4,True,0.0,LiPF6,4.9577303274784965,4.9577303274784965
8078,LiBF4,LiBF4,True,0.0,LiPF6,4.9577303274784965,4.9577303274784965
8079,LiBF4,LiBF4,True,0.0,LiPF6,4.9577303274784965,4.9577303274784965
8080,LiBF4,LiBF4,True,0.0,LiPF6,4.9577303274784965,4.9577303274784965
8081,LiBF4,LiBF4,True,0.0,LiPF6,4.9577303274784965,4.9577303274784965
8082,LiBF4,LiBF4,True,0.0,LiPF6,4.9577303274784965,4.9577303274784965
8083,LiBF4,LiBF4,True,0.0,LiPF6,4.9577303274784965,4.9577303274784965
8084,LiBF4,LiBF4,True,0.0,LiPF6,4.9577303274784965,4.9577303274784965
8085,LiBF4,LiBF4,True,0.0,LiPF6,4.9577303274784965,4.9577303274784965
8086,LiBF4,LiBF4,True,0.0,LiPF6,4.9577303274784965,4.9577303274784965
8087,LiBF4,LiBF4,True,0.0,LiPF6,4.9577303274784965,4.9577303274784965
8088,LiBF4,LiBF4,True,0.0,LiPF6,4.9577303274784965,4.9577303274784965
8089,LiBF4,LiBF4,True,0.0,LiPF6,4.9577303274784965,4.9577303274784965
8090,LiBF4,LiBF4,True,0.0,LiPF6,4.9577303274784965,4.9577303274784965
8091,LiBF4,LiBF4,True,0.0,LiPF6,4.9577303274784965,4.9577303274784965
8092,LiBF4,LiBF4,True,0.0,LiPF6,4.9577303274784965,4.9577303274784965
8093,LiBF4,LiBF4,True,0.0,LiPF6,4.9577303274784965,4.9577303274784965
8094,LiBF4,LiBF4,True,0.0,LiPF6,4.9577303274784965,4.9577303274784965
8095,LiBF4,LiBF4,True,0.0,LiPF6,4.9577303274784965,4.9577303274784965
8096,LiBF4,LiBF4,True,0.0,LiPF6,4.9577303274784965,4.9577303274784965
8097,LiBF4,LiBF4,True,0.0,LiPF6,4.9577303274784965,4.9577303274784965
8098,LiBF4,LiBF4,True,0.0,LiPF6,4.9577303274784965,4.9577303274784965
8099,LiBF4,LiBF4,True,0.0,LiPF6,4.9577303274784965,4.9577303274784965
8100,LiBF4,LiBF4,True,0.0,LiPF6,4.9577303274784965,4.9577303274784965
8101,LiBF4,LiBF4,True,0.0,LiPF6,4.9577303274784965,4.9577303274784965
8102,LiBF4,LiBF4,True,0.0,LiPF6,4.9577303274784965,4.9577303274784965
8103,LiBF4,LiBF4,True,0.0,LiPF6,4.9577303274784965,4.9577303274784965
8104,LiBF4,LiBF4,True,0.0,LiPF6,4.9577303274784965,4.9577303274784965
8105,LiBF4,LiBF4,True,0.0,LiPF6,4.9577303274784965,4.9577303274784965
8106,LiBF4,LiBF4,True,0.0,LiPF6,4.9577303274784965,4.9577303274784965
8107,LiBF4,LiBF4,True,0.0,LiPF6,4.9577303274784965,4.9577303274784965
8108,LiBF4,LiBF4,True,0.0,LiPF6,4.9577303274784965,4.9577303274784965
8109,LiBF4,LiBF4,True,0.0,LiPF6,4.9577303274784965,4.9577303274784965
8110,LiBF4,LiBF4,True,0.0,LiPF6,4.9577303274784965,4.9577303274784965
8111,LiBF4,LiBF4,True,0.0,LiPF6,4.9577303274784965,4.9577303274784965
8112,LiBF4,LiBF4,True,0.0,LiPF6,4.9577303274784965,4.9577303274784965
8113,LiBF4,LiBF4,True,0.0,LiPF6,4.9577303274784965,4.9577303274784965
8114,LiBF4,LiBF4,True,0.0,LiPF6,4.9577303274784965,4.9577303274784965
8115,LiBF4,LiBF4,True,0.0,LiPF6,4.9577303274784965,4.9577303274784965
8116,LiBF4,LiBF4,True,0.0,LiPF6,4.9577303274784965,4.9577303274784965
8117,LiBF4,LiBF4,True,0.0,LiPF6,4.9577303274784965,4.9577303274784965
8118,LiBF4,LiBF4,True,0.0,LiPF6,4.9577303274784965,4.9577303274784965
8119,LiBF4,LiBF4,True,0.0,LiPF6,4.9577303274784965,4.9577303274784965
8120,LiBF4,LiBF4,True,0.0,LiPF6,4.9577303274784965,4.9577303274784965
8121,LiBF4,LiBF4,True,0.0,LiPF6,4.9577303274784965,4.9577303274784965
8122,LiBF4,LiBF4,True,0.0,LiPF6,4.9577303274784965,4.9577303274784965
8123,LiBF4,LiBF4,True,0.0,LiPF6,4.9577303274784965,4.9577303274784965
8124,LiBF4,LiBF4,True,0.0,LiPF6,4.9577303274784965,4.9577303274784965
8125,LiBF4,LiBF4,True,0.0,LiPF6,4.9577303274784965,4.9577303274784965
8126,LiBF4,LiBF4,True,0.0,LiPF6,4.9577303274784965,4.9577303274784965
8127,LiBF4,LiBF4,True,0.0,LiPF6,4.9577303274784965,4.9577303274784965
8128,LiBF4,LiBF4,True,0.0,LiPF6,4.9577303274784965,4.9577303274784965
8129,LiBF4,LiBF4,True,0.0,LiPF6,4.9577303274784965,4.9577303274784965
8130,LiBF4,LiBF4,True,0.0,LiPF6,4.9577303274784965,4.9577303274784965
8131,LiBF4,LiBF4,True,0.0,LiPF6,4.9577303274784965,4.9577303274784965
8132,LiBF4,LiBF4,True,0.0,LiPF6,4.9577303274784965,4.9577303274784965
8133,LiBF4,LiBF4,True,0.0,LiPF6,4.9577303274784965,4.9577303274784965
8134,LiBF4,LiBF4,True,0.0,LiPF6,4.9577303274784965,4.9577303274784965
8135,LiBF4,LiBF4,True,0.0,LiPF6,4.9577303274784965,4.9577303274784965
8136,LiBF4,LiBF4,True,0.0,LiPF6,4.9577303274784965,4.9577303274784965
8137,LiBF4,LiBF4,True,0.0,LiPF6,4.9577303274784965,4.9577303274784965
8138,LiBF4,LiBF4,True,0.0,LiPF6,4.9577303274784965,4.9577303274784965
8139,LiBF4,LiBF4,True,0.0,LiPF6,4.9577303274784965,4.9577303274784965
8140,LiBF4,LiBF4,True,0.0,LiPF6,4.9577303274784965,4.9577303274784965
8141,LiBF4,LiBF4,True,0.0,LiPF6,4.9577303274784965,4.9577303274784965
8142,LiBF4,LiBF4,True,0.0,LiPF6,4.9577303274784965,4.9577303274784965
8143,LiBF4,LiBF4,True,0.0,LiPF6,4.9577303274784965,4.9577303274784965
8144,LiBF4,LiBF4,True,0.0,LiPF6,4.9577303274784965,4.9577303274784965
8145,LiBF4,LiBF4,True,0.0,LiPF6,4.9577303274784965,4.9577303274784965
8146,LiBF4,LiBF4,True,0.0,LiPF6,4.9577303274784965,4.9577303274784965
8147,LiBF4,LiBF4,True,0.0,LiPF6,4.9577303274784965,4.9577303274784965
8148,LiBF4,LiBF4,True,0.0,LiPF6,4.9577303274784965,4.9577303274784965
8149,LiBF4,LiBF4,True,0.0,LiPF6,4.9577303274784965,4.9577303274784965
8150,LiBF4,LiBF4,True,0.0,LiPF6,4.9577303274784965,4.9577303274784965
8151,LiBF4,LiBF4,True,0.0,LiPF6,4.9577303274784965,4.9577303274784965
8152,LiBF4,LiBF4,True,0.0,LiPF6,4.9577303274784965,4.9577303274784965
8153,LiBF4,LiBF4,True,0.0,LiPF6,4.9577303274784965,4.9577303274784965
8154,LiBF4,LiBF4,True,0.0,LiPF6,4.9577303274784965,4.9577303274784965
8155,LiBF4,LiBF4,True,0.0,LiPF6,4.9577303274784965,4.9577303274784965
8156,LiBF4,LiBF4,True,0.0,LiPF6,4.9577303274784965,4.9577303274784965
8157,LiBF4,LiBF4,True,0.0,LiPF6,4.9577303274784965,4.9577303274784965
8158,LiBF4,LiBF4,True,0.0,LiPF6,4.9577303274784965,4.9577303274784965
8159,LiBF4,LiBF4,True,0.0,LiPF6,4.9577303274784965,4.9577303274784965
8160,LiBF4,LiBF4,True,0.0,LiPF6,4.9577303274784965,4.9577303274784965
8161,LiBF4,LiBF4,True,0.0,LiPF6,4.9577303274784965,4.9577303274784965
8162,LiBF4,LiBF4,True,0.0,LiPF6,4.9577303274784965,4.9577303274784965
8163,LiBF4,LiBF4,True,0.0,LiPF6,4.9577303274784965,4.9577303274784965
8164,LiBF4,LiBF4,True,0.0,LiPF6,4.9577303274784965,4.9577303274784965
8165,LiBF4,LiBF4,True,0.0,LiPF6,4.9577303274784965,4.9577303274784965
8166,LiBF4,LiBF4,True,0.0,LiPF6,4.9577303274784965,4.9577303274784965
8167,LiBF4,LiBF4,True,0.0,LiPF6,4.9577303274784965,4.9577303274784965
8168,LiBF4,LiBF4,True,0.0,LiPF6,4.9577303274784965,4.9577303274784965
8169,LiBF4,LiBF4,True,0.0,LiPF6,4.9577303274784965,4.9577303274784965
8170,LiBF4,LiBF4,True,0.0,LiPF6,4.9577303274784965,4.9577303274784965
8171,LiBF4,LiBF4,True,0.0,LiPF6,4.9577303274784965,4.9577303274784965
8172,LiBF4,LiBF4,True,0.0,LiPF6,4.9577303274784965,4.9577303274784965
8173,LiBF4,LiBF4,True,0.0,LiPF6,4.9577303274784965,4.9577303274784965
8174,LiBF4,LiBF4,True,0.0,LiPF6,4.9577303274784965,4.9577303274784965
8175,LiBF4,LiBF4,True,0.0,LiPF6,4.9577303274784965,4.9577303274784965
8176,LiBF4,LiBF4,True,0.0,LiPF6,4.9577303274784965,4.9577303274784965
8177,LiBF4,LiBF4,True,0.0,LiPF6,4.9577303274784965,4.9577303274784965
8178,LiBF4,LiBF4,True,0.0,LiPF6,4.9577303274784965,4.9577303274784965
8179,LiBF4,LiBF4,True,0.0,LiPF6,4.9577303274784965,4.9577303274784965
8180,LiBF4,LiBF4,True,0.0,LiPF6,4.9577303274784965,4.9577303274784965
8181,LiBF4,LiBF4,True,0.0,LiPF6,4.9577303274784965,4.9577303274784965
8182,LiBF4,LiBF4,True,0.0,LiPF6,4.9577303274784965,4.9577303274784965
8183,LiBF4,LiBF4,True,0.0,LiPF6,4.9577303274784965,4.9577303274784965
8184,LiBF4,LiBF4,True,0.0,LiPF6,4.9577303274784965,4.9577303274784965
8185,LiBF4,LiBF4,True,0.0,LiPF6,4.9577303274784965,4.9577303274784965
8186,LiBF4,LiBF4,True,0.0,LiPF6,4.9577303274784965,4.9577303274784965
8187,LiBF4,LiBF4,True,0.0,LiPF6,4.9577303274784965,4.9577303274784965
8188,LiBF4,LiBF4,True,0.0,LiPF6,4.9577303274784965,4.9577303274784965
8189,LiBF4,LiBF4,True,0.0,LiPF6,4.9577303274784965,4.9577303274784965
8190,LiBF4,LiBF4,True,0.0,LiPF6,4.9577303274784965,4.9577303274784965
8191,LiBF4,LiBF4,True,0.0,LiPF6,4.9577303274784965,4.9577303274784965
8192,LiBF4,LiBF4,True,0.0,LiPF6,4.9577303274784965,4.9577303274784965
8193,LiBF4,LiBF4,True,0.0,LiPF6,4.9577303274784965,4.9577303274784965
8194,LiBF4,LiBF4,True,0.0,LiPF6,4.9577303274784965,4.9577303274784965
8195,LiBF4,LiBF4,True,0.0,LiPF6,4.9577303274784965,4.9577303274784965
8196,LiBF4,LiBF4,True,0.0,LiPF6,4.9577303274784965,4.9577303274784965
8197,LiBF4,LiBF4,True,0.0,LiPF6,4.9577303274784965,4.9577303274784965
8198,LiBF4,LiBF4,True,0.0,LiPF6,4.9577303274784965,4.9577303274784965
8199,LiBF4,LiBF4,True,0.0,LiPF6,4.9577303274784965,4.9577303274784965
8200,LiBF4,LiBF4,True,0.0,LiPF6,4.9577303274784965,4.9577303274784965
8201,LiBF4,LiBF4,True,0.0,LiPF6,4.9577303274784965,4.9577303274784965
8202,LiBF4,LiBF4,True,0.0,LiPF6,4.9577303274784965,4.9577303274784965
8203,LiBF4,LiBF4,True,0.0,LiPF6,4.9577303274784965,4.9577303274784965
8204,LiBF4,LiBF4,True,0.0,LiPF6,4.9577303274784965,4.9577303274784965
8205,LiBF4,LiBF4,True,0.0,LiPF6,4.9577303274784965,4.9577303274784965
8206,LiBF4,LiBF4,True,0.0,LiPF6,4.9577303274784965,4.9577303274784965
8207,LiBF4,LiBF4,True,0.0,LiPF6,4.9577303274784965,4.9577303274784965
8208,LiBF4,LiBF4,True,0.0,LiPF6,4.9577303274784965,4.9577303274784965
8209,LiBF4,LiBF4,True,0.0,LiPF6,4.9577303274784965,4.9577303274784965
8210,LiBF4,LiBF4,True,0.0,LiPF6,4.9577303274784965,4.9577303274784965
8211,LiBF4,LiBF4,True,0.0,LiPF6,4.9577303274784965,4.9577303274784965
8212,LiBF4,LiBF4,True,0.0,LiPF6,4.9577303274784965,4.9577303274784965
8213,LiBF4,LiBF4,True,0.0,LiPF6,4.9577303274784965,4.9577303274784965
8214,LiBF4,LiBF4,True,0.0,LiPF6,4.9577303274784965,4.9577303274784965
8215,LiBF4,LiBF4,True,0.0,LiPF6,4.9577303274784965,4.9577303274784965
8216,LiBF4,LiBF4,True,0.0,LiPF6,4.9577303274784965,4.9577303274784965
8217,LiBF4,LiBF4,True,0.0,LiPF6,4.9577303274784965,4.9577303274784965
8218,LiBF4,LiBF4,True,0.0,LiPF6,4.9577303274784965,4.9577303274784965
8219,LiBF4,LiBF4,True,0.0,LiPF6,4.9577303274784965,4.9577303274784965
8220,LiBF4,LiBF4,True,0.0,LiPF6,4.9577303274784965,4.9577303274784965
8221,LiBF4,LiBF4,True,0.0,LiPF6,4.9577303274784965,4.9577303274784965
8222,LiBF4,LiBF4,True,0.0,LiPF6,4.9577303274784965,4.9577303274784965
8223,LiBF4,LiBF4,True,0.0,LiPF6,4.9577303274784965,4.9577303274784965
8224,LiBF4,LiBF4,True,0.0,LiPF6,4.9577303274784965,4.9577303274784965
8225,LiBF4,LiBF4,True,0.0,LiPF6,4.9577303274784965,4.9577303274784965
8226,LiBF4,LiBF4,True,0.0,LiPF6,4.9577303274784965,4.9577303274784965
8227,LiBF4,LiBF4,True,0.0,LiPF6,4.9577303274784965,4.9577303274784965
8228,LiBF4,LiBF4,True,0.0,LiPF6,4.9577303274784965,4.9577303274784965
8229,LiBF4,LiBF4,True,0.0,LiPF6,4.9577303274784965,4.9577303274784965
8230,LiBF4,LiBF4,True,0.0,LiPF6,4.9577303274784965,4.9577303274784965
8231,LiBF4,LiBF4,True,0.0,LiPF6,4.9577303274784965,4.9577303274784965
8232,LiBF4,LiBF4,True,0.0,LiPF6,4.9577303274784965,4.9577303274784965
8233,LiBF4,LiBF4,True,0.0,LiPF6,4.9577303274784965,4.9577303274784965
8234,LiBF4,LiBF4,True,0.0,LiPF6,4.9577303274784965,4.9577303274784965
8235,LiBF4,LiBF4,True,0.0,LiPF6,4.9577303274784965,4.9577303274784965
8236,LiBF4,LiBF4,True,0.0,LiPF6,4.9577303274784965,4.9577303274784965
8237,LiBF4,LiBF4,True,0.0,LiPF6,4.9577303274784965,4.9577303274784965
8238,LiBF4,LiBF4,True,0.0,LiPF6,4.9577303274784965,4.9577303274784965
8239,LiBF4,LiBF4,True,0.0,LiPF6,4.9577303274784965,4.9577303274784965
8240,LiBF4,LiBF4,True,0.0,LiPF6,4.9577303274784965,4.9577303274784965
8241,LiBF4,LiBF4,True,0.0,LiPF6,4.9577303274784965,4.9577303274784965
8242,LiBF4,LiBF4,True,0.0,LiPF6,4.9577303274784965,4.9577303274784965
8243,LiBF4,LiBF4,True,0.0,LiPF6,4.9577303274784965,4.9577303274784965
8244,LiBF4,LiBF4,True,0.0,LiPF6,4.9577303274784965,4.9577303274784965
8245,LiBF4,LiBF4,True,0.0,LiPF6,4.9577303274784965,4.9577303274784965
8246,LiBF4,LiBF4,True,0.0,LiPF6,4.9577303274784965,4.9577303274784965
8247,LiBF4,LiBF4,True,0.0,LiPF6,4.9577303274784965,4.9577303274784965
8248,LiBF4,LiBF4,True,0.0,LiPF6,4.9577303274784965,4.9577303274784965
8249,LiBF4,LiBF4,True,0.0,LiPF6,4.9577303274784965,4.9577303274784965
8250,LiBF4,LiBF4,True,0.0,LiPF6,4.9577303274784965,4.9577303274784965
8251,LiBF4,LiBF4,True,0.0,LiPF6,4.9577303274784965,4.9577303274784965
8252,LiBF4,LiBF4,True,0.0,LiPF6,4.9577303274784965,4.9577303274784965
8253,LiBF4,LiBF4,True,0.0,LiPF6,4.9577303274784965,4.9577303274784965
8254,LiBF4,LiBF4,True,0.0,LiPF6,4.9577303274784965,4.9577303274784965
8255,LiBF4,LiBF4,True,0.0,LiPF6,4.9577303274784965,4.9577303274784965
8256,LiBF4,LiBF4,True,0.0,LiPF6,4.9577303274784965,4.9577303274784965
8257,LiBF4,LiBF4,True,0.0,LiPF6,4.9577303274784965,4.9577303274784965
8258,LiBF4,LiBF4,True,0.0,LiPF6,4.9577303274784965,4.9577303274784965
8259,LiBF4,LiBF4,True,0.0,LiPF6,4.9577303274784965,4.9577303274784965
8260,LiBF4,LiBF4,True,0.0,LiPF6,4.9577303274784965,4.9577303274784965
8261,LiBF4,LiBF4,True,0.0,LiPF6,4.9577303274784965,4.9577303274784965
8262,LiBF4,LiBF4,True,0.0,LiPF6,4.9577303274784965,4.9577303274784965
8263,LiBF4,LiBF4,True,0.0,LiPF6,4.9577303274784965,4.9577303274784965
8264,LiBF4,LiBF4,True,0.0,LiPF6,4.9577303274784965,4.9577303274784965
8265,LiBF4,LiBF4,True,0.0,LiPF6,4.9577303274784965,4.9577303274784965
8266,LiBF4,LiBF4,True,0.0,LiPF6,4.9577303274784965,4.9577303274784965
8267,LiBF4,LiBF4,True,0.0,LiPF6,4.9577303274784965,4.9577303274784965
8268,LiBF4,LiBF4,True,0.0,LiPF6,4.9577303274784965,4.9577303274784965
8269,LiBF4,LiBF4,True,0.0,LiPF6,4.9577303274784965,4.9577303274784965
8270,LiBF4,LiBF4,True,0.0,LiPF6,4.9577303274784965,4.9577303274784965
8271,LiBF4,LiBF4,True,0.0,LiPF6,4.9577303274784965,4.9577303274784965
8272,LiBF4,LiBF4,True,0.0,LiPF6,4.9577303274784965,4.9577303274784965
8273,LiBF4,LiBF4,True,0.0,LiPF6,4.9577303274784965,4.9577303274784965
8274,LiBF4,LiBF4,True,0.0,LiPF6,4.9577303274784965,4.9577303274784965
8275,LiBF4,LiBF4,True,0.0,LiPF6,4.9577303274784965,4.9577303274784965
8276,LiBF4,LiBF4,True,0.0,LiPF6,4.9577303274784965,4.9577303274784965
8277,LiBF4,LiBF4,True,0.0,LiPF6,4.9577303274784965,4.9577303274784965
8278,LiBF4,LiBF4,True,0.0,LiPF6,4.9577303274784965,4.9577303274784965
8279,LiBF4,LiBF4,True,0.0,LiPF6,4.9577303274784965,4.9577303274784965
8280,LiBF4,LiBF4,True,0.0,LiPF6,4.9577303274784965,4.9577303274784965
8281,LiBF4,LiBF4,True,0.0,LiPF6,4.9577303274784965,4.9577303274784965
8282,LiBF4,LiBF4,True,0.0,LiPF6,4.9577303274784965,4.9577303274784965
8283,LiBF4,LiBF4,True,0.0,LiPF6,4.9577303274784965,4.9577303274784965
8284,LiBF4,LiBF4,True,0.0,LiPF6,4.9577303274784965,4.9577303274784965
8285,LiBF4,LiBF4,True,0.0,LiPF6,4.9577303274784965,4.9577303274784965
8286,LiBF4,LiBF4,True,0.0,LiPF6,4.9577303274784965,4.9577303274784965
8287,LiBF4,LiBF4,True,0.0,LiPF6,4.9577303274784965,4.9577303274784965
8288,LiBF4,LiBF4,True,0.0,LiPF6,4.9577303274784965,4.9577303274784965
8289,LiBF4,LiBF4,True,0.0,LiPF6,4.9577303274784965,4.9577303274784965
8290,LiBF4,LiBF4,True,0.0,LiPF6,4.9577303274784965,4.9577303274784965
8291,LiBF4,LiBF4,True,0.0,LiPF6,4.9577303274784965,4.9577303274784965
8292,LiBF4,LiBF4,True,0.0,LiPF6,4.9577303274784965,4.9577303274784965
8293,LiBF4,LiBF4,True,0.0,LiPF6,4.9577303274784965,4.9577303274784965
8294,LiBF4,LiBF4,True,0.0,LiPF6,4.9577303274784965,4.9577303274784965
8295,LiBF4,LiBF4,True,0.0,LiPF6,4.9577303274784965,4.9577303274784965
8296,LiBF4,LiBF4,True,0.0,LiPF6,4.9577303274784965,4.9577303274784965
8297,LiBF4,LiBF4,True,0.0,LiPF6,4.9577303274784965,4.9577303274784965
8298,LiBF4,LiBF4,True,0.0,LiPF6,4.9577303274784965,4.9577303274784965
8299,LiBF4,LiBF4,True,0.0,LiPF6,4.9577303274784965,4.9577303274784965
8300,LiBF4,LiBF4,True,0.0,LiPF6,4.9577303274784965,4.9577303274784965
8301,LiBF4,LiBF4,True,0.0,LiPF6,4.9577303274784965,4.9577303274784965
8302,LiBF4,LiBF4,True,0.0,LiPF6,4.9577303274784965,4.9577303274784965
8303,LiBF4,LiBF4,True,0.0,LiPF6,4.9577303274784965,4.9577303274784965
8304,LiBF4,LiBF4,True,0.0,LiPF6,4.9577303274784965,4.9577303274784965
8305,LiBF4,LiBF4,True,0.0,LiPF6,4.9577303274784965,4.9577303274784965
8306,LiBF4,LiBF4,True,0.0,LiPF6,4.9577303274784965,4.9577303274784965
8307,LiBF4,LiBF4,True,0.0,LiPF6,4.9577303274784965,4.9577303274784965
8308,LiBF4,LiBF4,True,0.0,LiPF6,4.9577303274784965,4.9577303274784965
8309,LiBF4,LiBF4,True,0.0,LiPF6,4.9577303274784965,4.9577303274784965
8310,LiBF4,LiBF4,True,0.0,LiPF6,4.9577303274784965,4.9577303274784965
8311,LiBF4,LiBF4,True,0.0,LiPF6,4.9577303274784965,4.9577303274784965
8312,LiBF4,LiBF4,True,0.0,LiPF6,4.9577303274784965,4.9577303274784965
8313,LiBF4,LiBF4,True,0.0,LiPF6,4.9577303274784965,4.9577303274784965
8314,LiBF4,LiBF4,True,0.0,LiPF6,4.9577303274784965,4.9577303274784965
8315,LiBF4,LiBF4,True,0.0,LiPF6,4.9577303274784965,4.9577303274784965
8316,LiBF4,LiBF4,True,0.0,LiPF6,4.9577303274784965,4.9577303274784965
8317,LiBF4,LiBF4,True,0.0,LiPF6,4.9577303274784965,4.9577303274784965
8318,LiBF4,LiBF4,True,0.0,LiPF6,4.9577303274784965,4.9577303274784965
8319,LiBF4,LiBF4,True,0.0,LiPF6,4.9577303274784965,4.9577303274784965
8320,LiBF4,LiBF4,True,0.0,LiPF6,4.9577303274784965,4.9577303274784965
8321,LiBF4,LiBF4,True,0.0,LiPF6,4.9577303274784965,4.9577303274784965
8322,LiBF4,LiBF4,True,0.0,LiPF6,4.9577303274784965,4.9577303274784965
8323,LiBF4,LiBF4,True,0.0,LiPF6,4.9577303274784965,4.9577303274784965
8324,LiBF4,LiBF4,True,0.0,LiPF6,4.9577303274784965,4.9577303274784965
8325,LiBF4,LiBF4,True,0.0,LiPF6,4.9577303274784965,4.9577303274784965
8326,LiBF4,LiBF4,True,0.0,LiPF6,4.9577303274784965,4.9577303274784965
8327,LiBF4,LiBF4,True,0.0,LiPF6,4.9577303274784965,4.9577303274784965
8328,LiBF4,LiBF4,True,0.0,LiPF6,4.9577303274784965,4.9577303274784965
8329,LiBF4,LiBF4,True,0.0,LiPF6,4.9577303274784965,4.9577303274784965
8330,LiBF4,LiBF4,True,0.0,LiPF6,4.9577303274784965,4.9577303274784965
8331,LiBF4,LiBF4,True,0.0,LiPF6,4.9577303274784965,4.9577303274784965
8332,LiBF4,LiBF4,True,0.0,LiPF6,4.9577303274784965,4.9577303274784965
8333,LiBF4,LiBF4,True,0.0,LiPF6,4.9577303274784965,4.9577303274784965
8334,LiBF4,LiBF4,True,0.0,LiPF6,4.9577303274784965,4.9577303274784965
8335,LiBF4,LiBF4,True,0.0,LiPF6,4.9577303274784965,4.9577303274784965
8336,LiBF4,LiBF4,True,0.0,LiPF6,4.9577303274784965,4.9577303274784965
8337,LiBF4,LiBF4,True,0.0,LiPF6,4.9577303274784965,4.9577303274784965
8338,LiBF4,LiBF4,True,0.0,LiPF6,4.9577303274784965,4.9577303274784965
8339,LiBF4,LiBF4,True,0.0,LiPF6,4.9577303274784965,4.9577303274784965
8340,LiBF4,LiBF4,True,0.0,LiPF6,4.9577303274784965,4.9577303274784965
8341,LiBF4,LiBF4,True,0.0,LiPF6,4.9577303274784965,4.9577303274784965
8342,LiBF4,LiBF4,True,0.0,LiPF6,4.9577303274784965,4.9577303274784965
8343,LiBF4,LiBF4,True,0.0,LiPF6,4.9577303274784965,4.9577303274784965
8344,LiBF4,LiBF4,True,0.0,LiPF6,4.9577303274784965,4.9577303274784965
8345,LiBF4,LiBF4,True,0.0,LiPF6,4.9577303274784965,4.9577303274784965
8346,LiBF4,LiBF4,True,0.0,LiPF6,4.9577303274784965,4.9577303274784965
8347,LiBF4,LiBF4,True,0.0,LiPF6,4.9577303274784965,4.9577303274784965
8348,LiBF4,LiBF4,True,0.0,LiPF6,4.9577303274784965,4.9577303274784965
8349,LiBF4,LiBF4,True,0.0,LiPF6,4.9577303274784965,4.9577303274784965
8350,LiBF4,LiBF4,True,0.0,LiPF6,4.9577303274784965,4.9577303274784965
8351,LiBF4,LiBF4,True,0.0,LiPF6,4.9577303274784965,4.9577303274784965
8352,LiBF4,LiBF4,True,0.0,LiPF6,4.9577303274784965,4.9577303274784965
8353,LiBF4,LiBF4,True,0.0,LiPF6,4.9577303274784965,4.9577303274784965
8354,LiBF4,LiBF4,True,0.0,LiPF6,4.9577303274784965,4.9577303274784965
8355,LiBF4,LiBF4,True,0.0,LiPF6,4.9577303274784965,4.9577303274784965
8356,LiBF4,LiBF4,True,0.0,LiPF6,4.9577303274784965,4.9577303274784965
8357,LiBF4,LiBF4,True,0.0,LiPF6,4.9577303274784965,4.9577303274784965
8358,LiBF4,LiBF4,True,0.0,LiPF6,4.9577303274784965,4.9577303274784965
8359,LiBOB,LiBOB,True,0.0,LiPDI,1.0819930683696648,1.0819930683696648
8360,LiBOB,LiBOB,True,0.0,LiPDI,1.0819930683696648,1.0819930683696648
8361,LiBOB,LiBOB,True,0.0,LiPDI,1.0819930683696648,1.0819930683696648
8362,LiBOB,LiBOB,True,0.0,LiPDI,1.0819930683696648,1.0819930683696648
8363,LiBOB,LiBOB,True,0.0,LiPDI,1.0819930683696648,1.0819930683696648
8364,LiBOB,LiBOB,True,0.0,LiPDI,1.0819930683696648,1.0819930683696648
8365,LiBOB,LiBOB,True,0.0,LiPDI,1.0819930683696648,1.0819930683696648
8366,LiBOB,LiBOB,True,0.0,LiPDI,1.0819930683696648,1.0819930683696648
8367,LiBOB,LiBOB,True,0.0,LiPDI,1.0819930683696648,1.0819930683696648
8368,LiBOB,LiBOB,True,0.0,LiPDI,1.0819930683696648,1.0819930683696648
8369,LiBOB,LiBOB,True,0.0,LiPDI,1.0819930683696648,1.0819930683696648
8370,LiBOB,LiBOB,True,0.0,LiPDI,1.0819930683696648,1.0819930683696648
8371,LiBOB,LiBOB,True,0.0,LiPDI,1.0819930683696648,1.0819930683696648
8372,LiBOB,LiBOB,True,0.0,LiPDI,1.0819930683696648,1.0819930683696648
8373,LiBOB,LiBOB,True,0.0,LiPDI,1.0819930683696648,1.0819930683696648
8374,LiBOB,LiBOB,True,0.0,LiPDI,1.0819930683696648,1.0819930683696648
8375,LiBOB,LiBOB,True,0.0,LiPDI,1.0819930683696648,1.0819930683696648
8376,LiBOB,LiBOB,True,0.0,LiPDI,1.0819930683696648,1.0819930683696648
8377,LiBOB,LiBOB,True,0.0,LiPDI,1.0819930683696648,1.0819930683696648
8378,LiBOB,LiBOB,True,0.0,LiPDI,1.0819930683696648,1.0819930683696648
8379,LiBOB,LiBOB,True,0.0,LiPDI,1.0819930683696648,1.0819930683696648
8380,LiBOB,LiBOB,True,0.0,LiPDI,1.0819930683696648,1.0819930683696648
8381,LiBOB,LiBOB,True,0.0,LiPDI,1.0819930683696648,1.0819930683696648
8382,LiBOB,LiBOB,True,0.0,LiPDI,1.0819930683696648,1.0819930683696648
8383,LiBOB,LiBOB,True,0.0,LiPDI,1.0819930683696648,1.0819930683696648
8384,LiBOB,LiBOB,True,0.0,LiPDI,1.0819930683696648,1.0819930683696648
8385,LiBOB,LiBOB,True,0.0,LiPDI,1.0819930683696648,1.0819930683696648
8386,LiBOB,LiBOB,True,0.0,LiPDI,1.0819930683696648,1.0819930683696648
8387,LiBOB,LiBOB,True,0.0,LiPDI,1.0819930683696648,1.0819930683696648
8388,LiBOB,LiBOB,True,0.0,LiPDI,1.0819930683696648,1.0819930683696648
8389,LiBOB,LiBOB,True,0.0,LiPDI,1.0819930683696648,1.0819930683696648
8390,LiBOB,LiBOB,True,0.0,LiPDI,1.0819930683696648,1.0819930683696648
8391,LiBOB,LiBOB,True,0.0,LiPDI,1.0819930683696648,1.0819930683696648
8392,LiBOB,LiBOB,True,0.0,LiPDI,1.0819930683696648,1.0819930683696648
8393,LiBOB,LiBOB,True,0.0,LiPDI,1.0819930683696648,1.0819930683696648
8394,LiBOB,LiBOB,True,0.0,LiPDI,1.0819930683696648,1.0819930683696648
8395,LiBOB,LiBOB,True,0.0,LiPDI,1.0819930683696648,1.0819930683696648
8396,LiBOB,LiBOB,True,0.0,LiPDI,1.0819930683696648,1.0819930683696648
8397,LiBOB,LiBOB,True,0.0,LiPDI,1.0819930683696648,1.0819930683696648
8398,LiBOB,LiBOB,True,0.0,LiPDI,1.0819930683696648,1.0819930683696648
8399,LiBOB,LiBOB,True,0.0,LiPDI,1.0819930683696648,1.0819930683696648
8400,LiBOB,LiBOB,True,0.0,LiPDI,1.0819930683696648,1.0819930683696648
8401,LiBOB,LiBOB,True,0.0,LiPDI,1.0819930683696648,1.0819930683696648
8402,LiBOB,LiBOB,True,0.0,LiPDI,1.0819930683696648,1.0819930683696648
8403,LiBOB,LiBOB,True,0.0,LiPDI,1.0819930683696648,1.0819930683696648
8404,LiBOB,LiBOB,True,0.0,LiPDI,1.0819930683696648,1.0819930683696648
8405,LiBOB,LiBOB,True,0.0,LiPDI,1.0819930683696648,1.0819930683696648
8406,LiBOB,LiBOB,True,0.0,LiPDI,1.0819930683696648,1.0819930683696648
8407,LiBOB,LiBOB,True,0.0,LiPDI,1.0819930683696648,1.0819930683696648
8408,LiBOB,LiBOB,True,0.0,LiPDI,1.0819930683696648,1.0819930683696648
8409,LiBOB,LiBOB,True,0.0,LiPDI,1.0819930683696648,1.0819930683696648
8410,LiBOB,LiBOB,True,0.0,LiPDI,1.0819930683696648,1.0819930683696648
8411,LiBOB,LiBOB,True,0.0,LiPDI,1.0819930683696648,1.0819930683696648
8412,LiBOB,LiBOB,True,0.0,LiPDI,1.0819930683696648,1.0819930683696648
8413,LiBOB,LiBOB,True,0.0,LiPDI,1.0819930683696648,1.0819930683696648
8414,LiBOB,LiBOB,True,0.0,LiPDI,1.0819930683696648,1.0819930683696648
8415,LiBOB,LiBOB,True,0.0,LiPDI,1.0819930683696648,1.0819930683696648
8416,LiBOB,LiBOB,True,0.0,LiPDI,1.0819930683696648,1.0819930683696648
8417,LiBOB,LiBOB,True,0.0,LiPDI,1.0819930683696648,1.0819930683696648
8418,LiBOB,LiBOB,True,0.0,LiPDI,1.0819930683696648,1.0819930683696648
8419,LiBOB,LiBOB,True,0.0,LiPDI,1.0819930683696648,1.0819930683696648
8420,LiBOB,LiBOB,True,0.0,LiPDI,1.0819930683696648,1.0819930683696648
8421,LiBOB,LiBOB,True,0.0,LiPDI,1.0819930683696648,1.0819930683696648
8422,LiBOB,LiBOB,True,0.0,LiPDI,1.0819930683696648,1.0819930683696648
8423,LiBOB,LiBOB,True,0.0,LiPDI,1.0819930683696648,1.0819930683696648
8424,LiBOB,LiBOB,True,0.0,LiPDI,1.0819930683696648,1.0819930683696648
8425,LiBOB,LiBOB,True,0.0,LiPDI,1.0819930683696648,1.0819930683696648
8426,LiBOB,LiBOB,True,0.0,LiPDI,1.0819930683696648,1.0819930683696648
8427,LiBOB,LiBOB,True,0.0,LiPDI,1.0819930683696648,1.0819930683696648
8428,LiBOB,LiBOB,True,0.0,LiPDI,1.0819930683696648,1.0819930683696648
8429,LiBOB,LiBOB,True,0.0,LiPDI,1.0819930683696648,1.0819930683696648
8430,LiBOB,LiBOB,True,0.0,LiPDI,1.0819930683696648,1.0819930683696648
8431,LiBOB,LiBOB,True,0.0,LiPDI,1.0819930683696648,1.0819930683696648
8432,LiBOB,LiBOB,True,0.0,LiPDI,1.0819930683696648,1.0819930683696648
8433,LiBOB,LiBOB,True,0.0,LiPDI,1.0819930683696648,1.0819930683696648
8434,LiBOB,LiBOB,True,0.0,LiPDI,1.0819930683696648,1.0819930683696648
8435,LiBOB,LiBOB,True,0.0,LiPDI,1.0819930683696648,1.0819930683696648
8436,LiBOB,LiBOB,True,0.0,LiPDI,1.0819930683696648,1.0819930683696648
8437,LiBOB,LiBOB,True,0.0,LiPDI,1.0819930683696648,1.0819930683696648
8438,LiBOB,LiBOB,True,0.0,LiPDI,1.0819930683696648,1.0819930683696648
8439,LiBOB,LiBOB,True,0.0,LiPDI,1.0819930683696648,1.0819930683696648
8440,LiBOB,LiBOB,True,0.0,LiPDI,1.0819930683696648,1.0819930683696648
8441,LiBOB,LiBOB,True,0.0,LiPDI,1.0819930683696648,1.0819930683696648
8442,LiBOB,LiBOB,True,0.0,LiPDI,1.0819930683696648,1.0819930683696648
8443,LiBOB,LiBOB,True,0.0,LiPDI,1.0819930683696648,1.0819930683696648
8444,LiBOB,LiBOB,True,0.0,LiPDI,1.0819930683696648,1.0819930683696648
8445,LiBOB,LiBOB,True,0.0,LiPDI,1.0819930683696648,1.0819930683696648
8446,LiBOB,LiBOB,True,0.0,LiPDI,1.0819930683696648,1.0819930683696648
8447,LiBOB,LiBOB,True,0.0,LiPDI,1.0819930683696648,1.0819930683696648
8448,LiBOB,LiBOB,True,0.0,LiPDI,1.0819930683696648,1.0819930683696648
8449,LiBOB,LiBOB,True,0.0,LiPDI,1.0819930683696648,1.0819930683696648
8450,LiBOB,LiBOB,True,0.0,LiPDI,1.0819930683696648,1.0819930683696648
8451,LiBOB,LiBOB,True,0.0,LiPDI,1.0819930683696648,1.0819930683696648
8452,LiBOB,LiBOB,True,0.0,LiPDI,1.0819930683696648,1.0819930683696648
8453,LiBOB,LiBOB,True,0.0,LiPDI,1.0819930683696648,1.0819930683696648
8454,LiBOB,LiBOB,True,0.0,LiPDI,1.0819930683696648,1.0819930683696648
8455,LiBOB,LiBOB,True,0.0,LiPDI,1.0819930683696648,1.0819930683696648
8456,LiBOB,LiBOB,True,0.0,LiPDI,1.0819930683696648,1.0819930683696648
8457,LiBOB,LiBOB,True,0.0,LiPDI,1.0819930683696648,1.0819930683696648
8458,LiBOB,LiBOB,True,0.0,LiPDI,1.0819930683696648,1.0819930683696648
8459,LiBOB,LiBOB,True,0.0,LiPDI,1.0819930683696648,1.0819930683696648
8460,LiBOB,LiBOB,True,0.0,LiPDI,1.0819930683696648,1.0819930683696648
8461,LiBOB,LiBOB,True,0.0,LiPDI,1.0819930683696648,1.0819930683696648
8462,LiBOB,LiBOB,True,0.0,LiPDI,1.0819930683696648,1.0819930683696648
8463,LiBOB,LiBOB,True,0.0,LiPDI,1.0819930683696648,1.0819930683696648
8464,LiBOB,LiBOB,True,0.0,LiPDI,1.0819930683696648,1.0819930683696648
8465,LiBOB,LiBOB,True,0.0,LiPDI,1.0819930683696648,1.0819930683696648
8466,LiBOB,LiBOB,True,0.0,LiPDI,1.0819930683696648,1.0819930683696648
8467,LiBOB,LiBOB,True,0.0,LiPDI,1.0819930683696648,1.0819930683696648
8468,LiBOB,LiBOB,True,0.0,LiPDI,1.0819930683696648,1.0819930683696648
8469,LiBOB,LiBOB,True,0.0,LiPDI,1.0819930683696648,1.0819930683696648
8470,LiBOB,LiBOB,True,0.0,LiPDI,1.0819930683696648,1.0819930683696648
8471,LiBOB,LiBOB,True,0.0,LiPDI,1.0819930683696648,1.0819930683696648
8472,LiBOB,LiBOB,True,0.0,LiPDI,1.0819930683696648,1.0819930683696648
8473,LiBOB,LiBOB,True,0.0,LiPDI,1.0819930683696648,1.0819930683696648
8474,LiBOB,LiBOB,True,0.0,LiPDI,1.0819930683696648,1.0819930683696648
8475,LiBOB,LiBOB,True,0.0,LiPDI,1.0819930683696648,1.0819930683696648
8476,LiBOB,LiBOB,True,0.0,LiPDI,1.0819930683696648,1.0819930683696648
8477,LiBOB,LiBOB,True,0.0,LiPDI,1.0819930683696648,1.0819930683696648
8478,LiBOB,LiBOB,True,0.0,LiPDI,1.0819930683696648,1.0819930683696648
8479,LiBOB,LiBOB,True,0.0,LiPDI,1.0819930683696648,1.0819930683696648
8480,LiBOB,LiBOB,True,0.0,LiPDI,1.0819930683696648,1.0819930683696648
8481,LiBOB,LiBOB,True,0.0,LiPDI,1.0819930683696648,1.0819930683696648
8482,LiBOB,LiBOB,True,0.0,LiPDI,1.0819930683696648,1.0819930683696648
8483,LiBOB,LiBOB,True,0.0,LiPDI,1.0819930683696648,1.0819930683696648
8484,LiBOB,LiBOB,True,0.0,LiPDI,1.0819930683696648,1.0819930683696648
8485,LiBOB,LiBOB,True,0.0,LiPDI,1.0819930683696648,1.0819930683696648
8486,LiBOB,LiBOB,True,0.0,LiPDI,1.0819930683696648,1.0819930683696648
8487,LiBOB,LiBOB,True,0.0,LiPDI,1.0819930683696648,1.0819930683696648
8488,LiBOB,LiBOB,True,0.0,LiPDI,1.0819930683696648,1.0819930683696648
8489,LiBOB,LiBOB,True,0.0,LiPDI,1.0819930683696648,1.0819930683696648
8490,LiBOB,LiBOB,True,0.0,LiPDI,1.0819930683696648,1.0819930683696648
8491,LiBOB,LiBOB,True,0.0,LiPDI,1.0819930683696648,1.0819930683696648
8492,LiBOB,LiBOB,True,0.0,LiPDI,1.0819930683696648,1.0819930683696648
8493,LiBOB,LiBOB,True,0.0,LiPDI,1.0819930683696648,1.0819930683696648
8494,LiBOB,LiBOB,True,0.0,LiPDI,1.0819930683696648,1.0819930683696648
8495,LiBOB,LiBOB,True,0.0,LiPDI,1.0819930683696648,1.0819930683696648
8496,LiBOB,LiBOB,True,0.0,LiPDI,1.0819930683696648,1.0819930683696648
8497,LiBOB,LiBOB,True,0.0,LiPDI,1.0819930683696648,1.0819930683696648
8498,LiBOB,LiBOB,True,0.0,LiPDI,1.0819930683696648,1.0819930683696648
8499,LiBOB,LiBOB,True,0.0,LiPDI,1.0819930683696648,1.0819930683696648
8500,LiBOB,LiBOB,True,0.0,LiPDI,1.0819930683696648,1.0819930683696648
8501,LiBOB,LiBOB,True,0.0,LiPDI,1.0819930683696648,1.0819930683696648
8502,LiBOB,LiBOB,True,0.0,LiPDI,1.0819930683696648,1.0819930683696648
8503,LiBOB,LiBOB,True,0.0,LiPDI,1.0819930683696648,1.0819930683696648
8504,LiBOB,LiBOB,True,0.0,LiPDI,1.0819930683696648,1.0819930683696648
8505,LiBOB,LiBOB,True,0.0,LiPDI,1.0819930683696648,1.0819930683696648
8506,LiBOB,LiBOB,True,0.0,LiPDI,1.0819930683696648,1.0819930683696648
8507,LiBOB,LiBOB,True,0.0,LiPDI,1.0819930683696648,1.0819930683696648
8508,LiBOB,LiBOB,True,0.0,LiPDI,1.0819930683696648,1.0819930683696648
8509,LiBOB,LiBOB,True,0.0,LiPDI,1.0819930683696648,1.0819930683696648
8510,LiBOB,LiBOB,True,0.0,LiPDI,1.0819930683696648,1.0819930683696648
8511,LiBOB,LiBOB,True,0.0,LiPDI,1.0819930683696648,1.0819930683696648
8512,LiBOB,LiBOB,True,0.0,LiPDI,1.0819930683696648,1.0819930683696648
8513,LiBOB,LiBOB,True,0.0,LiPDI,1.0819930683696648,1.0819930683696648
8514,LiBOB,LiBOB,True,0.0,LiPDI,1.0819930683696648,1.0819930683696648
8515,LiBOB,LiBOB,True,0.0,LiPDI,1.0819930683696648,1.0819930683696648
8516,LiBOB,LiBOB,True,0.0,LiPDI,1.0819930683696648,1.0819930683696648
8517,LiBOB,LiBOB,True,0.0,LiPDI,1.0819930683696648,1.0819930683696648
8518,LiBOB,LiBOB,True,0.0,LiPDI,1.0819930683696648,1.0819930683696648
8519,LiBOB,LiBOB,True,0.0,LiPDI,1.0819930683696648,1.0819930683696648
8520,LiBOB,LiBOB,True,0.0,LiPDI,1.0819930683696648,1.0819930683696648
8521,LiBOB,LiBOB,True,0.0,LiPDI,1.0819930683696648,1.0819930683696648
8522,LiBOB,LiBOB,True,0.0,LiPDI,1.0819930683696648,1.0819930683696648
8523,LiBOB,LiBOB,True,0.0,LiPDI,1.0819930683696648,1.0819930683696648
8524,LiBOB,LiBOB,True,0.0,LiPDI,1.0819930683696648,1.0819930683696648
8525,LiBOB,LiBOB,True,0.0,LiPDI,1.0819930683696648,1.0819930683696648
8526,LiBOB,LiBOB,True,0.0,LiPDI,1.0819930683696648,1.0819930683696648
8527,LiBOB,LiBOB,True,0.0,LiPDI,1.0819930683696648,1.0819930683696648
8528,LiBOB,LiBOB,True,0.0,LiPDI,1.0819930683696648,1.0819930683696648
8529,LiBOB,LiBOB,True,0.0,LiPDI,1.0819930683696648,1.0819930683696648
8530,LiBOB,LiBOB,True,0.0,LiPDI,1.0819930683696648,1.0819930683696648
8531,LiBOB,LiBOB,True,0.0,LiPDI,1.0819930683696648,1.0819930683696648
8532,LiBOB,LiBOB,True,0.0,LiPDI,1.0819930683696648,1.0819930683696648
8533,LiBOB,LiBOB,True,0.0,LiPDI,1.0819930683696648,1.0819930683696648
8534,LiBOB,LiBOB,True,0.0,LiPDI,1.0819930683696648,1.0819930683696648
8535,LiBOB,LiBOB,True,0.0,LiPDI,1.0819930683696648,1.0819930683696648
8536,LiBOB,LiBOB,True,0.0,LiPDI,1.0819930683696648,1.0819930683696648
8537,LiBOB,LiBOB,True,0.0,LiPDI,1.0819930683696648,1.0819930683696648
8538,LiBOB,LiBOB,True,0.0,LiPDI,1.0819930683696648,1.0819930683696648
8539,LiBOB,LiBOB,True,0.0,LiPDI,1.0819930683696648,1.0819930683696648
8540,LiBOB,LiBOB,True,0.0,LiPDI,1.0819930683696648,1.0819930683696648
8541,LiBOB,LiBOB,True,0.0,LiPDI,1.0819930683696648,1.0819930683696648
8542,LiBOB,LiBOB,True,0.0,LiPDI,1.0819930683696648,1.0819930683696648
8543,LiBOB,LiBOB,True,0.0,LiPDI,1.0819930683696648,1.0819930683696648
8544,LiBOB,LiBOB,True,0.0,LiPDI,1.0819930683696648,1.0819930683696648
8545,LiBOB,LiBOB,True,0.0,LiPDI,1.0819930683696648,1.0819930683696648
8546,LiBOB,LiBOB,True,0.0,LiPDI,1.0819930683696648,1.0819930683696648
8547,LiBOB,LiBOB,True,0.0,LiPDI,1.0819930683696648,1.0819930683696648
8548,LiBOB,LiBOB,True,0.0,LiPDI,1.0819930683696648,1.0819930683696648
8549,LiBOB,LiBOB,True,0.0,LiPDI,1.0819930683696648,1.0819930683696648
8550,LiBOB,LiBOB,True,0.0,LiPDI,1.0819930683696648,1.0819930683696648
8551,LiBOB,LiBOB,True,0.0,LiPDI,1.0819930683696648,1.0819930683696648
8552,LiBOB,LiBOB,True,0.0,LiPDI,1.0819930683696648,1.0819930683696648
8553,LiBOB,LiBOB,True,0.0,LiPDI,1.0819930683696648,1.0819930683696648
8554,LiBOB,LiBOB,True,0.0,LiPDI,1.0819930683696648,1.0819930683696648
8555,LiBOB,LiBOB,True,0.0,LiPDI,1.0819930683696648,1.0819930683696648
8556,LiBOB,LiBOB,True,0.0,LiPDI,1.0819930683696648,1.0819930683696648
8557,LiBOB,LiBOB,True,0.0,LiPDI,1.0819930683696648,1.0819930683696648
8558,LiBOB,LiBOB,True,0.0,LiPDI,1.0819930683696648,1.0819930683696648
8559,LiBOB,LiBOB,True,0.0,LiPDI,1.0819930683696648,1.0819930683696648
8560,LiBOB,LiBOB,True,0.0,LiPDI,1.0819930683696648,1.0819930683696648
8561,LiBOB,LiBOB,True,0.0,LiPDI,1.0819930683696648,1.0819930683696648
8562,LiBOB,LiBOB,True,0.0,LiPDI,1.0819930683696648,1.0819930683696648
8563,LiBOB,LiBOB,True,0.0,LiPDI,1.0819930683696648,1.0819930683696648
8564,LiBOB,LiBOB,True,0.0,LiPDI,1.0819930683696648,1.0819930683696648
8565,LiBOB,LiBOB,True,0.0,LiPDI,1.0819930683696648,1.0819930683696648
8566,LiBOB,LiBOB,True,0.0,LiPDI,1.0819930683696648,1.0819930683696648
8567,LiBOB,LiBOB,True,0.0,LiPDI,1.0819930683696648,1.0819930683696648
8568,LiBOB,LiBOB,True,0.0,LiPDI,1.0819930683696648,1.0819930683696648
8569,LiBOB,LiBOB,True,0.0,LiPDI,1.0819930683696648,1.0819930683696648
8570,LiBOB,LiBOB,True,0.0,LiPDI,1.0819930683696648,1.0819930683696648
8571,LiBOB,LiBOB,True,0.0,LiPDI,1.0819930683696648,1.0819930683696648
8572,LiBOB,LiBOB,True,0.0,LiPDI,1.0819930683696648,1.0819930683696648
8573,LiBOB,LiBOB,True,0.0,LiPDI,1.0819930683696648,1.0819930683696648
8574,LiBOB,LiBOB,True,0.0,LiPDI,1.0819930683696648,1.0819930683696648
8575,LiBOB,LiBOB,True,0.0,LiPDI,1.0819930683696648,1.0819930683696648
8576,LiBOB,LiBOB,True,0.0,LiPDI,1.0819930683696648,1.0819930683696648
8577,LiBOB,LiBOB,True,0.0,LiPDI,1.0819930683696648,1.0819930683696648
8578,LiBOB,LiBOB,True,0.0,LiPDI,1.0819930683696648,1.0819930683696648
8579,LiBOB,LiBOB,True,0.0,LiPDI,1.0819930683696648,1.0819930683696648
8580,LiBOB,LiBOB,True,0.0,LiPDI,1.0819930683696648,1.0819930683696648
8581,LiBOB,LiBOB,True,0.0,LiPDI,1.0819930683696648,1.0819930683696648
8582,LiBOB,LiBOB,True,0.0,LiPDI,1.0819930683696648,1.0819930683696648
8583,LiBOB,LiBOB,True,0.0,LiPDI,1.0819930683696648,1.0819930683696648
8584,LiBOB,LiBOB,True,0.0,LiPDI,1.0819930683696648,1.0819930683696648
8585,LiBOB,LiBOB,True,0.0,LiPDI,1.0819930683696648,1.0819930683696648
8586,LiBOB,LiBOB,True,0.0,LiPDI,1.0819930683696648,1.0819930683696648
8587,LiBOB,LiBOB,True,0.0,LiPDI,1.0819930683696648,1.0819930683696648
8588,LiBOB,LiBOB,True,0.0,LiPDI,1.0819930683696648,1.0819930683696648
8589,LiBOB,LiBOB,True,0.0,LiPDI,1.0819930683696648,1.0819930683696648
8590,LiBOB,LiBOB,True,0.0,LiPDI,1.0819930683696648,1.0819930683696648
8591,LiBOB,LiBOB,True,0.0,LiPDI,1.0819930683696648,1.0819930683696648
8592,LiBOB,LiBOB,True,0.0,LiPDI,1.0819930683696648,1.0819930683696648
8593,LiBOB,LiBOB,True,0.0,LiPDI,1.0819930683696648,1.0819930683696648
8594,LiBOB,LiBOB,True,0.0,LiPDI,1.0819930683696648,1.0819930683696648
8595,LiBOB,LiBOB,True,0.0,LiPDI,1.0819930683696648,1.0819930683696648
8596,LiBOB,LiBOB,True,0.0,LiPDI,1.0819930683696648,1.0819930683696648
8597,LiBOB,LiBOB,True,0.0,LiPDI,1.0819930683696648,1.0819930683696648
8598,LiBOB,LiBOB,True,0.0,LiPDI,1.0819930683696648,1.0819930683696648
8599,LiBOB,LiBOB,True,0.0,LiPDI,1.0819930683696648,1.0819930683696648
8600,LiBOB,LiBOB,True,0.0,LiPDI,1.0819930683696648,1.0819930683696648
8601,LiBOB,LiBOB,True,0.0,LiPDI,1.0819930683696648,1.0819930683696648
8602,LiBOB,LiBOB,True,0.0,LiPDI,1.0819930683696648,1.0819930683696648
8603,LiBOB,LiBOB,True,0.0,LiPDI,1.0819930683696648,1.0819930683696648
8604,LiBOB,LiBOB,True,0.0,LiPDI,1.0819930683696648,1.0819930683696648
8605,LiBOB,LiBOB,True,0.0,LiPDI,1.0819930683696648,1.0819930683696648
8606,LiBOB,LiBOB,True,0.0,LiPDI,1.0819930683696648,1.0819930683696648
8607,LiBOB,LiBOB,True,0.0,LiPDI,1.0819930683696648,1.0819930683696648
8608,LiBOB,LiBOB,True,0.0,LiPDI,1.0819930683696648,1.0819930683696648
8609,LiBOB,LiBOB,True,0.0,LiPDI,1.0819930683696648,1.0819930683696648
8610,LiBOB,LiBOB,True,0.0,LiPDI,1.0819930683696648,1.0819930683696648
8611,LiBOB,LiBOB,True,0.0,LiPDI,1.0819930683696648,1.0819930683696648
8612,LiBOB,LiBOB,True,0.0,LiPDI,1.0819930683696648,1.0819930683696648
8613,LiBOB,LiBOB,True,0.0,LiPDI,1.0819930683696648,1.0819930683696648
8614,LiBOB,LiBOB,True,0.0,LiPDI,1.0819930683696648,1.0819930683696648
8615,LiBOB,LiBOB,True,0.0,LiPDI,1.0819930683696648,1.0819930683696648
8616,LiBOB,LiBOB,True,0.0,LiPDI,1.0819930683696648,1.0819930683696648
8617,LiBOB,LiBOB,True,0.0,LiPDI,1.0819930683696648,1.0819930683696648
8618,LiBOB,LiBOB,True,0.0,LiPDI,1.0819930683696648,1.0819930683696648
8619,LiBOB,LiBOB,True,0.0,LiPDI,1.0819930683696648,1.0819930683696648
8620,LiBOB,LiBOB,True,0.0,LiPDI,1.0819930683696648,1.0819930683696648
8621,LiBOB,LiBOB,True,0.0,LiPDI,1.0819930683696648,1.0819930683696648
8622,LiBOB,LiBOB,True,0.0,LiPDI,1.0819930683696648,1.0819930683696648
8623,LiBOB,LiBOB,True,0.0,LiPDI,1.0819930683696648,1.0819930683696648
8624,LiBOB,LiBOB,True,0.0,LiPDI,1.0819930683696648,1.0819930683696648
8625,LiBOB,LiBOB,True,0.0,LiPDI,1.0819930683696648,1.0819930683696648
8626,LiBOB,LiBOB,True,0.0,LiPDI,1.0819930683696648,1.0819930683696648
8627,LiBOB,LiBOB,True,0.0,LiPDI,1.0819930683696648,1.0819930683696648
8628,LiBOB,LiBOB,True,0.0,LiPDI,1.0819930683696648,1.0819930683696648
8629,LiBOB,LiBOB,True,0.0,LiPDI,1.0819930683696648,1.0819930683696648
8630,LiBOB,LiBOB,True,0.0,LiPDI,1.0819930683696648,1.0819930683696648
8631,LiBOB,LiBOB,True,0.0,LiPDI,1.0819930683696648,1.0819930683696648
8632,LiBOB,LiBOB,True,0.0,LiPDI,1.0819930683696648,1.0819930683696648
8633,LiBOB,LiBOB,True,0.0,LiPDI,1.0819930683696648,1.0819930683696648
8634,LiBOB,LiBOB,True,0.0,LiPDI,1.0819930683696648,1.0819930683696648
8635,LiBOB,LiBOB,True,0.0,LiPDI,1.0819930683696648,1.0819930683696648
8636,LiBOB,LiBOB,True,0.0,LiPDI,1.0819930683696648,1.0819930683696648
8637,LiBOB,LiBOB,True,0.0,LiPDI,1.0819930683696648,1.0819930683696648
8638,LiBOB,LiBOB,True,0.0,LiPDI,1.0819930683696648,1.0819930683696648
8639,LiBOB,LiBOB,True,0.0,LiPDI,1.0819930683696648,1.0819930683696648
8640,LiBOB,LiBOB,True,0.0,LiPDI,1.0819930683696648,1.0819930683696648
8641,LiBOB,LiBOB,True,0.0,LiPDI,1.0819930683696648,1.0819930683696648
8642,LiBOB,LiBOB,True,0.0,LiPDI,1.0819930683696648,1.0819930683696648
8643,LiBOB,LiBOB,True,0.0,LiPDI,1.0819930683696648,1.0819930683696648
8644,LiBOB,LiBOB,True,0.0,LiPDI,1.0819930683696648,1.0819930683696648
8645,LiBOB,LiBOB,True,0.0,LiPDI,1.0819930683696648,1.0819930683696648
8646,LiBOB,LiBOB,True,0.0,LiPDI,1.0819930683696648,1.0819930683696648
8647,LiBOB,LiBOB,True,0.0,LiPDI,1.0819930683696648,1.0819930683696648
8648,LiBOB,LiBOB,True,0.0,LiPDI,1.0819930683696648,1.0819930683696648
8649,LiBOB,LiBOB,True,0.0,LiPDI,1.0819930683696648,1.0819930683696648
8650,LiBOB,LiBOB,True,0.0,LiPDI,1.0819930683696648,1.0819930683696648
8651,LiBOB,LiBOB,True,0.0,LiPDI,1.0819930683696648,1.0819930683696648
8652,LiBOB,LiBOB,True,0.0,LiPDI,1.0819930683696648,1.0819930683696648
8653,LiBOB,LiBOB,True,0.0,LiPDI,1.0819930683696648,1.0819930683696648
8654,LiBOB,LiBOB,True,0.0,LiPDI,1.0819930683696648,1.0819930683696648
8655,LiBOB,LiBOB,True,0.0,LiPDI,1.0819930683696648,1.0819930683696648
8656,LiBOB,LiBOB,True,0.0,LiPDI,1.0819930683696648,1.0819930683696648
8657,LiBOB,LiBOB,True,0.0,LiPDI,1.0819930683696648,1.0819930683696648
8658,LiBOB,LiBOB,True,0.0,LiPDI,1.0819930683696648,1.0819930683696648
8659,LiBOB,LiBOB,True,0.0,LiPDI,1.0819930683696648,1.0819930683696648
8660,LiBOB,LiBOB,True,0.0,LiPDI,1.0819930683696648,1.0819930683696648
8661,LiBOB,LiBOB,True,0.0,LiPDI,1.0819930683696648,1.0819930683696648
8662,LiBOB,LiBOB,True,0.0,LiPDI,1.0819930683696648,1.0819930683696648
8663,LiBOB,LiBOB,True,0.0,LiPDI,1.0819930683696648,1.0819930683696648
8664,LiBOB,LiBOB,True,0.0,LiPDI,1.0819930683696648,1.0819930683696648
8665,LiBOB,LiBOB,True,0.0,LiPDI,1.0819930683696648,1.0819930683696648
8666,LiBOB,LiBOB,True,0.0,LiPDI,1.0819930683696648,1.0819930683696648
8667,LiBOB,LiBOB,True,0.0,LiPDI,1.0819930683696648,1.0819930683696648
8668,LiBOB,LiBOB,True,0.0,LiPDI,1.0819930683696648,1.0819930683696648
8669,LiBOB,LiBOB,True,0.0,LiPDI,1.0819930683696648,1.0819930683696648
8670,LiBOB,LiBOB,True,0.0,LiPDI,1.0819930683696648,1.0819930683696648
8671,LiBOB,LiBOB,True,0.0,LiPDI,1.0819930683696648,1.0819930683696648
8672,LiBOB,LiBOB,True,0.0,LiPDI,1.0819930683696648,1.0819930683696648
8673,LiBOB,LiBOB,True,0.0,LiPDI,1.0819930683696648,1.0819930683696648
8674,LiBOB,LiBOB,True,0.0,LiPDI,1.0819930683696648,1.0819930683696648
8675,LiBOB,LiBOB,True,0.0,LiPDI,1.0819930683696648,1.0819930683696648
8676,LiBOB,LiBOB,True,0.0,LiPDI,1.0819930683696648,1.0819930683696648
8677,LiBOB,LiBOB,True,0.0,LiPDI,1.0819930683696648,1.0819930683696648
8678,LiBOB,LiBOB,True,0.0,LiPDI,1.0819930683696648,1.0819930683696648
8679,LiBOB,LiBOB,True,0.0,LiPDI,1.0819930683696648,1.0819930683696648
8680,LiBOB,LiBOB,True,0.0,LiPDI,1.0819930683696648,1.0819930683696648
8681,LiBOB,LiBOB,True,0.0,LiPDI,1.0819930683696648,1.0819930683696648
8682,LiBOB,LiBOB,True,0.0,LiPDI,1.0819930683696648,1.0819930683696648
8683,LiBOB,LiBOB,True,0.0,LiPDI,1.0819930683696648,1.0819930683696648
8684,LiBOB,LiBOB,True,0.0,LiPDI,1.0819930683696648,1.0819930683696648
8685,LiBOB,LiBOB,True,0.0,LiPDI,1.0819930683696648,1.0819930683696648
8686,LiBOB,LiBOB,True,0.0,LiPDI,1.0819930683696648,1.0819930683696648
8687,LiBOB,LiBOB,True,0.0,LiPDI,1.0819930683696648,1.0819930683696648
8688,LiBOB,LiBOB,True,0.0,LiPDI,1.0819930683696648,1.0819930683696648
8689,LiBOB,LiBOB,True,0.0,LiPDI,1.0819930683696648,1.0819930683696648
8690,LiBOB,LiBOB,True,0.0,LiPDI,1.0819930683696648,1.0819930683696648
8691,LiBOB,LiBOB,True,0.0,LiPDI,1.0819930683696648,1.0819930683696648
8692,LiBOB,LiBOB,True,0.0,LiPDI,1.0819930683696648,1.0819930683696648
8693,LiBOB,LiBOB,True,0.0,LiPDI,1.0819930683696648,1.0819930683696648
8694,LiBOB,LiBOB,True,0.0,LiPDI,1.0819930683696648,1.0819930683696648
8695,LiBOB,LiBOB,True,0.0,LiPDI,1.0819930683696648,1.0819930683696648
8696,LiBOB,LiBOB,True,0.0,LiPDI,1.0819930683696648,1.0819930683696648
8697,LiBOB,LiBOB,True,0.0,LiPDI,1.0819930683696648,1.0819930683696648
8698,LiBOB,LiBOB,True,0.0,LiPDI,1.0819930683696648,1.0819930683696648
8699,LiBOB,LiBOB,True,0.0,LiPDI,1.0819930683696648,1.0819930683696648
8700,LiBOB,LiBOB,True,0.0,LiPDI,1.0819930683696648,1.0819930683696648
8701,LiBOB,LiBOB,True,0.0,LiPDI,1.0819930683696648,1.0819930683696648
8702,LiBOB,LiBOB,True,0.0,LiPDI,1.0819930683696648,1.0819930683696648
8703,LiBOB,LiBOB,True,0.0,LiPDI,1.0819930683696648,1.0819930683696648
8704,LiBOB,LiBOB,True,0.0,LiPDI,1.0819930683696648,1.0819930683696648
8705,LiBOB,LiBOB,True,0.0,LiPDI,1.0819930683696648,1.0819930683696648
8706,LiBOB,LiBOB,True,0.0,LiPDI,1.0819930683696648,1.0819930683696648
8707,LiBOB,LiBOB,True,0.0,LiPDI,1.0819930683696648,1.0819930683696648
8708,LiBOB,LiBOB,True,0.0,LiPDI,1.0819930683696648,1.0819930683696648
8709,LiBOB,LiBOB,True,0.0,LiPDI,1.0819930683696648,1.0819930683696648
8710,LiBOB,LiBOB,True,0.0,LiPDI,1.0819930683696648,1.0819930683696648
8711,LiBOB,LiBOB,True,0.0,LiPDI,1.0819930683696648,1.0819930683696648
8712,LiBOB,LiBOB,True,0.0,LiPDI,1.0819930683696648,1.0819930683696648
8713,LiBOB,LiBOB,True,0.0,LiPDI,1.0819930683696648,1.0819930683696648
8714,LiBOB,LiBOB,True,0.0,LiPDI,1.0819930683696648,1.0819930683696648
8715,LiBOB,LiBOB,True,0.0,LiPDI,1.0819930683696648,1.0819930683696648
8716,LiBOB,LiBOB,True,0.0,LiPDI,1.0819930683696648,1.0819930683696648
8717,LiBOB,LiBOB,True,0.0,LiPDI,1.0819930683696648,1.0819930683696648
8718,LiBOB,LiBOB,True,0.0,LiPDI,1.0819930683696648,1.0819930683696648
8719,LiBOB,LiBOB,True,0.0,LiPDI,1.0819930683696648,1.0819930683696648
8720,LiBOB,LiBOB,True,0.0,LiPDI,1.0819930683696648,1.0819930683696648
8721,LiBOB,LiBOB,True,0.0,LiPDI,1.0819930683696648,1.0819930683696648
8722,LiBOB,LiBOB,True,0.0,LiPDI,1.0819930683696648,1.0819930683696648
8723,LiBOB,LiBOB,True,0.0,LiPDI,1.0819930683696648,1.0819930683696648
8724,LiBOB,LiBOB,True,0.0,LiPDI,1.0819930683696648,1.0819930683696648
8725,LiBOB,LiBOB,True,0.0,LiPDI,1.0819930683696648,1.0819930683696648
8726,LiBOB,LiBOB,True,0.0,LiPDI,1.0819930683696648,1.0819930683696648
8727,LiBOB,LiBOB,True,0.0,LiPDI,1.0819930683696648,1.0819930683696648
8728,LiBOB,LiBOB,True,0.0,LiPDI,1.0819930683696648,1.0819930683696648
8729,LiBOB,LiBOB,True,0.0,LiPDI,1.0819930683696648,1.0819930683696648
8730,LiBOB,LiBOB,True,0.0,LiPDI,1.0819930683696648,1.0819930683696648
8731,LiBOB,LiBOB,True,0.0,LiPDI,1.0819930683696648,1.0819930683696648
8732,LiBOB,LiBOB,True,0.0,LiPDI,1.0819930683696648,1.0819930683696648
8733,LiBOB,LiBOB,True,0.0,LiPDI,1.0819930683696648,1.0819930683696648
8734,LiBOB,LiBOB,True,0.0,LiPDI,1.0819930683696648,1.0819930683696648
8735,LiBOB,LiBOB,True,0.0,LiPDI,1.0819930683696648,1.0819930683696648
8736,LiBOB,LiBOB,True,0.0,LiPDI,1.0819930683696648,1.0819930683696648
8737,LiBOB,LiBOB,True,0.0,LiPDI,1.0819930683696648,1.0819930683696648
8738,LiBOB,LiBOB,True,0.0,LiPDI,1.0819930683696648,1.0819930683696648
8739,LiBOB,LiBOB,True,0.0,LiPDI,1.0819930683696648,1.0819930683696648
8740,LiBOB,LiBOB,True,0.0,LiPDI,1.0819930683696648,1.0819930683696648
8741,LiBOB,LiBOB,True,0.0,LiPDI,1.0819930683696648,1.0819930683696648
8742,LiBOB,LiBOB,True,0.0,LiPDI,1.0819930683696648,1.0819930683696648
8743,LiBOB,LiBOB,True,0.0,LiPDI,1.0819930683696648,1.0819930683696648
8744,LiBOB,LiBOB,True,0.0,LiPDI,1.0819930683696648,1.0819930683696648
8745,LiBOB,LiBOB,True,0.0,LiPDI,1.0819930683696648,1.0819930683696648
8746,LiBOB,LiBOB,True,0.0,LiPDI,1.0819930683696648,1.0819930683696648
8747,LiBOB,LiBOB,True,0.0,LiPDI,1.0819930683696648,1.0819930683696648
8748,LiBOB,LiBOB,True,0.0,LiPDI,1.0819930683696648,1.0819930683696648
8749,LiBOB,LiBOB,True,0.0,LiPDI,1.0819930683696648,1.0819930683696648
8750,LiBOB,LiBOB,True,0.0,LiPDI,1.0819930683696648,1.0819930683696648
8751,LiBOB,LiBOB,True,0.0,LiPDI,1.0819930683696648,1.0819930683696648
8752,LiBOB,LiBOB,True,0.0,LiPDI,1.0819930683696648,1.0819930683696648
8753,LiBOB,LiBOB,True,0.0,LiPDI,1.0819930683696648,1.0819930683696648
8754,LiBOB,LiBOB,True,0.0,LiPDI,1.0819930683696648,1.0819930683696648
8755,LiBOB,LiBOB,True,0.0,LiPDI,1.0819930683696648,1.0819930683696648
8756,LiBOB,LiBOB,True,0.0,LiPDI,1.0819930683696648,1.0819930683696648
8757,LiBOB,LiBOB,True,0.0,LiPDI,1.0819930683696648,1.0819930683696648
8758,LiBOB,LiBOB,True,0.0,LiPDI,1.0819930683696648,1.0819930683696648
8759,LiBOB,LiBOB,True,0.0,LiPDI,1.0819930683696648,1.0819930683696648
8760,LiBOB,LiBOB,True,0.0,LiPDI,1.0819930683696648,1.0819930683696648
8761,LiBOB,LiBOB,True,0.0,LiPDI,1.0819930683696648,1.0819930683696648
8762,LiBOB,LiBOB,True,0.0,LiPDI,1.0819930683696648,1.0819930683696648
8763,LiBOB,LiBOB,True,0.0,LiPDI,1.0819930683696648,1.0819930683696648
8764,LiBOB,LiBOB,True,0.0,LiPDI,1.0819930683696648,1.0819930683696648
8765,LiBOB,LiBOB,True,0.0,LiPDI,1.0819930683696648,1.0819930683696648
8766,LiBOB,LiBOB,True,0.0,LiPDI,1.0819930683696648,1.0819930683696648
8767,LiBOB,LiBOB,True,0.0,LiPDI,1.0819930683696648,1.0819930683696648
8768,LiBOB,LiBOB,True,0.0,LiPDI,1.0819930683696648,1.0819930683696648
8769,LiBOB,LiBOB,True,0.0,LiPDI,1.0819930683696648,1.0819930683696648
8770,LiBOB,LiBOB,True,0.0,LiPDI,1.0819930683696648,1.0819930683696648
8771,LiBOB,LiBOB,True,0.0,LiPDI,1.0819930683696648,1.0819930683696648
8772,LiBOB,LiBOB,True,0.0,LiPDI,1.0819930683696648,1.0819930683696648
8773,LiBOB,LiBOB,True,0.0,LiPDI,1.0819930683696648,1.0819930683696648
8774,LiBOB,LiBOB,True,0.0,LiPDI,1.0819930683696648,1.0819930683696648
8775,LiBOB,LiBOB,True,0.0,LiPDI,1.0819930683696648,1.0819930683696648
8776,LiBOB,LiBOB,True,0.0,LiPDI,1.0819930683696648,1.0819930683696648
8777,LiBOB,LiBOB,True,0.0,LiPDI,1.0819930683696648,1.0819930683696648
8778,LiBOB,LiBOB,True,0.0,LiPDI,1.0819930683696648,1.0819930683696648
8779,LiBOB,LiBOB,True,0.0,LiPDI,1.0819930683696648,1.0819930683696648
8780,LiBOB,LiBOB,True,0.0,LiPDI,1.0819930683696648,1.0819930683696648
8781,LiBOB,LiBOB,True,0.0,LiPDI,1.0819930683696648,1.0819930683696648
8782,LiBOB,LiBOB,True,0.0,LiPDI,1.0819930683696648,1.0819930683696648
8783,LiBOB,LiBOB,True,0.0,LiPDI,1.0819930683696648,1.0819930683696648
8784,LiBOB,LiBOB,True,0.0,LiPDI,1.0819930683696648,1.0819930683696648
8785,LiBOB,LiBOB,True,0.0,LiPDI,1.0819930683696648,1.0819930683696648
8786,LiBOB,LiBOB,True,0.0,LiPDI,1.0819930683696648,1.0819930683696648
8787,LiBOB,LiBOB,True,0.0,LiPDI,1.0819930683696648,1.0819930683696648
8788,LiBOB,LiBOB,True,0.0,LiPDI,1.0819930683696648,1.0819930683696648
8789,LiBOB,LiBOB,True,0.0,LiPDI,1.0819930683696648,1.0819930683696648
8790,LiBOB,LiBOB,True,0.0,LiPDI,1.0819930683696648,1.0819930683696648
8791,LiBOB,LiBOB,True,0.0,LiPDI,1.0819930683696648,1.0819930683696648
8792,LiBOB,LiBOB,True,0.0,LiPDI,1.0819930683696648,1.0819930683696648
8793,LiBOB,LiBOB,True,0.0,LiPDI,1.0819930683696648,1.0819930683696648
8794,LiBOB,LiBOB,True,0.0,LiPDI,1.0819930683696648,1.0819930683696648
8795,LiBOB,LiBOB,True,0.0,LiPDI,1.0819930683696648,1.0819930683696648
8796,LiBOB,LiBOB,True,0.0,LiPDI,1.0819930683696648,1.0819930683696648
8797,LiBOB,LiBOB,True,0.0,LiPDI,1.0819930683696648,1.0819930683696648
8798,LiBOB,LiBOB,True,0.0,LiPDI,1.0819930683696648,1.0819930683696648
8799,LiBOB,LiBOB,True,0.0,LiPDI,1.0819930683696648,1.0819930683696648
8800,LiBOB,LiBOB,True,0.0,LiPDI,1.0819930683696648,1.0819930683696648
8801,LiBOB,LiBOB,True,0.0,LiPDI,1.0819930683696648,1.0819930683696648
8802,LiBOB,LiBOB,True,0.0,LiPDI,1.0819930683696648,1.0819930683696648
8803,LiBOB,LiBOB,True,0.0,LiPDI,1.0819930683696648,1.0819930683696648
8804,LiBOB,LiBOB,True,0.0,LiPDI,1.0819930683696648,1.0819930683696648
8805,LiBOB,LiBOB,True,0.0,LiPDI,1.0819930683696648,1.0819930683696648
8806,LiBOB,LiBOB,True,0.0,LiPDI,1.0819930683696648,1.0819930683696648
8807,LiBOB,LiBOB,True,0.0,LiPDI,1.0819930683696648,1.0819930683696648
8808,LiBOB,LiBOB,True,0.0,LiPDI,1.0819930683696648,1.0819930683696648
8809,LiBOB,LiBOB,True,0.0,LiPDI,1.0819930683696648,1.0819930683696648
8810,LiBOB,LiBOB,True,0.0,LiPDI,1.0819930683696648,1.0819930683696648
8811,LiBOB,LiBOB,True,0.0,LiPDI,1.0819930683696648,1.0819930683696648
8812,LiBOB,LiBOB,True,0.0,LiPDI,1.0819930683696648,1.0819930683696648
8813,LiBOB,LiBOB,True,0.0,LiPDI,1.0819930683696648,1.0819930683696648
8814,LiBOB,LiBOB,True,0.0,LiPDI,1.0819930683696648,1.0819930683696648
8815,LiBOB,LiBOB,True,0.0,LiPDI,1.0819930683696648,1.0819930683696648
8816,LiBOB,LiBOB,True,0.0,LiPDI,1.0819930683696648,1.0819930683696648
8817,LiBOB,LiBOB,True,0.0,LiPDI,1.0819930683696648,1.0819930683696648
8818,LiBOB,LiBOB,True,0.0,LiPDI,1.0819930683696648,1.0819930683696648
8819,LiBOB,LiBOB,True,0.0,LiPDI,1.0819930683696648,1.0819930683696648
8820,LiBOB,LiBOB,True,0.0,LiPDI,1.0819930683696648,1.0819930683696648
8821,LiBOB,LiBOB,True,0.0,LiPDI,1.0819930683696648,1.0819930683696648
8822,LiBOB,LiBOB,True,0.0,LiPDI,1.0819930683696648,1.0819930683696648
8823,LiBOB,LiBOB,True,0.0,LiPDI,1.0819930683696648,1.0819930683696648
8824,LiBOB,LiBOB,True,0.0,LiPDI,1.0819930683696648,1.0819930683696648
8825,LiBOB,LiBOB,True,0.0,LiPDI,1.0819930683696648,1.0819930683696648
8826,LiBOB,LiBOB,True,0.0,LiPDI,1.0819930683696648,1.0819930683696648
8827,LiBOB,LiBOB,True,0.0,LiPDI,1.0819930683696648,1.0819930683696648
8828,LiBOB,LiBOB,True,0.0,LiPDI,1.0819930683696648,1.0819930683696648
8829,LiBOB,LiBOB,True,0.0,LiPDI,1.0819930683696648,1.0819930683696648
8830,LiBOB,LiBOB,True,0.0,LiPDI,1.0819930683696648,1.0819930683696648
8831,LiBOB,LiBOB,True,0.0,LiPDI,1.0819930683696648,1.0819930683696648
8832,LiBOB,LiBOB,True,0.0,LiPDI,1.0819930683696648,1.0819930683696648
8833,LiBOB,LiBOB,True,0.0,LiPDI,1.0819930683696648,1.0819930683696648
8834,LiBOB,LiBOB,True,0.0,LiPDI,1.0819930683696648,1.0819930683696648
8835,LiBOB,LiBOB,True,0.0,LiPDI,1.0819930683696648,1.0819930683696648
8836,LiBOB,LiBOB,True,0.0,LiPDI,1.0819930683696648,1.0819930683696648
8837,LiBOB,LiBOB,True,0.0,LiPDI,1.0819930683696648,1.0819930683696648
8838,LiBOB,LiBOB,True,0.0,LiPDI,1.0819930683696648,1.0819930683696648
8839,LiBOB,LiBOB,True,0.0,LiPDI,1.0819930683696648,1.0819930683696648
8840,LiBOB,LiBOB,True,0.0,LiPDI,1.0819930683696648,1.0819930683696648
8841,LiBOB,LiBOB,True,0.0,LiPDI,1.0819930683696648,1.0819930683696648
8842,LiBOB,LiBOB,True,0.0,LiPDI,1.0819930683696648,1.0819930683696648
8843,LiBOB,LiBOB,True,0.0,LiPDI,1.0819930683696648,1.0819930683696648
8844,LiBOB,LiBOB,True,0.0,LiPDI,1.0819930683696648,1.0819930683696648
8845,LiBOB,LiBOB,True,0.0,LiPDI,1.0819930683696648,1.0819930683696648
8846,LiBOB,LiBOB,True,0.0,LiPDI,1.0819930683696648,1.0819930683696648
8847,LiBOB,LiBOB,True,0.0,LiPDI,1.0819930683696648,1.0819930683696648
8848,LiBOB,LiBOB,True,0.0,LiPDI,1.0819930683696648,1.0819930683696648
8849,LiBOB,LiBOB,True,0.0,LiPDI,1.0819930683696648,1.0819930683696648
8850,LiBOB,LiBOB,True,0.0,LiPDI,1.0819930683696648,1.0819930683696648
8851,LiBOB,LiBOB,True,0.0,LiPDI,1.0819930683696648,1.0819930683696648
8852,LiBOB,LiBOB,True,0.0,LiPDI,1.0819930683696648,1.0819930683696648
8853,LiBOB,LiBOB,True,0.0,LiPDI,1.0819930683696648,1.0819930683696648
8854,LiBOB,LiBOB,True,0.0,LiPDI,1.0819930683696648,1.0819930683696648
8855,LiBOB,LiBOB,True,0.0,LiPDI,1.0819930683696648,1.0819930683696648
8856,LiBOB,LiBOB,True,0.0,LiPDI,1.0819930683696648,1.0819930683696648
8857,LiBOB,LiBOB,True,0.0,LiPDI,1.0819930683696648,1.0819930683696648
8858,LiBOB,LiBOB,True,0.0,LiPDI,1.0819930683696648,1.0819930683696648
8859,LiBOB,LiBOB,True,0.0,LiPDI,1.0819930683696648,1.0819930683696648
8860,LiBOB,LiBOB,True,0.0,LiPDI,1.0819930683696648,1.0819930683696648
8861,LiBOB,LiBOB,True,0.0,LiPDI,1.0819930683696648,1.0819930683696648
8862,LiBOB,LiBOB,True,0.0,LiPDI,1.0819930683696648,1.0819930683696648
8863,LiBOB,LiBOB,True,0.0,LiPDI,1.0819930683696648,1.0819930683696648
8864,LiBOB,LiBOB,True,0.0,LiPDI,1.0819930683696648,1.0819930683696648
8865,LiBOB,LiBOB,True,0.0,LiPDI,1.0819930683696648,1.0819930683696648
8866,LiBOB,LiBOB,True,0.0,LiPDI,1.0819930683696648,1.0819930683696648
8867,LiBOB,LiBOB,True,0.0,LiPDI,1.0819930683696648,1.0819930683696648
8868,LiBOB,LiBOB,True,0.0,LiPDI,1.0819930683696648,1.0819930683696648
8869,LiBOB,LiBOB,True,0.0,LiPDI,1.0819930683696648,1.0819930683696648
8870,LiBOB,LiBOB,True,0.0,LiPDI,1.0819930683696648,1.0819930683696648
8871,LiBOB,LiBOB,True,0.0,LiPDI,1.0819930683696648,1.0819930683696648
8872,LiBOB,LiBOB,True,0.0,LiPDI,1.0819930683696648,1.0819930683696648
8873,LiBOB,LiBOB,True,0.0,LiPDI,1.0819930683696648,1.0819930683696648
8874,LiBOB,LiBOB,True,0.0,LiPDI,1.0819930683696648,1.0819930683696648
8875,LiBOB,LiBOB,True,0.0,LiPDI,1.0819930683696648,1.0819930683696648
8876,LiBOB,LiBOB,True,0.0,LiPDI,1.0819930683696648,1.0819930683696648
8877,LiBOB,LiBOB,True,0.0,LiPDI,1.0819930683696648,1.0819930683696648
8878,LiBOB,LiBOB,True,0.0,LiPDI,1.0819930683696648,1.0819930683696648
8879,LiBOB,LiBOB,True,0.0,LiPDI,1.0819930683696648,1.0819930683696648
8880,LiBOB,LiBOB,True,0.0,LiPDI,1.0819930683696648,1.0819930683696648
8881,LiBOB,LiBOB,True,0.0,LiPDI,1.0819930683696648,1.0819930683696648
8882,LiBOB,LiBOB,True,0.0,LiPDI,1.0819930683696648,1.0819930683696648
8883,LiBOB,LiBOB,True,0.0,LiPDI,1.0819930683696648,1.0819930683696648
8884,LiBOB,LiBOB,True,0.0,LiPDI,1.0819930683696648,1.0819930683696648
8885,LiBOB,LiBOB,True,0.0,LiPDI,1.0819930683696648,1.0819930683696648
8886,LiBOB,LiBOB,True,0.0,LiPDI,1.0819930683696648,1.0819930683696648
8887,LiBOB,LiBOB,True,0.0,LiPDI,1.0819930683696648,1.0819930683696648
8888,LiBOB,LiBOB,True,0.0,LiPDI,1.0819930683696648,1.0819930683696648
8889,LiBOB,LiBOB,True,0.0,LiPDI,1.0819930683696648,1.0819930683696648
8890,LiBOB,LiBOB,True,0.0,LiPDI,1.0819930683696648,1.0819930683696648
8891,LiBOB,LiBOB,True,0.0,LiPDI,1.0819930683696648,1.0819930683696648
8892,LiBOB,LiBOB,True,0.0,LiPDI,1.0819930683696648,1.0819930683696648
8893,LiBOB,LiBOB,True,0.0,LiPDI,1.0819930683696648,1.0819930683696648
8894,LiBOB,LiBOB,True,0.0,LiPDI,1.0819930683696648,1.0819930683696648
8895,LiBOB,LiBOB,True,0.0,LiPDI,1.0819930683696648,1.0819930683696648
8896,LiBOB,LiBOB,True,0.0,LiPDI,1.0819930683696648,1.0819930683696648
8897,LiBOB,LiBOB,True,0.0,LiPDI,1.0819930683696648,1.0819930683696648
8898,LiBOB,LiBOB,True,0.0,LiPDI,1.0819930683696648,1.0819930683696648
8899,LiBOB,LiBOB,True,0.0,LiPDI,1.0819930683696648,1.0819930683696648
8900,LiBOB,LiBOB,True,0.0,LiPDI,1.0819930683696648,1.0819930683696648
8901,LiBOB,LiBOB,True,0.0,LiPDI,1.0819930683696648,1.0819930683696648
8902,LiBOB,LiBOB,True,0.0,LiPDI,1.0819930683696648,1.0819930683696648
8903,LiBOB,LiBOB,True,0.0,LiPDI,1.0819930683696648,1.0819930683696648
8904,LiBOB,LiBOB,True,0.0,LiPDI,1.0819930683696648,1.0819930683696648
8905,LiBOB,LiBOB,True,0.0,LiPDI,1.0819930683696648,1.0819930683696648
8906,LiBOB,LiBOB,True,0.0,LiPDI,1.0819930683696648,1.0819930683696648
8907,LiBOB,LiBOB,True,0.0,LiPDI,1.0819930683696648,1.0819930683696648
8908,LiBOB,LiBOB,True,0.0,LiPDI,1.0819930683696648,1.0819930683696648
8909,LiBOB,LiBOB,True,0.0,LiPDI,1.0819930683696648,1.0819930683696648
8910,LiBOB,LiBOB,True,0.0,LiPDI,1.0819930683696648,1.0819930683696648
8911,LiBOB,LiBOB,True,0.0,LiPDI,1.0819930683696648,1.0819930683696648
8912,LiBOB,LiBOB,True,0.0,LiPDI,1.0819930683696648,1.0819930683696648
8913,LiBOB,LiBOB,True,0.0,LiPDI,1.0819930683696648,1.0819930683696648
8914,LiBOB,LiBOB,True,0.0,LiPDI,1.0819930683696648,1.0819930683696648
8915,LiBOB,LiBOB,True,0.0,LiPDI,1.0819930683696648,1.0819930683696648
8916,LiBOB,LiBOB,True,0.0,LiPDI,1.0819930683696648,1.0819930683696648
8917,LiBOB,LiBOB,True,0.0,LiPDI,1.0819930683696648,1.0819930683696648
8918,LiBOB,LiBOB,True,0.0,LiPDI,1.0819930683696648,1.0819930683696648
8919,LiBOB,LiBOB,True,0.0,LiPDI,1.0819930683696648,1.0819930683696648
8920,LiBOB,LiBOB,True,0.0,LiPDI,1.0819930683696648,1.0819930683696648
8921,LiBOB,LiBOB,True,0.0,LiPDI,1.0819930683696648,1.0819930683696648
8922,LiBOB,LiBOB,True,0.0,LiPDI,1.0819930683696648,1.0819930683696648
8923,LiBOB,LiBOB,True,0.0,LiPDI,1.0819930683696648,1.0819930683696648
8924,LiBOB,LiBOB,True,0.0,LiPDI,1.0819930683696648,1.0819930683696648
8925,LiBOB,LiBOB,True,0.0,LiPDI,1.0819930683696648,1.0819930683696648
8926,LiBOB,LiBOB,True,0.0,LiPDI,1.0819930683696648,1.0819930683696648
8927,LiBOB,LiBOB,True,0.0,LiPDI,1.0819930683696648,1.0819930683696648
8928,LiBOB,LiBOB,True,0.0,LiPDI,1.0819930683696648,1.0819930683696648
8929,LiBOB,LiBOB,True,0.0,LiPDI,1.0819930683696648,1.0819930683696648
8930,LiBOB,LiBOB,True,0.0,LiPDI,1.0819930683696648,1.0819930683696648
8931,LiBOB,LiBOB,True,0.0,LiPDI,1.0819930683696648,1.0819930683696648
8932,LiBOB,LiBOB,True,0.0,LiPDI,1.0819930683696648,1.0819930683696648
8933,LiBOB,LiBOB,True,0.0,LiPDI,1.0819930683696648,1.0819930683696648
8934,LiBOB,LiBOB,True,0.0,LiPDI,1.0819930683696648,1.0819930683696648
8935,LiBOB,LiBOB,True,0.0,LiPDI,1.0819930683696648,1.0819930683696648
8936,LiBOB,LiBOB,True,0.0,LiPDI,1.0819930683696648,1.0819930683696648
8937,LiBOB,LiBOB,True,0.0,LiPDI,1.0819930683696648,1.0819930683696648
8938,LiBOB,LiBOB,True,0.0,LiPDI,1.0819930683696648,1.0819930683696648
8939,LiBOB,LiBOB,True,0.0,LiPDI,1.0819930683696648,1.0819930683696648
8940,LiBOB,LiBOB,True,0.0,LiPDI,1.0819930683696648,1.0819930683696648
8941,LiBOB,LiBOB,True,0.0,LiPDI,1.0819930683696648,1.0819930683696648
8942,LiBOB,LiBOB,True,0.0,LiPDI,1.0819930683696648,1.0819930683696648
8943,LiBOB,LiBOB,True,0.0,LiPDI,1.0819930683696648,1.0819930683696648
8944,LiBOB,LiBOB,True,0.0,LiPDI,1.0819930683696648,1.0819930683696648
8945,LiBOB,LiBOB,True,0.0,LiPDI,1.0819930683696648,1.0819930683696648
8946,LiBOB,LiBOB,True,0.0,LiPDI,1.0819930683696648,1.0819930683696648
8947,LiBOB,LiBOB,True,0.0,LiPDI,1.0819930683696648,1.0819930683696648
8948,LiBOB,LiBOB,True,0.0,LiPDI,1.0819930683696648,1.0819930683696648
8949,LiBOB,LiBOB,True,0.0,LiPDI,1.0819930683696648,1.0819930683696648
8950,LiBOB,LiBOB,True,0.0,LiPDI,1.0819930683696648,1.0819930683696648
8951,LiBOB,LiBOB,True,0.0,LiPDI,1.0819930683696648,1.0819930683696648
8952,LiBOB,LiBOB,True,0.0,LiPDI,1.0819930683696648,1.0819930683696648
8953,LiBOB,LiBOB,True,0.0,LiPDI,1.0819930683696648,1.0819930683696648
8954,LiBOB,LiBOB,True,0.0,LiPDI,1.0819930683696648,1.0819930683696648
8955,LiBOB,LiBOB,True,0.0,LiPDI,1.0819930683696648,1.0819930683696648
8956,LiBOB,LiBOB,True,0.0,LiPDI,1.0819930683696648,1.0819930683696648
8957,LiBOB,LiBOB,True,0.0,LiPDI,1.0819930683696648,1.0819930683696648
8958,LiBOB,LiBOB,True,0.0,LiPDI,1.0819930683696648,1.0819930683696648
8959,LiBOB,LiBOB,True,0.0,LiPDI,1.0819930683696648,1.0819930683696648
8960,LiBOB,LiBOB,True,0.0,LiPDI,1.0819930683696648,1.0819930683696648
8961,LiBOB,LiBOB,True,0.0,LiPDI,1.0819930683696648,1.0819930683696648
8962,LiBOB,LiBOB,True,0.0,LiPDI,1.0819930683696648,1.0819930683696648
8963,LiBOB,LiBOB,True,0.0,LiPDI,1.0819930683696648,1.0819930683696648
8964,LiBOB,LiBOB,True,0.0,LiPDI,1.0819930683696648,1.0819930683696648
8965,LiBOB,LiBOB,True,0.0,LiPDI,1.0819930683696648,1.0819930683696648
8966,LiBOB,LiBOB,True,0.0,LiPDI,1.0819930683696648,1.0819930683696648
8967,LiBOB,LiBOB,True,0.0,LiPDI,1.0819930683696648,1.0819930683696648
8968,LiBOB,LiBOB,True,0.0,LiPDI,1.0819930683696648,1.0819930683696648
8969,LiBOB,LiBOB,True,0.0,LiPDI,1.0819930683696648,1.0819930683696648
8970,LiBOB,LiBOB,True,0.0,LiPDI,1.0819930683696648,1.0819930683696648
8971,LiBOB,LiBOB,True,0.0,LiPDI,1.0819930683696648,1.0819930683696648
8972,LiBOB,LiBOB,True,0.0,LiPDI,1.0819930683696648,1.0819930683696648
8973,LiBOB,LiBOB,True,0.0,LiPDI,1.0819930683696648,1.0819930683696648
8974,LiBOB,LiBOB,True,0.0,LiPDI,1.0819930683696648,1.0819930683696648
8975,LiBOB,LiBOB,True,0.0,LiPDI,1.0819930683696648,1.0819930683696648
8976,LiBOB,LiBOB,True,0.0,LiPDI,1.0819930683696648,1.0819930683696648
8977,LiBOB,LiBOB,True,0.0,LiPDI,1.0819930683696648,1.0819930683696648
8978,LiBOB,LiBOB,True,0.0,LiPDI,1.0819930683696648,1.0819930683696648
8979,LiBOB,LiBOB,True,0.0,LiPDI,1.0819930683696648,1.0819930683696648
8980,LiBOB,LiBOB,True,0.0,LiPDI,1.0819930683696648,1.0819930683696648
8981,LiBOB,LiBOB,True,0.0,LiPDI,1.0819930683696648,1.0819930683696648
8982,LiBOB,LiBOB,True,0.0,LiPDI,1.0819930683696648,1.0819930683696648
8983,LiBOB,LiBOB,True,0.0,LiPDI,1.0819930683696648,1.0819930683696648
8984,LiBOB,LiBOB,True,0.0,LiPDI,1.0819930683696648,1.0819930683696648
8985,LiBOB,LiBOB,True,0.0,LiPDI,1.0819930683696648,1.0819930683696648
8986,LiBOB,LiBOB,True,0.0,LiPDI,1.0819930683696648,1.0819930683696648
8987,LiBOB,LiBOB,True,0.0,LiPDI,1.0819930683696648,1.0819930683696648
8988,LiBOB,LiBOB,True,0.0,LiPDI,1.0819930683696648,1.0819930683696648
8989,LiBOB,LiBOB,True,0.0,LiPDI,1.0819930683696648,1.0819930683696648
8990,LiBOB,LiBOB,True,0.0,LiPDI,1.0819930683696648,1.0819930683696648
8991,LiBOB,LiBOB,True,0.0,LiPDI,1.0819930683696648,1.0819930683696648
8992,LiBOB,LiBOB,True,0.0,LiPDI,1.0819930683696648,1.0819930683696648
8993,LiBOB,LiBOB,True,0.0,LiPDI,1.0819930683696648,1.0819930683696648
8994,LiBOB,LiBOB,True,0.0,LiPDI,1.0819930683696648,1.0819930683696648
8995,LiBOB,LiBOB,True,0.0,LiPDI,1.0819930683696648,1.0819930683696648
8996,LiBOB,LiBOB,True,0.0,LiPDI,1.0819930683696648,1.0819930683696648
8997,LiBOB,LiBOB,True,0.0,LiPDI,1.0819930683696648,1.0819930683696648
8998,LiBOB,LiBOB,True,0.0,LiPDI,1.0819930683696648,1.0819930683696648
8999,LiBOB,LiBOB,True,0.0,LiPDI,1.0819930683696648,1.0819930683696648
9000,LiBOB,LiBOB,True,0.0,LiPDI,1.0819930683696648,1.0819930683696648
9001,LiBOB,LiBOB,True,0.0,LiPDI,1.0819930683696648,1.0819930683696648
9002,LiBOB,LiBOB,True,0.0,LiPDI,1.0819930683696648,1.0819930683696648
9003,LiBOB,LiBOB,True,0.0,LiPDI,1.0819930683696648,1.0819930683696648
9004,LiBOB,LiBOB,True,0.0,LiPDI,1.0819930683696648,1.0819930683696648
9005,LiBOB,LiBOB,True,0.0,LiPDI,1.0819930683696648,1.0819930683696648
9006,LiBOB,LiBOB,True,0.0,LiPDI,1.0819930683696648,1.0819930683696648
9007,LiBOB,LiBOB,True,0.0,LiPDI,1.0819930683696648,1.0819930683696648
9008,LiBOB,LiBOB,True,0.0,LiPDI,1.0819930683696648,1.0819930683696648
9009,LiBOB,LiBOB,True,0.0,LiPDI,1.0819930683696648,1.0819930683696648
9010,LiBOB,LiBOB,True,0.0,LiPDI,1.0819930683696648,1.0819930683696648
9011,LiBOB,LiBOB,True,0.0,LiPDI,1.0819930683696648,1.0819930683696648
9012,LiBOB,LiBOB,True,0.0,LiPDI,1.0819930683696648,1.0819930683696648
9013,LiBOB,LiBOB,True,0.0,LiPDI,1.0819930683696648,1.0819930683696648
9014,LiBOB,LiBOB,True,0.0,LiPDI,1.0819930683696648,1.0819930683696648
9015,LiBOB,LiBOB,True,0.0,LiPDI,1.0819930683696648,1.0819930683696648
9016,LiBOB,LiBOB,True,0.0,LiPDI,1.0819930683696648,1.0819930683696648
9017,LiBOB,LiBOB,True,0.0,LiPDI,1.0819930683696648,1.0819930683696648
9018,LiBOB,LiBOB,True,0.0,LiPDI,1.0819930683696648,1.0819930683696648
9019,LiBOB,LiBOB,True,0.0,LiPDI,1.0819930683696648,1.0819930683696648
9020,LiBOB,LiBOB,True,0.0,LiPDI,1.0819930683696648,1.0819930683696648
9021,LiBOB,LiBOB,True,0.0,LiPDI,1.0819930683696648,1.0819930683696648
9022,LiBOB,LiBOB,True,0.0,LiPDI,1.0819930683696648,1.0819930683696648
9023,LiBOB,LiBOB,True,0.0,LiPDI,1.0819930683696648,1.0819930683696648
9024,LiBOB,LiBOB,True,0.0,LiPDI,1.0819930683696648,1.0819930683696648
9025,LiBOB,LiBOB,True,0.0,LiPDI,1.0819930683696648,1.0819930683696648
9026,LiBOB,LiBOB,True,0.0,LiPDI,1.0819930683696648,1.0819930683696648
9027,LiBOB,LiBOB,True,0.0,LiPDI,1.0819930683696648,1.0819930683696648
9028,LiBOB,LiBOB,True,0.0,LiPDI,1.0819930683696648,1.0819930683696648
9029,LiBOB,LiBOB,True,0.0,LiPDI,1.0819930683696648,1.0819930683696648
9030,LiBOB,LiBOB,True,0.0,LiPDI,1.0819930683696648,1.0819930683696648
9031,LiBOB,LiBOB,True,0.0,LiPDI,1.0819930683696648,1.0819930683696648
9032,LiBOB,LiBOB,True,0.0,LiPDI,1.0819930683696648,1.0819930683696648
9033,LiBOB,LiBOB,True,0.0,LiPDI,1.0819930683696648,1.0819930683696648
9034,LiBOB,LiBOB,True,0.0,LiPDI,1.0819930683696648,1.0819930683696648
9035,LiBOB,LiBOB,True,0.0,LiPDI,1.0819930683696648,1.0819930683696648
9036,LiBOB,LiBOB,True,0.0,LiPDI,1.0819930683696648,1.0819930683696648
9037,LiBOB,LiBOB,True,0.0,LiPDI,1.0819930683696648,1.0819930683696648
9038,LiBOB,LiBOB,True,0.0,LiPDI,1.0819930683696648,1.0819930683696648
9039,LiBOB,LiBOB,True,0.0,LiPDI,1.0819930683696648,1.0819930683696648
9040,LiBOB,LiBOB,True,0.0,LiPDI,1.0819930683696648,1.0819930683696648
9041,LiBOB,LiBOB,True,0.0,LiPDI,1.0819930683696648,1.0819930683696648
9042,LiBOB,LiBOB,True,0.0,LiPDI,1.0819930683696648,1.0819930683696648
9043,LiBOB,LiBOB,True,0.0,LiPDI,1.0819930683696648,1.0819930683696648
9044,LiBOB,LiBOB,True,0.0,LiPDI,1.0819930683696648,1.0819930683696648
9045,LiBOB,LiBOB,True,0.0,LiPDI,1.0819930683696648,1.0819930683696648
9046,LiBOB,LiBOB,True,0.0,LiPDI,1.0819930683696648,1.0819930683696648
9047,LiBOB,LiBOB,True,0.0,LiPDI,1.0819930683696648,1.0819930683696648
9048,LiBOB,LiBOB,True,0.0,LiPDI,1.0819930683696648,1.0819930683696648
9049,LiBOB,LiBOB,True,0.0,LiPDI,1.0819930683696648,1.0819930683696648
9050,LiBOB,LiBOB,True,0.0,LiPDI,1.0819930683696648,1.0819930683696648
9051,LiBOB,LiBOB,True,0.0,LiPDI,1.0819930683696648,1.0819930683696648
9052,LiBOB,LiBOB,True,0.0,LiPDI,1.0819930683696648,1.0819930683696648
9053,LiBOB,LiBOB,True,0.0,LiPDI,1.0819930683696648,1.0819930683696648
9054,LiBOB,LiBOB,True,0.0,LiPDI,1.0819930683696648,1.0819930683696648
9055,LiBOB,LiBOB,True,0.0,LiPDI,1.0819930683696648,1.0819930683696648
9056,LiBOB,LiBOB,True,0.0,LiPDI,1.0819930683696648,1.0819930683696648
9057,LiBOB,LiBOB,True,0.0,LiPDI,1.0819930683696648,1.0819930683696648
9058,LiBOB,LiBOB,True,0.0,LiPDI,1.0819930683696648,1.0819930683696648
9059,LiBOB,LiBOB,True,0.0,LiPDI,1.0819930683696648,1.0819930683696648
9060,LiBOB,LiBOB,True,0.0,LiPDI,1.0819930683696648,1.0819930683696648
9061,LiBOB,LiBOB,True,0.0,LiPDI,1.0819930683696648,1.0819930683696648
9062,LiBOB,LiBOB,True,0.0,LiPDI,1.0819930683696648,1.0819930683696648
9063,LiBOB,LiBOB,True,0.0,LiPDI,1.0819930683696648,1.0819930683696648
9064,LiBOB,LiBOB,True,0.0,LiPDI,1.0819930683696648,1.0819930683696648
9065,LiBOB,LiBOB,True,0.0,LiPDI,1.0819930683696648,1.0819930683696648
9066,LiBOB,LiBOB,True,0.0,LiPDI,1.0819930683696648,1.0819930683696648
9067,LiBOB,LiBOB,True,0.0,LiPDI,1.0819930683696648,1.0819930683696648
9068,LiBOB,LiBOB,True,0.0,LiPDI,1.0819930683696648,1.0819930683696648
9069,LiBOB,LiBOB,True,0.0,LiPDI,1.0819930683696648,1.0819930683696648
9070,LiBOB,LiBOB,True,0.0,LiPDI,1.0819930683696648,1.0819930683696648
9071,LiBOB,LiBOB,True,0.0,LiPDI,1.0819930683696648,1.0819930683696648
9072,LiBOB,LiBOB,True,0.0,LiPDI,1.0819930683696648,1.0819930683696648
9073,LiBOB,LiBOB,True,0.0,LiPDI,1.0819930683696648,1.0819930683696648
9074,LiBOB,LiBOB,True,0.0,LiPDI,1.0819930683696648,1.0819930683696648
9075,LiBOB,LiBOB,True,0.0,LiPDI,1.0819930683696648,1.0819930683696648
9076,LiBOB,LiBOB,True,0.0,LiPDI,1.0819930683696648,1.0819930683696648
9077,LiBOB,LiBOB,True,0.0,LiPDI,1.0819930683696648,1.0819930683696648
9078,LiBOB,LiBOB,True,0.0,LiPDI,1.0819930683696648,1.0819930683696648
9079,LiBOB,LiBOB,True,0.0,LiPDI,1.0819930683696648,1.0819930683696648
9080,LiBOB,LiBOB,True,0.0,LiPDI,1.0819930683696648,1.0819930683696648
9081,LiBOB,LiBOB,True,0.0,LiPDI,1.0819930683696648,1.0819930683696648
9082,LiBOB,LiBOB,True,0.0,LiPDI,1.0819930683696648,1.0819930683696648
9083,LiBOB,LiBOB,True,0.0,LiPDI,1.0819930683696648,1.0819930683696648
9084,LiBOB,LiBOB,True,0.0,LiPDI,1.0819930683696648,1.0819930683696648
9085,LiBOB,LiBOB,True,0.0,LiPDI,1.0819930683696648,1.0819930683696648
9086,LiBOB,LiBOB,True,0.0,LiPDI,1.0819930683696648,1.0819930683696648
9087,LiBOB,LiBOB,True,0.0,LiPDI,1.0819930683696648,1.0819930683696648
9088,LiBOB,LiBOB,True,0.0,LiPDI,1.0819930683696648,1.0819930683696648
9089,LiBOB,LiBOB,True,0.0,LiPDI,1.0819930683696648,1.0819930683696648
9090,LiBOB,LiBOB,True,0.0,LiPDI,1.0819930683696648,1.0819930683696648
9091,LiBOB,LiBOB,True,0.0,LiPDI,1.0819930683696648,1.0819930683696648
9092,LiBOB,LiBOB,True,0.0,LiPDI,1.0819930683696648,1.0819930683696648
9093,LiBOB,LiBOB,True,0.0,LiPDI,1.0819930683696648,1.0819930683696648
9094,LiBOB,LiBOB,True,0.0,LiPDI,1.0819930683696648,1.0819930683696648
9095,LiBOB,LiBOB,True,0.0,LiPDI,1.0819930683696648,1.0819930683696648
9096,LiBOB,LiBOB,True,0.0,LiPDI,1.0819930683696648,1.0819930683696648
9097,LiBOB,LiBOB,True,0.0,LiPDI,1.0819930683696648,1.0819930683696648
9098,LiBOB,LiBOB,True,0.0,LiPDI,1.0819930683696648,1.0819930683696648
9099,LiBOB,LiBOB,True,0.0,LiPDI,1.0819930683696648,1.0819930683696648
9100,LiBOB,LiBOB,True,0.0,LiPDI,1.0819930683696648,1.0819930683696648
9101,LiBOB,LiBOB,True,0.0,LiPDI,1.0819930683696648,1.0819930683696648
9102,LiBOB,LiBOB,True,0.0,LiPDI,1.0819930683696648,1.0819930683696648
9103,LiBOB,LiBOB,True,0.0,LiPDI,1.0819930683696648,1.0819930683696648
9104,LiBOB,LiBOB,True,0.0,LiPDI,1.0819930683696648,1.0819930683696648
9105,LiBOB,LiBOB,True,0.0,LiPDI,1.0819930683696648,1.0819930683696648
9106,LiBOB,LiBOB,True,0.0,LiPDI,1.0819930683696648,1.0819930683696648
9107,LiBOB,LiBOB,True,0.0,LiPDI,1.0819930683696648,1.0819930683696648
9108,LiBOB,LiBOB,True,0.0,LiPDI,1.0819930683696648,1.0819930683696648
9109,LiBOB,LiBOB,True,0.0,LiPDI,1.0819930683696648,1.0819930683696648
9110,LiBOB,LiBOB,True,0.0,LiPDI,1.0819930683696648,1.0819930683696648
9111,LiBOB,LiBOB,True,0.0,LiPDI,1.0819930683696648,1.0819930683696648
9112,LiBOB,LiBOB,True,0.0,LiPDI,1.0819930683696648,1.0819930683696648
9113,LiBOB,LiBOB,True,0.0,LiPDI,1.0819930683696648,1.0819930683696648
9114,LiBOB,LiBOB,True,0.0,LiPDI,1.0819930683696648,1.0819930683696648
9115,LiBOB,LiBOB,True,0.0,LiPDI,1.0819930683696648,1.0819930683696648
9116,LiBOB,LiBOB,True,0.0,LiPDI,1.0819930683696648,1.0819930683696648
9117,LiBOB,LiBOB,True,0.0,LiPDI,1.0819930683696648,1.0819930683696648
9118,LiBOB,LiBOB,True,0.0,LiPDI,1.0819930683696648,1.0819930683696648
9119,LiBOB,LiBOB,True,0.0,LiPDI,1.0819930683696648,1.0819930683696648
9120,LiBOB,LiBOB,True,0.0,LiPDI,1.0819930683696648,1.0819930683696648
9121,LiBOB,LiBOB,True,0.0,LiPDI,1.0819930683696648,1.0819930683696648
9122,LiBOB,LiBOB,True,0.0,LiPDI,1.0819930683696648,1.0819930683696648
9123,LiBOB,LiBOB,True,0.0,LiPDI,1.0819930683696648,1.0819930683696648
9124,LiBOB,LiBOB,True,0.0,LiPDI,1.0819930683696648,1.0819930683696648
9125,LiBOB,LiBOB,True,0.0,LiPDI,1.0819930683696648,1.0819930683696648
9126,LiBOB,LiBOB,True,0.0,LiPDI,1.0819930683696648,1.0819930683696648
9127,LiBOB,LiBOB,True,0.0,LiPDI,1.0819930683696648,1.0819930683696648
9128,LiBOB,LiBOB,True,0.0,LiPDI,1.0819930683696648,1.0819930683696648
9129,LiBOB,LiBOB,True,0.0,LiPDI,1.0819930683696648,1.0819930683696648
9130,LiBOB,LiBOB,True,0.0,LiPDI,1.0819930683696648,1.0819930683696648
9131,LiBOB,LiBOB,True,0.0,LiPDI,1.0819930683696648,1.0819930683696648
9132,LiBOB,LiBOB,True,0.0,LiPDI,1.0819930683696648,1.0819930683696648
9133,LiBOB,LiBOB,True,0.0,LiPDI,1.0819930683696648,1.0819930683696648
9134,LiBOB,LiBOB,True,0.0,LiPDI,1.0819930683696648,1.0819930683696648
9135,LiBOB,LiBOB,True,0.0,LiPDI,1.0819930683696648,1.0819930683696648
9136,LiBOB,LiBOB,True,0.0,LiPDI,1.0819930683696648,1.0819930683696648
9137,LiBOB,LiBOB,True,0.0,LiPDI,1.0819930683696648,1.0819930683696648
9138,LiBOB,LiBOB,True,0.0,LiPDI,1.0819930683696648,1.0819930683696648
9139,LiBOB,LiBOB,True,0.0,LiPDI,1.0819930683696648,1.0819930683696648
9140,LiBOB,LiBOB,True,0.0,LiPDI,1.0819930683696648,1.0819930683696648
9141,LiBOB,LiBOB,True,0.0,LiPDI,1.0819930683696648,1.0819930683696648
9142,LiBOB,LiBOB,True,0.0,LiPDI,1.0819930683696648,1.0819930683696648
9143,LiBOB,LiBOB,True,0.0,LiPDI,1.0819930683696648,1.0819930683696648
9144,LiBOB,LiBOB,True,0.0,LiPDI,1.0819930683696648,1.0819930683696648
9145,LiBOB,LiBOB,True,0.0,LiPDI,1.0819930683696648,1.0819930683696648
9146,LiBOB,LiBOB,True,0.0,LiPDI,1.0819930683696648,1.0819930683696648
9147,LiBOB,LiBOB,True,0.0,LiPDI,1.0819930683696648,1.0819930683696648
9148,LiBOB,LiBOB,True,0.0,LiPDI,1.0819930683696648,1.0819930683696648
9149,LiBOB,LiBOB,True,0.0,LiPDI,1.0819930683696648,1.0819930683696648
9150,LiBOB,LiBOB,True,0.0,LiPDI,1.0819930683696648,1.0819930683696648
9151,LiBOB,LiBOB,True,0.0,LiPDI,1.0819930683696648,1.0819930683696648
9152,LiBOB,LiBOB,True,0.0,LiPDI,1.0819930683696648,1.0819930683696648
9153,LiBOB,LiBOB,True,0.0,LiPDI,1.0819930683696648,1.0819930683696648
9154,LiBOB,LiBOB,True,0.0,LiPDI,1.0819930683696648,1.0819930683696648
9155,LiBOB,LiBOB,True,0.0,LiPDI,1.0819930683696648,1.0819930683696648
9156,LiBOB,LiBOB,True,0.0,LiPDI,1.0819930683696648,1.0819930683696648
9157,LiBOB,LiBOB,True,0.0,LiPDI,1.0819930683696648,1.0819930683696648
9158,LiBOB,LiBOB,True,0.0,LiPDI,1.0819930683696648,1.0819930683696648
9159,LiBOB,LiBOB,True,0.0,LiPDI,1.0819930683696648,1.0819930683696648
9160,LiBOB,LiBOB,True,0.0,LiPDI,1.0819930683696648,1.0819930683696648
9161,LiBOB,LiBOB,True,0.0,LiPDI,1.0819930683696648,1.0819930683696648
9162,LiBOB,LiBOB,True,0.0,LiPDI,1.0819930683696648,1.0819930683696648
9163,LiBOB,LiBOB,True,0.0,LiPDI,1.0819930683696648,1.0819930683696648
9164,LiBOB,LiBOB,True,0.0,LiPDI,1.0819930683696648,1.0819930683696648
9165,LiBOB,LiBOB,True,0.0,LiPDI,1.0819930683696648,1.0819930683696648
9166,LiBOB,LiBOB,True,0.0,LiPDI,1.0819930683696648,1.0819930683696648
9167,LiBOB,LiBOB,True,0.0,LiPDI,1.0819930683696648,1.0819930683696648
9168,LiBOB,LiBOB,True,0.0,LiPDI,1.0819930683696648,1.0819930683696648
9169,LiBOB,LiBOB,True,0.0,LiPDI,1.0819930683696648,1.0819930683696648
9170,LiBOB,LiBOB,True,0.0,LiPDI,1.0819930683696648,1.0819930683696648
9171,LiBOB,LiBOB,True,0.0,LiPDI,1.0819930683696648,1.0819930683696648
9172,LiBOB,LiBOB,True,0.0,LiPDI,1.0819930683696648,1.0819930683696648
9173,LiBOB,LiBOB,True,0.0,LiPDI,1.0819930683696648,1.0819930683696648
9174,LiBOB,LiBOB,True,0.0,LiPDI,1.0819930683696648,1.0819930683696648
9175,LiBOB,LiBOB,True,0.0,LiPDI,1.0819930683696648,1.0819930683696648
9176,LiBOB,LiBOB,True,0.0,LiPDI,1.0819930683696648,1.0819930683696648
9177,LiBOB,LiBOB,True,0.0,LiPDI,1.0819930683696648,1.0819930683696648
9178,LiBOB,LiBOB,True,0.0,LiPDI,1.0819930683696648,1.0819930683696648
9179,LiBOB,LiBOB,True,0.0,LiPDI,1.0819930683696648,1.0819930683696648
9180,LiBOB,LiBOB,True,0.0,LiPDI,1.0819930683696648,1.0819930683696648
9181,LiBOB,LiBOB,True,0.0,LiPDI,1.0819930683696648,1.0819930683696648
9182,LiBOB,LiBOB,True,0.0,LiPDI,1.0819930683696648,1.0819930683696648
9183,LiBOB,LiBOB,True,0.0,LiPDI,1.0819930683696648,1.0819930683696648
9184,LiBOB,LiBOB,True,0.0,LiPDI,1.0819930683696648,1.0819930683696648
9185,LiBOB,LiBOB,True,0.0,LiPDI,1.0819930683696648,1.0819930683696648
9186,LiBOB,LiBOB,True,0.0,LiPDI,1.0819930683696648,1.0819930683696648
9187,LiBOB,LiBOB,True,0.0,LiPDI,1.0819930683696648,1.0819930683696648
9188,LiBOB,LiBOB,True,0.0,LiPDI,1.0819930683696648,1.0819930683696648
9189,LiBOB,LiBOB,True,0.0,LiPDI,1.0819930683696648,1.0819930683696648
9190,LiBOB,LiBOB,True,0.0,LiPDI,1.0819930683696648,1.0819930683696648
9191,LiBOB,LiBOB,True,0.0,LiPDI,1.0819930683696648,1.0819930683696648
9192,LiBOB,LiBOB,True,0.0,LiPDI,1.0819930683696648,1.0819930683696648
9193,LiBOB,LiBOB,True,0.0,LiPDI,1.0819930683696648,1.0819930683696648
9194,LiBOB,LiBOB,True,0.0,LiPDI,1.0819930683696648,1.0819930683696648
9195,LiBOB,LiBOB,True,0.0,LiPDI,1.0819930683696648,1.0819930683696648
9196,LiBOB,LiBOB,True,0.0,LiPDI,1.0819930683696648,1.0819930683696648
9197,LiBOB,LiBOB,True,0.0,LiPDI,1.0819930683696648,1.0819930683696648
9198,LiBOB,LiBOB,True,0.0,LiPDI,1.0819930683696648,1.0819930683696648
9199,LiBOB,LiBOB,True,0.0,LiPDI,1.0819930683696648,1.0819930683696648
9200,LiBOB,LiBOB,True,0.0,LiPDI,1.0819930683696648,1.0819930683696648
9201,LiBOB,LiBOB,True,0.0,LiPDI,1.0819930683696648,1.0819930683696648
9202,LiBOB,LiBOB,True,0.0,LiPDI,1.0819930683696648,1.0819930683696648
9203,LiBOB,LiBOB,True,0.0,LiPDI,1.0819930683696648,1.0819930683696648
9204,LiBOB,LiBOB,True,0.0,LiPDI,1.0819930683696648,1.0819930683696648
9205,LiBOB,LiBOB,True,0.0,LiPDI,1.0819930683696648,1.0819930683696648
9206,LiBOB,LiBOB,True,0.0,LiPDI,1.0819930683696648,1.0819930683696648
9207,LiBOB,LiBOB,True,0.0,LiPDI,1.0819930683696648,1.0819930683696648
9208,LiBOB,LiBOB,True,0.0,LiPDI,1.0819930683696648,1.0819930683696648
9209,LiBOB,LiBOB,True,0.0,LiPDI,1.0819930683696648,1.0819930683696648
9210,LiBOB,LiBOB,True,0.0,LiPDI,1.0819930683696648,1.0819930683696648
9211,LiBOB,LiBOB,True,0.0,LiPDI,1.0819930683696648,1.0819930683696648
9212,LiBOB,LiBOB,True,0.0,LiPDI,1.0819930683696648,1.0819930683696648
9213,LiBOB,LiBOB,True,0.0,LiPDI,1.0819930683696648,1.0819930683696648
9214,LiBOB,LiBOB,True,0.0,LiPDI,1.0819930683696648,1.0819930683696648
9215,LiBOB,LiBOB,True,0.0,LiPDI,1.0819930683696648,1.0819930683696648
9216,LiBOB,LiBOB,True,0.0,LiPDI,1.0819930683696648,1.0819930683696648
9217,LiBOB,LiBOB,True,0.0,LiPDI,1.0819930683696648,1.0819930683696648
9218,LiBOB,LiBOB,True,0.0,LiPDI,1.0819930683696648,1.0819930683696648
9219,LiBOB,LiBOB,True,0.0,LiPDI,1.0819930683696648,1.0819930683696648
9220,LiBOB,LiBOB,True,0.0,LiPDI,1.0819930683696648,1.0819930683696648
9221,LiBOB,LiBOB,True,0.0,LiPDI,1.0819930683696648,1.0819930683696648
9222,LiBOB,LiBOB,True,0.0,LiPDI,1.0819930683696648,1.0819930683696648
9223,LiBOB,LiBOB,True,0.0,LiPDI,1.0819930683696648,1.0819930683696648
9224,LiBOB,LiBOB,True,0.0,LiPDI,1.0819930683696648,1.0819930683696648
9225,LiBOB,LiBOB,True,0.0,LiPDI,1.0819930683696648,1.0819930683696648
9226,LiBOB,LiBOB,True,0.0,LiPDI,1.0819930683696648,1.0819930683696648
9227,LiBOB,LiBOB,True,0.0,LiPDI,1.0819930683696648,1.0819930683696648
9228,LiBOB,LiBOB,True,0.0,LiPDI,1.0819930683696648,1.0819930683696648
9229,LiBOB,LiBOB,True,0.0,LiPDI,1.0819930683696648,1.0819930683696648
9230,LiBOB,LiBOB,True,0.0,LiPDI,1.0819930683696648,1.0819930683696648
9231,LiBOB,LiBOB,True,0.0,LiPDI,1.0819930683696648,1.0819930683696648
9232,LiBOB,LiBOB,True,0.0,LiPDI,1.0819930683696648,1.0819930683696648
9233,LiBOB,LiBOB,True,0.0,LiPDI,1.0819930683696648,1.0819930683696648
9234,LiBOB,LiBOB,True,0.0,LiPDI,1.0819930683696648,1.0819930683696648
9235,LiBOB,LiBOB,True,0.0,LiPDI,1.0819930683696648,1.0819930683696648
9236,LiBOB,LiBOB,True,0.0,LiPDI,1.0819930683696648,1.0819930683696648
9237,LiBOB,LiBOB,True,0.0,LiPDI,1.0819930683696648,1.0819930683696648
9238,LiBOB,LiBOB,True,0.0,LiPDI,1.0819930683696648,1.0819930683696648
9239,LiBOB,LiBOB,True,0.0,LiPDI,1.0819930683696648,1.0819930683696648
9240,LiBOB,LiBOB,True,0.0,LiPDI,1.0819930683696648,1.0819930683696648
9241,LiBOB,LiBOB,True,0.0,LiPDI,1.0819930683696648,1.0819930683696648
9242,LiBOB,LiBOB,True,0.0,LiPDI,1.0819930683696648,1.0819930683696648
9243,LiBOB,LiBOB,True,0.0,LiPDI,1.0819930683696648,1.0819930683696648
9244,LiBOB,LiBOB,True,0.0,LiPDI,1.0819930683696648,1.0819930683696648
9245,LiBOB,LiBOB,True,0.0,LiPDI,1.0819930683696648,1.0819930683696648
9246,LiBOB,LiBOB,True,0.0,LiPDI,1.0819930683696648,1.0819930683696648
9247,LiBOB,LiBOB,True,0.0,LiPDI,1.0819930683696648,1.0819930683696648
9248,LiBOB,LiBOB,True,0.0,LiPDI,1.0819930683696648,1.0819930683696648
9249,LiBOB,LiBOB,True,0.0,LiPDI,1.0819930683696648,1.0819930683696648
9250,LiBOB,LiBOB,True,0.0,LiPDI,1.0819930683696648,1.0819930683696648
9251,LiBOB,LiBOB,True,0.0,LiPDI,1.0819930683696648,1.0819930683696648
9252,LiBOB,LiBOB,True,0.0,LiPDI,1.0819930683696648,1.0819930683696648
9253,LiBOB,LiBOB,True,0.0,LiPDI,1.0819930683696648,1.0819930683696648
9254,LiBOB,LiBOB,True,0.0,LiPDI,1.0819930683696648,1.0819930683696648
9255,LiBOB,LiBOB,True,0.0,LiPDI,1.0819930683696648,1.0819930683696648
9256,LiBOB,LiBOB,True,0.0,LiPDI,1.0819930683696648,1.0819930683696648
9257,LiBOB,LiBOB,True,0.0,LiPDI,1.0819930683696648,1.0819930683696648
9258,LiBOB,LiBOB,True,0.0,LiPDI,1.0819930683696648,1.0819930683696648
9259,LiBOB,LiBOB,True,0.0,LiPDI,1.0819930683696648,1.0819930683696648
9260,LiBOB,LiBOB,True,0.0,LiPDI,1.0819930683696648,1.0819930683696648
9261,LiBOB,LiBOB,True,0.0,LiPDI,1.0819930683696648,1.0819930683696648
9262,LiBOB,LiBOB,True,0.0,LiPDI,1.0819930683696648,1.0819930683696648
9263,LiBOB,LiBOB,True,0.0,LiPDI,1.0819930683696648,1.0819930683696648
9264,LiBOB,LiBOB,True,0.0,LiPDI,1.0819930683696648,1.0819930683696648
9265,LiBOB,LiBOB,True,0.0,LiPDI,1.0819930683696648,1.0819930683696648
9266,LiBOB,LiBOB,True,0.0,LiPDI,1.0819930683696648,1.0819930683696648
9267,LiBOB,LiBOB,True,0.0,LiPDI,1.0819930683696648,1.0819930683696648
9268,LiBOB,LiBOB,True,0.0,LiPDI,1.0819930683696648,1.0819930683696648
9269,LiBOB,LiBOB,True,0.0,LiPDI,1.0819930683696648,1.0819930683696648
9270,LiBOB,LiBOB,True,0.0,LiPDI,1.0819930683696648,1.0819930683696648
9271,LiBOB,LiBOB,True,0.0,LiPDI,1.0819930683696648,1.0819930683696648
9272,LiBOB,LiBOB,True,0.0,LiPDI,1.0819930683696648,1.0819930683696648
9273,LiBOB,LiBOB,True,0.0,LiPDI,1.0819930683696648,1.0819930683696648
9274,LiBOB,LiBOB,True,0.0,LiPDI,1.0819930683696648,1.0819930683696648
9275,LiBOB,LiBOB,True,0.0,LiPDI,1.0819930683696648,1.0819930683696648
9276,LiBOB,LiBOB,True,0.0,LiPDI,1.0819930683696648,1.0819930683696648
9277,LiBOB,LiBOB,True,0.0,LiPDI,1.0819930683696648,1.0819930683696648
9278,LiBOB,LiBOB,True,0.0,LiPDI,1.0819930683696648,1.0819930683696648
9279,LiBOB,LiBOB,True,0.0,LiPDI,1.0819930683696648,1.0819930683696648
9280,LiBOB,LiBOB,True,0.0,LiPDI,1.0819930683696648,1.0819930683696648
9281,LiBOB,LiBOB,True,0.0,LiPDI,1.0819930683696648,1.0819930683696648
9282,LiBOB,LiBOB,True,0.0,LiPDI,1.0819930683696648,1.0819930683696648
9283,LiBOB,LiBOB,True,0.0,LiPDI,1.0819930683696648,1.0819930683696648
9284,LiBOB,LiBOB,True,0.0,LiPDI,1.0819930683696648,1.0819930683696648
9285,LiBOB,LiBOB,True,0.0,LiPDI,1.0819930683696648,1.0819930683696648
9286,LiBOB,LiBOB,True,0.0,LiPDI,1.0819930683696648,1.0819930683696648
9287,LiBOB,LiBOB,True,0.0,LiPDI,1.0819930683696648,1.0819930683696648
9288,LiBOB,LiBOB,True,0.0,LiPDI,1.0819930683696648,1.0819930683696648
9289,LiBOB,LiBOB,True,0.0,LiPDI,1.0819930683696648,1.0819930683696648
9290,LiBOB,LiBOB,True,0.0,LiPDI,1.0819930683696648,1.0819930683696648
9291,LiBOB,LiBOB,True,0.0,LiPDI,1.0819930683696648,1.0819930683696648
9292,LiBOB,LiBOB,True,0.0,LiPDI,1.0819930683696648,1.0819930683696648
9293,LiBOB,LiBOB,True,0.0,LiPDI,1.0819930683696648,1.0819930683696648
9294,LiBOB,LiBOB,True,0.0,LiPDI,1.0819930683696648,1.0819930683696648
9295,LiBOB,LiBOB,True,0.0,LiPDI,1.0819930683696648,1.0819930683696648
9296,LiBOB,LiBOB,True,0.0,LiPDI,1.0819930683696648,1.0819930683696648
9297,LiBOB,LiBOB,True,0.0,LiPDI,1.0819930683696648,1.0819930683696648
9298,LiBOB,LiBOB,True,0.0,LiPDI,1.0819930683696648,1.0819930683696648
9299,LiBOB,LiBOB,True,0.0,LiPDI,1.0819930683696648,1.0819930683696648
9300,LiBOB,LiBOB,True,0.0,LiPDI,1.0819930683696648,1.0819930683696648
9301,LiBOB,LiBOB,True,0.0,LiPDI,1.0819930683696648,1.0819930683696648
9302,LiBOB,LiBOB,True,0.0,LiPDI,1.0819930683696648,1.0819930683696648
9303,LiBOB,LiBOB,True,0.0,LiPDI,1.0819930683696648,1.0819930683696648
9304,LiBOB,LiBOB,True,0.0,LiPDI,1.0819930683696648,1.0819930683696648
9305,LiBOB,LiBOB,True,0.0,LiPDI,1.0819930683696648,1.0819930683696648
9306,LiBOB,LiBOB,True,0.0,LiPDI,1.0819930683696648,1.0819930683696648
9307,LiBOB,LiBOB,True,0.0,LiPDI,1.0819930683696648,1.0819930683696648
9308,LiBOB,LiBOB,True,0.0,LiPDI,1.0819930683696648,1.0819930683696648
9309,LiBOB,LiBOB,True,0.0,LiPDI,1.0819930683696648,1.0819930683696648
9310,LiBOB,LiBOB,True,0.0,LiPDI,1.0819930683696648,1.0819930683696648
9311,LiBOB,LiBOB,True,0.0,LiPDI,1.0819930683696648,1.0819930683696648
9312,LiBOB,LiBOB,True,0.0,LiPDI,1.0819930683696648,1.0819930683696648
9313,LiBOB,LiBOB,True,0.0,LiPDI,1.0819930683696648,1.0819930683696648
9314,LiBOB,LiBOB,True,0.0,LiPDI,1.0819930683696648,1.0819930683696648
9315,LiBOB,LiBOB,True,0.0,LiPDI,1.0819930683696648,1.0819930683696648
9316,LiBOB,LiBOB,True,0.0,LiPDI,1.0819930683696648,1.0819930683696648
9317,LiBOB,LiBOB,True,0.0,LiPDI,1.0819930683696648,1.0819930683696648
9318,LiBOB,LiBOB,True,0.0,LiPDI,1.0819930683696648,1.0819930683696648
9319,LiBOB,LiBOB,True,0.0,LiPDI,1.0819930683696648,1.0819930683696648
9320,LiBOB,LiBOB,True,0.0,LiPDI,1.0819930683696648,1.0819930683696648
9321,LiBOB,LiBOB,True,0.0,LiPDI,1.0819930683696648,1.0819930683696648
9322,LiBOB,LiBOB,True,0.0,LiPDI,1.0819930683696648,1.0819930683696648
9323,LiBOB,LiBOB,True,0.0,LiPDI,1.0819930683696648,1.0819930683696648
9324,LiBOB,LiBOB,True,0.0,LiPDI,1.0819930683696648,1.0819930683696648
9325,LiBOB,LiBOB,True,0.0,LiPDI,1.0819930683696648,1.0819930683696648
9326,LiBOB,LiBOB,True,0.0,LiPDI,1.0819930683696648,1.0819930683696648
9327,LiBOB,LiBOB,True,0.0,LiPDI,1.0819930683696648,1.0819930683696648
9328,LiBOB,LiBOB,True,0.0,LiPDI,1.0819930683696648,1.0819930683696648
9329,LiBOB,LiBOB,True,0.0,LiPDI,1.0819930683696648,1.0819930683696648
9330,LiBOB,LiBOB,True,0.0,LiPDI,1.0819930683696648,1.0819930683696648
9331,LiBOB,LiBOB,True,0.0,LiPDI,1.0819930683696648,1.0819930683696648
9332,LiBOB,LiBOB,True,0.0,LiPDI,1.0819930683696648,1.0819930683696648
9333,LiBOB,LiBOB,True,0.0,LiPDI,1.0819930683696648,1.0819930683696648
9334,LiBOB,LiBOB,True,0.0,LiPDI,1.0819930683696648,1.0819930683696648
9335,LiBOB,LiBOB,True,0.0,LiPDI,1.0819930683696648,1.0819930683696648
9336,LiBOB,LiBOB,True,0.0,LiPDI,1.0819930683696648,1.0819930683696648
9337,LiBOB,LiBOB,True,0.0,LiPDI,1.0819930683696648,1.0819930683696648
9338,LiBOB,LiBOB,True,0.0,LiPDI,1.0819930683696648,1.0819930683696648
9339,LiBOB,LiBOB,True,0.0,LiPDI,1.0819930683696648,1.0819930683696648
9340,LiBOB,LiBOB,True,0.0,LiPDI,1.0819930683696648,1.0819930683696648
9341,LiBOB,LiBOB,True,0.0,LiPDI,1.0819930683696648,1.0819930683696648
9342,LiBOB,LiBOB,True,0.0,LiPDI,1.0819930683696648,1.0819930683696648
9343,LiBOB,LiBOB,True,0.0,LiPDI,1.0819930683696648,1.0819930683696648
9344,LiBOB,LiBOB,True,0.0,LiPDI,1.0819930683696648,1.0819930683696648
9345,LiBOB,LiBOB,True,0.0,LiPDI,1.0819930683696648,1.0819930683696648
9346,LiBOB,LiBOB,True,0.0,LiPDI,1.0819930683696648,1.0819930683696648
9347,LiBOB,LiBOB,True,0.0,LiPDI,1.0819930683696648,1.0819930683696648
9348,LiBOB,LiBOB,True,0.0,LiPDI,1.0819930683696648,1.0819930683696648
9349,LiBOB,LiBOB,True,0.0,LiPDI,1.0819930683696648,1.0819930683696648
9350,LiBOB,LiBOB,True,0.0,LiPDI,1.0819930683696648,1.0819930683696648
9351,LiBOB,LiBOB,True,0.0,LiPDI,1.0819930683696648,1.0819930683696648
9352,LiBOB,LiBOB,True,0.0,LiPDI,1.0819930683696648,1.0819930683696648
9353,LiBOB,LiBOB,True,0.0,LiPDI,1.0819930683696648,1.0819930683696648
9354,LiBOB,LiBOB,True,0.0,LiPDI,1.0819930683696648,1.0819930683696648
9355,LiBOB,LiBOB,True,0.0,LiPDI,1.0819930683696648,1.0819930683696648
9356,LiBOB,LiBOB,True,0.0,LiPDI,1.0819930683696648,1.0819930683696648
9357,LiBOB,LiBOB,True,0.0,LiPDI,1.0819930683696648,1.0819930683696648
9358,LiBOB,LiBOB,True,0.0,LiPDI,1.0819930683696648,1.0819930683696648
9359,LiBOB,LiBOB,True,0.0,LiPDI,1.0819930683696648,1.0819930683696648
9360,LiBOB,LiBOB,True,0.0,LiPDI,1.0819930683696648,1.0819930683696648
9361,LiBOB,LiBOB,True,0.0,LiPDI,1.0819930683696648,1.0819930683696648
9362,LiBOB,LiBOB,True,0.0,LiPDI,1.0819930683696648,1.0819930683696648
9363,LiBOB,LiBOB,True,0.0,LiPDI,1.0819930683696648,1.0819930683696648
9364,LiBOB,LiBOB,True,0.0,LiPDI,1.0819930683696648,1.0819930683696648
9365,LiBOB,LiBOB,True,0.0,LiPDI,1.0819930683696648,1.0819930683696648
9366,LiBOB,LiBOB,True,0.0,LiPDI,1.0819930683696648,1.0819930683696648
9367,LiBOB,LiBOB,True,0.0,LiPDI,1.0819930683696648,1.0819930683696648
9368,LiBOB,LiBOB,True,0.0,LiPDI,1.0819930683696648,1.0819930683696648
9369,LiBOB,LiBOB,True,0.0,LiPDI,1.0819930683696648,1.0819930683696648
9370,LiBOB,LiBOB,True,0.0,LiPDI,1.0819930683696648,1.0819930683696648
9371,LiBOB,LiBOB,True,0.0,LiPDI,1.0819930683696648,1.0819930683696648
9372,LiBOB,LiBOB,True,0.0,LiPDI,1.0819930683696648,1.0819930683696648
9373,LiBOB,LiBOB,True,0.0,LiPDI,1.0819930683696648,1.0819930683696648
9374,LiBOB,LiBOB,True,0.0,LiPDI,1.0819930683696648,1.0819930683696648
9375,LiBOB,LiBOB,True,0.0,LiPDI,1.0819930683696648,1.0819930683696648
9376,LiBOB,LiBOB,True,0.0,LiPDI,1.0819930683696648,1.0819930683696648
9377,LiBOB,LiBOB,True,0.0,LiPDI,1.0819930683696648,1.0819930683696648
9378,LiBOB,LiBOB,True,0.0,LiPDI,1.0819930683696648,1.0819930683696648
9379,LiBOB,LiBOB,True,0.0,LiPDI,1.0819930683696648,1.0819930683696648
9380,LiBOB,LiBOB,True,0.0,LiPDI,1.0819930683696648,1.0819930683696648
9381,LiBOB,LiBOB,True,0.0,LiPDI,1.0819930683696648,1.0819930683696648
9382,LiBOB,LiBOB,True,0.0,LiPDI,1.0819930683696648,1.0819930683696648
9383,LiBOB,LiBOB,True,0.0,LiPDI,1.0819930683696648,1.0819930683696648
9384,LiBOB,LiBOB,True,0.0,LiPDI,1.0819930683696648,1.0819930683696648
9385,LiBOB,LiBOB,True,0.0,LiPDI,1.0819930683696648,1.0819930683696648
9386,LiBOB,LiBOB,True,0.0,LiPDI,1.0819930683696648,1.0819930683696648
9387,LiBOB,LiBOB,True,0.0,LiPDI,1.0819930683696648,1.0819930683696648
9388,LiBOB,LiBOB,True,0.0,LiPDI,1.0819930683696648,1.0819930683696648
9389,LiBOB,LiBOB,True,0.0,LiPDI,1.0819930683696648,1.0819930683696648
9390,LiBOB,LiBOB,True,0.0,LiPDI,1.0819930683696648,1.0819930683696648
9391,LiBOB,LiBOB,True,0.0,LiPDI,1.0819930683696648,1.0819930683696648
9392,LiBOB,LiBOB,True,0.0,LiPDI,1.0819930683696648,1.0819930683696648
9393,LiBOB,LiBOB,True,0.0,LiPDI,1.0819930683696648,1.0819930683696648
9394,LiBOB,LiBOB,True,0.0,LiPDI,1.0819930683696648,1.0819930683696648
9395,LiBOB,LiBOB,True,0.0,LiPDI,1.0819930683696648,1.0819930683696648
9396,LiBOB,LiBOB,True,0.0,LiPDI,1.0819930683696648,1.0819930683696648
9397,LiBOB,LiBOB,True,0.0,LiPDI,1.0819930683696648,1.0819930683696648
9398,LiBOB,LiBOB,True,0.0,LiPDI,1.0819930683696648,1.0819930683696648
9399,LiBOB,LiBOB,True,0.0,LiPDI,1.0819930683696648,1.0819930683696648
9400,LiBOB,LiBOB,True,0.0,LiPDI,1.0819930683696648,1.0819930683696648
9401,LiBOB,LiBOB,True,0.0,LiPDI,1.0819930683696648,1.0819930683696648
9402,LiBOB,LiBOB,True,0.0,LiPDI,1.0819930683696648,1.0819930683696648
9403,LiBOB,LiBOB,True,0.0,LiPDI,1.0819930683696648,1.0819930683696648
9404,LiBOB,LiBOB,True,0.0,LiPDI,1.0819930683696648,1.0819930683696648
9405,LiBOB,LiBOB,True,0.0,LiPDI,1.0819930683696648,1.0819930683696648
9406,LiBOB,LiBOB,True,0.0,LiPDI,1.0819930683696648,1.0819930683696648
9407,LiBOB,LiBOB,True,0.0,LiPDI,1.0819930683696648,1.0819930683696648
9408,LiBOB,LiBOB,True,0.0,LiPDI,1.0819930683696648,1.0819930683696648
9409,LiBOB,LiBOB,True,0.0,LiPDI,1.0819930683696648,1.0819930683696648
9410,LiBOB,LiBOB,True,0.0,LiPDI,1.0819930683696648,1.0819930683696648
9411,LiBOB,LiBOB,True,0.0,LiPDI,1.0819930683696648,1.0819930683696648
9412,LiBOB,LiBOB,True,0.0,LiPDI,1.0819930683696648,1.0819930683696648
9413,LiBOB,LiBOB,True,0.0,LiPDI,1.0819930683696648,1.0819930683696648
9414,LiBOB,LiBOB,True,0.0,LiPDI,1.0819930683696648,1.0819930683696648
9415,LiBOB,LiBOB,True,0.0,LiPDI,1.0819930683696648,1.0819930683696648
9416,LiBOB,LiBOB,True,0.0,LiPDI,1.0819930683696648,1.0819930683696648
9417,LiBOB,LiBOB,True,0.0,LiPDI,1.0819930683696648,1.0819930683696648
9418,LiBOB,LiBOB,True,0.0,LiPDI,1.0819930683696648,1.0819930683696648
9419,LiBOB,LiBOB,True,0.0,LiPDI,1.0819930683696648,1.0819930683696648
9420,LiBOB,LiBOB,True,0.0,LiPDI,1.0819930683696648,1.0819930683696648
9421,LiBOB,LiBOB,True,0.0,LiPDI,1.0819930683696648,1.0819930683696648
9422,LiBOB,LiBOB,True,0.0,LiPDI,1.0819930683696648,1.0819930683696648
9423,LiBOB,LiBOB,True,0.0,LiPDI,1.0819930683696648,1.0819930683696648
9424,LiBOB,LiBOB,True,0.0,LiPDI,1.0819930683696648,1.0819930683696648
9425,LiBOB,LiBOB,True,0.0,LiPDI,1.0819930683696648,1.0819930683696648
9426,LiBOB,LiBOB,True,0.0,LiPDI,1.0819930683696648,1.0819930683696648
9427,LiBOB,LiBOB,True,0.0,LiPDI,1.0819930683696648,1.0819930683696648
9428,LiBOB,LiBOB,True,0.0,LiPDI,1.0819930683696648,1.0819930683696648
9429,LiBOB,LiBOB,True,0.0,LiPDI,1.0819930683696648,1.0819930683696648
9430,LiBOB,LiBOB,True,0.0,LiPDI,1.0819930683696648,1.0819930683696648
9431,LiBOB,LiBOB,True,0.0,LiPDI,1.0819930683696648,1.0819930683696648
9432,LiBOB,LiBOB,True,0.0,LiPDI,1.0819930683696648,1.0819930683696648
9433,LiBOB,LiBOB,True,0.0,LiPDI,1.0819930683696648,1.0819930683696648
9434,LiBOB,LiBOB,True,0.0,LiPDI,1.0819930683696648,1.0819930683696648
9435,LiBOB,LiBOB,True,0.0,LiPDI,1.0819930683696648,1.0819930683696648
9436,LiBOB,LiBOB,True,0.0,LiPDI,1.0819930683696648,1.0819930683696648
9437,LiBOB,LiBOB,True,0.0,LiPDI,1.0819930683696648,1.0819930683696648
9438,LiBOB,LiBOB,True,0.0,LiPDI,1.0819930683696648,1.0819930683696648
9439,LiBOB,LiBOB,True,0.0,LiPDI,1.0819930683696648,1.0819930683696648
9440,LiBOB,LiBOB,True,0.0,LiPDI,1.0819930683696648,1.0819930683696648
9441,LiBOB,LiBOB,True,0.0,LiPDI,1.0819930683696648,1.0819930683696648
9442,LiBOB,LiBOB,True,0.0,LiPDI,1.0819930683696648,1.0819930683696648
9443,LiBOB,LiBOB,True,0.0,LiPDI,1.0819930683696648,1.0819930683696648
9444,LiBOB,LiBOB,True,0.0,LiPDI,1.0819930683696648,1.0819930683696648
9445,LiBOB,LiBOB,True,0.0,LiPDI,1.0819930683696648,1.0819930683696648
9446,LiBOB,LiBOB,True,0.0,LiPDI,1.0819930683696648,1.0819930683696648
9447,LiBOB,LiBOB,True,0.0,LiPDI,1.0819930683696648,1.0819930683696648
9448,LiBOB,LiBOB,True,0.0,LiPDI,1.0819930683696648,1.0819930683696648
9449,LiBOB,LiBOB,True,0.0,LiPDI,1.0819930683696648,1.0819930683696648
9450,LiBOB,LiBOB,True,0.0,LiPDI,1.0819930683696648,1.0819930683696648
9451,LiBOB,LiBOB,True,0.0,LiPDI,1.0819930683696648,1.0819930683696648
9452,LiBOB,LiBOB,True,0.0,LiPDI,1.0819930683696648,1.0819930683696648
9453,LiBOB,LiBOB,True,0.0,LiPDI,1.0819930683696648,1.0819930683696648
9454,LiBOB,LiBOB,True,0.0,LiPDI,1.0819930683696648,1.0819930683696648
9455,LiBOB,LiBOB,True,0.0,LiPDI,1.0819930683696648,1.0819930683696648
9456,LiBOB,LiBOB,True,0.0,LiPDI,1.0819930683696648,1.0819930683696648
9457,LiBOB,LiBOB,True,0.0,LiPDI,1.0819930683696648,1.0819930683696648
9458,LiBOB,LiBOB,True,0.0,LiPDI,1.0819930683696648,1.0819930683696648
9459,LiBOB,LiBOB,True,0.0,LiPDI,1.0819930683696648,1.0819930683696648
9460,LiBOB,LiBOB,True,0.0,LiPDI,1.0819930683696648,1.0819930683696648
9461,LiBOB,LiBOB,True,0.0,LiPDI,1.0819930683696648,1.0819930683696648
9462,LiBOB,LiBOB,True,0.0,LiPDI,1.0819930683696648,1.0819930683696648
9463,LiBOB,LiBOB,True,0.0,LiPDI,1.0819930683696648,1.0819930683696648
9464,LiBOB,LiBOB,True,0.0,LiPDI,1.0819930683696648,1.0819930683696648
9465,LiBOB,LiBOB,True,0.0,LiPDI,1.0819930683696648,1.0819930683696648
9466,LiBOB,LiBOB,True,0.0,LiPDI,1.0819930683696648,1.0819930683696648
9467,LiBOB,LiBOB,True,0.0,LiPDI,1.0819930683696648,1.0819930683696648
9468,LiBOB,LiBOB,True,0.0,LiPDI,1.0819930683696648,1.0819930683696648
9469,LiBOB,LiBOB,True,0.0,LiPDI,1.0819930683696648,1.0819930683696648
9470,LiBOB,LiBOB,True,0.0,LiPDI,1.0819930683696648,1.0819930683696648
9471,LiBOB,LiBOB,True,0.0,LiPDI,1.0819930683696648,1.0819930683696648
9472,LiBOB,LiBOB,True,0.0,LiPDI,1.0819930683696648,1.0819930683696648
9473,LiBOB,LiBOB,True,0.0,LiPDI,1.0819930683696648,1.0819930683696648
9474,LiBOB,LiBOB,True,0.0,LiPDI,1.0819930683696648,1.0819930683696648
9475,LiBOB,LiBOB,True,0.0,LiPDI,1.0819930683696648,1.0819930683696648
9476,LiBOB,LiBOB,True,0.0,LiPDI,1.0819930683696648,1.0819930683696648
9477,LiBOB,LiBOB,True,0.0,LiPDI,1.0819930683696648,1.0819930683696648
9478,LiBOB,LiBOB,True,0.0,LiPDI,1.0819930683696648,1.0819930683696648
9479,LiBOB,LiBOB,True,0.0,LiPDI,1.0819930683696648,1.0819930683696648
9480,LiBOB,LiBOB,True,0.0,LiPDI,1.0819930683696648,1.0819930683696648
9481,LiBOB,LiBOB,True,0.0,LiPDI,1.0819930683696648,1.0819930683696648
9482,LiBOB,LiBOB,True,0.0,LiPDI,1.0819930683696648,1.0819930683696648
9483,LiBOB,LiBOB,True,0.0,LiPDI,1.0819930683696648,1.0819930683696648
9484,LiBOB,LiBOB,True,0.0,LiPDI,1.0819930683696648,1.0819930683696648
9485,LiBOB,LiBOB,True,0.0,LiPDI,1.0819930683696648,1.0819930683696648
9486,LiBOB,LiBOB,True,0.0,LiPDI,1.0819930683696648,1.0819930683696648
9487,LiBOB,LiBOB,True,0.0,LiPDI,1.0819930683696648,1.0819930683696648
9488,LiBOB,LiBOB,True,0.0,LiPDI,1.0819930683696648,1.0819930683696648
9489,LiBOB,LiBOB,True,0.0,LiPDI,1.0819930683696648,1.0819930683696648
9490,LiBOB,LiBOB,True,0.0,LiPDI,1.0819930683696648,1.0819930683696648
9491,LiBOB,LiBOB,True,0.0,LiPDI,1.0819930683696648,1.0819930683696648
9492,LiBOB,LiBOB,True,0.0,LiPDI,1.0819930683696648,1.0819930683696648
9493,LiBOB,LiBOB,True,0.0,LiPDI,1.0819930683696648,1.0819930683696648
9494,LiBOB,LiBOB,True,0.0,LiPDI,1.0819930683696648,1.0819930683696648
9495,LiBOB,LiBOB,True,0.0,LiPDI,1.0819930683696648,1.0819930683696648
9496,LiBOB,LiBOB,True,0.0,LiPDI,1.0819930683696648,1.0819930683696648
9497,LiBOB,LiBOB,True,0.0,LiPDI,1.0819930683696648,1.0819930683696648
9498,LiBOB,LiBOB,True,0.0,LiPDI,1.0819930683696648,1.0819930683696648
9499,LiBOB,LiBOB,True,0.0,LiPDI,1.0819930683696648,1.0819930683696648
9500,LiBOB,LiBOB,True,0.0,LiPDI,1.0819930683696648,1.0819930683696648
9501,LiBOB,LiBOB,True,0.0,LiPDI,1.0819930683696648,1.0819930683696648
9502,LiBOB,LiBOB,True,0.0,LiPDI,1.0819930683696648,1.0819930683696648
9503,LiBOB,LiBOB,True,0.0,LiPDI,1.0819930683696648,1.0819930683696648
9504,LiBOB,LiBOB,True,0.0,LiPDI,1.0819930683696648,1.0819930683696648
9505,LiBOB,LiBOB,True,0.0,LiPDI,1.0819930683696648,1.0819930683696648
9506,LiBOB,LiBOB,True,0.0,LiPDI,1.0819930683696648,1.0819930683696648
9507,LiBOB,LiBOB,True,0.0,LiPDI,1.0819930683696648,1.0819930683696648
9508,LiBOB,LiBOB,True,0.0,LiPDI,1.0819930683696648,1.0819930683696648
9509,LiBOB,LiBOB,True,0.0,LiPDI,1.0819930683696648,1.0819930683696648
9510,LiBOB,LiBOB,True,0.0,LiPDI,1.0819930683696648,1.0819930683696648
9511,LiBOB,LiBOB,True,0.0,LiPDI,1.0819930683696648,1.0819930683696648
9512,LiBOB,LiBOB,True,0.0,LiPDI,1.0819930683696648,1.0819930683696648
9513,LiBOB,LiBOB,True,0.0,LiPDI,1.0819930683696648,1.0819930683696648
9514,LiBOB,LiBOB,True,0.0,LiPDI,1.0819930683696648,1.0819930683696648
9515,LiBOB,LiBOB,True,0.0,LiPDI,1.0819930683696648,1.0819930683696648
9516,LiBOB,LiBOB,True,0.0,LiPDI,1.0819930683696648,1.0819930683696648
9517,LiBOB,LiBOB,True,0.0,LiPDI,1.0819930683696648,1.0819930683696648
9518,LiBOB,LiBOB,True,0.0,LiPDI,1.0819930683696648,1.0819930683696648
9519,LiBOB,LiBOB,True,0.0,LiPDI,1.0819930683696648,1.0819930683696648
9520,LiBOB,LiBOB,True,0.0,LiPDI,1.0819930683696648,1.0819930683696648
9521,LiBOB,LiBOB,True,0.0,LiPDI,1.0819930683696648,1.0819930683696648
9522,LiBOB,LiBOB,True,0.0,LiPDI,1.0819930683696648,1.0819930683696648
9523,LiBOB,LiBOB,True,0.0,LiPDI,1.0819930683696648,1.0819930683696648
9524,LiBOB,LiBOB,True,0.0,LiPDI,1.0819930683696648,1.0819930683696648
9525,LiBOB,LiBOB,True,0.0,LiPDI,1.0819930683696648,1.0819930683696648
9526,LiBOB,LiBOB,True,0.0,LiPDI,1.0819930683696648,1.0819930683696648
9527,LiBOB,LiBOB,True,0.0,LiPDI,1.0819930683696648,1.0819930683696648
9528,LiBOB,LiBOB,True,0.0,LiPDI,1.0819930683696648,1.0819930683696648
9529,LiBOB,LiBOB,True,0.0,LiPDI,1.0819930683696648,1.0819930683696648
9530,LiBOB,LiBOB,True,0.0,LiPDI,1.0819930683696648,1.0819930683696648
9531,LiBOB,LiBOB,True,0.0,LiPDI,1.0819930683696648,1.0819930683696648
9532,LiBOB,LiBOB,True,0.0,LiPDI,1.0819930683696648,1.0819930683696648
9533,LiBOB,LiBOB,True,0.0,LiPDI,1.0819930683696648,1.0819930683696648
9534,LiBOB,LiBOB,True,0.0,LiPDI,1.0819930683696648,1.0819930683696648
9535,LiBOB,LiBOB,True,0.0,LiPDI,1.0819930683696648,1.0819930683696648
9536,LiBOB,LiBOB,True,0.0,LiPDI,1.0819930683696648,1.0819930683696648
9537,LiBOB,LiBOB,True,0.0,LiPDI,1.0819930683696648,1.0819930683696648
9538,LiBOB,LiBOB,True,0.0,LiPDI,1.0819930683696648,1.0819930683696648
9539,LiBOB,LiBOB,True,0.0,LiPDI,1.0819930683696648,1.0819930683696648
9540,LiBOB,LiBOB,True,0.0,LiPDI,1.0819930683696648,1.0819930683696648
9541,LiBOB,LiBOB,True,0.0,LiPDI,1.0819930683696648,1.0819930683696648
9542,LiBOB,LiBOB,True,0.0,LiPDI,1.0819930683696648,1.0819930683696648
9543,LiBOB,LiBOB,True,0.0,LiPDI,1.0819930683696648,1.0819930683696648
9544,LiBOB,LiBOB,True,0.0,LiPDI,1.0819930683696648,1.0819930683696648
9545,LiBOB,LiBOB,True,0.0,LiPDI,1.0819930683696648,1.0819930683696648
9546,LiBOB,LiBOB,True,0.0,LiPDI,1.0819930683696648,1.0819930683696648
9547,LiBOB,LiBOB,True,0.0,LiPDI,1.0819930683696648,1.0819930683696648
9548,LiBOB,LiBOB,True,0.0,LiPDI,1.0819930683696648,1.0819930683696648
9549,LiBOB,LiBOB,True,0.0,LiPDI,1.0819930683696648,1.0819930683696648
9550,LiBOB,LiBOB,True,0.0,LiPDI,1.0819930683696648,1.0819930683696648
9551,LiBOB,LiBOB,True,0.0,LiPDI,1.0819930683696648,1.0819930683696648
9552,LiBOB,LiBOB,True,0.0,LiPDI,1.0819930683696648,1.0819930683696648
9553,LiBOB,LiBOB,True,0.0,LiPDI,1.0819930683696648,1.0819930683696648
9554,LiBOB,LiBOB,True,0.0,LiPDI,1.0819930683696648,1.0819930683696648
9555,LiBOB,LiBOB,True,0.0,LiPDI,1.0819930683696648,1.0819930683696648
9556,LiBOB,LiBOB,True,0.0,LiPDI,1.0819930683696648,1.0819930683696648
9557,LiBOB,LiBOB,True,0.0,LiPDI,1.0819930683696648,1.0819930683696648
9558,LiBOB,LiBOB,True,0.0,LiPDI,1.0819930683696648,1.0819930683696648
9559,LiBOB,LiBOB,True,0.0,LiPDI,1.0819930683696648,1.0819930683696648
9560,LiBOB,LiBOB,True,0.0,LiPDI,1.0819930683696648,1.0819930683696648
9561,LiBOB,LiBOB,True,0.0,LiPDI,1.0819930683696648,1.0819930683696648
9562,LiBOB,LiBOB,True,0.0,LiPDI,1.0819930683696648,1.0819930683696648
9563,LiBOB,LiBOB,True,0.0,LiPDI,1.0819930683696648,1.0819930683696648
9564,LiBOB,LiBOB,True,0.0,LiPDI,1.0819930683696648,1.0819930683696648
9565,LiBOB,LiBOB,True,0.0,LiPDI,1.0819930683696648,1.0819930683696648
9566,LiBOB,LiBOB,True,0.0,LiPDI,1.0819930683696648,1.0819930683696648
9567,LiBOB,LiBOB,True,0.0,LiPDI,1.0819930683696648,1.0819930683696648
9568,LiBOB,LiBOB,True,0.0,LiPDI,1.0819930683696648,1.0819930683696648
9569,LiBOB,LiBOB,True,0.0,LiPDI,1.0819930683696648,1.0819930683696648
9570,LiBOB,LiBOB,True,0.0,LiPDI,1.0819930683696648,1.0819930683696648
9571,LiBOB,LiBOB,True,0.0,LiPDI,1.0819930683696648,1.0819930683696648
9572,LiBOB,LiBOB,True,0.0,LiPDI,1.0819930683696648,1.0819930683696648
9573,LiBOB,LiBOB,True,0.0,LiPDI,1.0819930683696648,1.0819930683696648
9574,LiBOB,LiBOB,True,0.0,LiPDI,1.0819930683696648,1.0819930683696648
9575,LiBOB,LiBOB,True,0.0,LiPDI,1.0819930683696648,1.0819930683696648
9576,LiBOB,LiBOB,True,0.0,LiPDI,1.0819930683696648,1.0819930683696648
9577,LiBOB,LiBOB,True,0.0,LiPDI,1.0819930683696648,1.0819930683696648
9578,LiBOB,LiBOB,True,0.0,LiPDI,1.0819930683696648,1.0819930683696648
9579,LiBOB,LiBOB,True,0.0,LiPDI,1.0819930683696648,1.0819930683696648
9580,LiBOB,LiBOB,True,0.0,LiPDI,1.0819930683696648,1.0819930683696648
9581,LiBOB,LiBOB,True,0.0,LiPDI,1.0819930683696648,1.0819930683696648
9582,LiBOB,LiBOB,True,0.0,LiPDI,1.0819930683696648,1.0819930683696648
9583,LiBOB,LiBOB,True,0.0,LiPDI,1.0819930683696648,1.0819930683696648
9584,LiBOB,LiBOB,True,0.0,LiPDI,1.0819930683696648,1.0819930683696648
9585,LiBOB,LiBOB,True,0.0,LiPDI,1.0819930683696648,1.0819930683696648
9586,LiBOB,LiBOB,True,0.0,LiPDI,1.0819930683696648,1.0819930683696648
9587,LiBOB,LiBOB,True,0.0,LiPDI,1.0819930683696648,1.0819930683696648
9588,LiBOB,LiBOB,True,0.0,LiPDI,1.0819930683696648,1.0819930683696648
9589,LiBOB,LiBOB,True,0.0,LiPDI,1.0819930683696648,1.0819930683696648
9590,LiBOB,LiBOB,True,0.0,LiPDI,1.0819930683696648,1.0819930683696648
9591,LiBOB,LiBOB,True,0.0,LiPDI,1.0819930683696648,1.0819930683696648
9592,LiBOB,LiBOB,True,0.0,LiPDI,1.0819930683696648,1.0819930683696648
9593,LiBOB,LiBOB,True,0.0,LiPDI,1.0819930683696648,1.0819930683696648
9594,LiBOB,LiBOB,True,0.0,LiPDI,1.0819930683696648,1.0819930683696648
9595,LiBOB,LiBOB,True,0.0,LiPDI,1.0819930683696648,1.0819930683696648
9596,LiBOB,LiBOB,True,0.0,LiPDI,1.0819930683696648,1.0819930683696648
9597,LiBOB,LiBOB,True,0.0,LiPDI,1.0819930683696648,1.0819930683696648
9598,LiBOB,LiBOB,True,0.0,LiPDI,1.0819930683696648,1.0819930683696648
9599,LiBOB,LiBOB,True,0.0,LiPDI,1.0819930683696648,1.0819930683696648
9600,LiBOB,LiBOB,True,0.0,LiPDI,1.0819930683696648,1.0819930683696648
9601,LiBOB,LiBOB,True,0.0,LiPDI,1.0819930683696648,1.0819930683696648
9602,LiBOB,LiBOB,True,0.0,LiPDI,1.0819930683696648,1.0819930683696648
9603,LiBOB,LiBOB,True,0.0,LiPDI,1.0819930683696648,1.0819930683696648
9604,LiBOB,LiBOB,True,0.0,LiPDI,1.0819930683696648,1.0819930683696648
9605,LiBOB,LiBOB,True,0.0,LiPDI,1.0819930683696648,1.0819930683696648
9606,LiBOB,LiBOB,True,0.0,LiPDI,1.0819930683696648,1.0819930683696648
9607,LiBOB,LiBOB,True,0.0,LiPDI,1.0819930683696648,1.0819930683696648
9608,LiBOB,LiBOB,True,0.0,LiPDI,1.0819930683696648,1.0819930683696648
9609,LiBOB,LiBOB,True,0.0,LiPDI,1.0819930683696648,1.0819930683696648
9610,LiBOB,LiBOB,True,0.0,LiPDI,1.0819930683696648,1.0819930683696648
9611,LiBOB,LiBOB,True,0.0,LiPDI,1.0819930683696648,1.0819930683696648
9612,LiBOB,LiBOB,True,0.0,LiPDI,1.0819930683696648,1.0819930683696648
9613,LiBOB,LiBOB,True,0.0,LiPDI,1.0819930683696648,1.0819930683696648
9614,LiBOB,LiBOB,True,0.0,LiPDI,1.0819930683696648,1.0819930683696648
9615,LiBOB,LiBOB,True,0.0,LiPDI,1.0819930683696648,1.0819930683696648
9616,LiBOB,LiBOB,True,0.0,LiPDI,1.0819930683696648,1.0819930683696648
9617,LiBOB,LiBOB,True,0.0,LiPDI,1.0819930683696648,1.0819930683696648
9618,LiBOB,LiBOB,True,0.0,LiPDI,1.0819930683696648,1.0819930683696648
9619,LiBOB,LiBOB,True,0.0,LiPDI,1.0819930683696648,1.0819930683696648
9620,LiBOB,LiBOB,True,0.0,LiPDI,1.0819930683696648,1.0819930683696648
9621,LiBOB,LiBOB,True,0.0,LiPDI,1.0819930683696648,1.0819930683696648
9622,LiBOB,LiBOB,True,0.0,LiPDI,1.0819930683696648,1.0819930683696648
9623,LiBOB,LiBOB,True,0.0,LiPDI,1.0819930683696648,1.0819930683696648
9624,LiBOB,LiBOB,True,0.0,LiPDI,1.0819930683696648,1.0819930683696648
9625,LiBOB,LiBOB,True,0.0,LiPDI,1.0819930683696648,1.0819930683696648
9626,LiBOB,LiBOB,True,0.0,LiPDI,1.0819930683696648,1.0819930683696648
9627,LiBOB,LiBOB,True,0.0,LiPDI,1.0819930683696648,1.0819930683696648
9628,LiBOB,LiBOB,True,0.0,LiPDI,1.0819930683696648,1.0819930683696648
9629,LiBOB,LiBOB,True,0.0,LiPDI,1.0819930683696648,1.0819930683696648
9630,LiBOB,LiBOB,True,0.0,LiPDI,1.0819930683696648,1.0819930683696648
9631,LiBOB,LiBOB,True,0.0,LiPDI,1.0819930683696648,1.0819930683696648
9632,LiBOB,LiBOB,True,0.0,LiPDI,1.0819930683696648,1.0819930683696648
9633,LiBOB,LiBOB,True,0.0,LiPDI,1.0819930683696648,1.0819930683696648
9634,LiBOB,LiBOB,True,0.0,LiPDI,1.0819930683696648,1.0819930683696648
9635,LiBOB,LiBOB,True,0.0,LiPDI,1.0819930683696648,1.0819930683696648
9636,LiBOB,LiBOB,True,0.0,LiPDI,1.0819930683696648,1.0819930683696648
9637,LiBOB,LiBOB,True,0.0,LiPDI,1.0819930683696648,1.0819930683696648
9638,LiBOB,LiBOB,True,0.0,LiPDI,1.0819930683696648,1.0819930683696648
9639,LiBOB,LiBOB,True,0.0,LiPDI,1.0819930683696648,1.0819930683696648
9640,LiBOB,LiBOB,True,0.0,LiPDI,1.0819930683696648,1.0819930683696648
9641,LiBOB,LiBOB,True,0.0,LiPDI,1.0819930683696648,1.0819930683696648
9642,LiBOB,LiBOB,True,0.0,LiPDI,1.0819930683696648,1.0819930683696648
9643,LiBOB,LiBOB,True,0.0,LiPDI,1.0819930683696648,1.0819930683696648
9644,LiBOB,LiBOB,True,0.0,LiPDI,1.0819930683696648,1.0819930683696648
9645,LiBOB,LiBOB,True,0.0,LiPDI,1.0819930683696648,1.0819930683696648
9646,LiBOB,LiBOB,True,0.0,LiPDI,1.0819930683696648,1.0819930683696648
9647,LiBOB,LiBOB,True,0.0,LiPDI,1.0819930683696648,1.0819930683696648
9648,LiBOB,LiBOB,True,0.0,LiPDI,1.0819930683696648,1.0819930683696648
9649,LiBOB,LiBOB,True,0.0,LiPDI,1.0819930683696648,1.0819930683696648
9650,LiBOB,LiBOB,True,0.0,LiPDI,1.0819930683696648,1.0819930683696648
9651,LiBOB,LiBOB,True,0.0,LiPDI,1.0819930683696648,1.0819930683696648
9652,LiBOB,LiBOB,True,0.0,LiPDI,1.0819930683696648,1.0819930683696648
9653,LiBOB,LiBOB,True,0.0,LiPDI,1.0819930683696648,1.0819930683696648
9654,LiBOB,LiBOB,True,0.0,LiPDI,1.0819930683696648,1.0819930683696648
9655,LiBOB,LiBOB,True,0.0,LiPDI,1.0819930683696648,1.0819930683696648
9656,LiBOB,LiBOB,True,0.0,LiPDI,1.0819930683696648,1.0819930683696648
9657,LiBOB,LiBOB,True,0.0,LiPDI,1.0819930683696648,1.0819930683696648
9658,LiBOB,LiBOB,True,0.0,LiPDI,1.0819930683696648,1.0819930683696648
9659,LiBOB,LiBOB,True,0.0,LiPDI,1.0819930683696648,1.0819930683696648
9660,LiBOB,LiBOB,True,0.0,LiPDI,1.0819930683696648,1.0819930683696648
9661,LiBOB,LiBOB,True,0.0,LiPDI,1.0819930683696648,1.0819930683696648
9662,LiBOB,LiBOB,True,0.0,LiPDI,1.0819930683696648,1.0819930683696648
9663,LiBOB,LiBOB,True,0.0,LiPDI,1.0819930683696648,1.0819930683696648
9664,LiBOB,LiBOB,True,0.0,LiPDI,1.0819930683696648,1.0819930683696648
9665,LiBOB,LiBOB,True,0.0,LiPDI,1.0819930683696648,1.0819930683696648
9666,LiBOB,LiBOB,True,0.0,LiPDI,1.0819930683696648,1.0819930683696648
9667,LiBOB,LiBOB,True,0.0,LiPDI,1.0819930683696648,1.0819930683696648
9668,LiBOB,LiBOB,True,0.0,LiPDI,1.0819930683696648,1.0819930683696648
9669,LiBOB,LiBOB,True,0.0,LiPDI,1.0819930683696648,1.0819930683696648
9670,LiBOB,LiBOB,True,0.0,LiPDI,1.0819930683696648,1.0819930683696648
9671,LiBOB,LiBOB,True,0.0,LiPDI,1.0819930683696648,1.0819930683696648
9672,LiBOB,LiBOB,True,0.0,LiPDI,1.0819930683696648,1.0819930683696648
9673,LiBOB,LiBOB,True,0.0,LiPDI,1.0819930683696648,1.0819930683696648
9674,LiBOB,LiBOB,True,0.0,LiPDI,1.0819930683696648,1.0819930683696648
9675,LiBOB,LiBOB,True,0.0,LiPDI,1.0819930683696648,1.0819930683696648
9676,LiBOB,LiBOB,True,0.0,LiPDI,1.0819930683696648,1.0819930683696648
9677,LiBOB,LiBOB,True,0.0,LiPDI,1.0819930683696648,1.0819930683696648
9678,LiBOB,LiBOB,True,0.0,LiPDI,1.0819930683696648,1.0819930683696648
9679,LiBOB,LiBOB,True,0.0,LiPDI,1.0819930683696648,1.0819930683696648
9680,LiBOB,LiBOB,True,0.0,LiPDI,1.0819930683696648,1.0819930683696648
9681,LiBOB,LiBOB,True,0.0,LiPDI,1.0819930683696648,1.0819930683696648
9682,LiBOB,LiBOB,True,0.0,LiPDI,1.0819930683696648,1.0819930683696648
9683,LiBOB,LiBOB,True,0.0,LiPDI,1.0819930683696648,1.0819930683696648
9684,LiBOB,LiBOB,True,0.0,LiPDI,1.0819930683696648,1.0819930683696648
9685,LiBOB,LiBOB,True,0.0,LiPDI,1.0819930683696648,1.0819930683696648
9686,LiBOB,LiBOB,True,0.0,LiPDI,1.0819930683696648,1.0819930683696648
9687,LiBOB,LiBOB,True,0.0,LiPDI,1.0819930683696648,1.0819930683696648
9688,LiBOB,LiBOB,True,0.0,LiPDI,1.0819930683696648,1.0819930683696648
9689,LiBOB,LiBOB,True,0.0,LiPDI,1.0819930683696648,1.0819930683696648
9690,LiBOB,LiBOB,True,0.0,LiPDI,1.0819930683696648,1.0819930683696648
9691,LiBOB,LiBOB,True,0.0,LiPDI,1.0819930683696648,1.0819930683696648
9692,LiBOB,LiBOB,True,0.0,LiPDI,1.0819930683696648,1.0819930683696648
9693,LiBOB,LiBOB,True,0.0,LiPDI,1.0819930683696648,1.0819930683696648
9694,LiBOB,LiBOB,True,0.0,LiPDI,1.0819930683696648,1.0819930683696648
9695,LiBOB,LiBOB,True,0.0,LiPDI,1.0819930683696648,1.0819930683696648
9696,LiBOB,LiBOB,True,0.0,LiPDI,1.0819930683696648,1.0819930683696648
9697,LiBOB,LiBOB,True,0.0,LiPDI,1.0819930683696648,1.0819930683696648
9698,LiBOB,LiBOB,True,0.0,LiPDI,1.0819930683696648,1.0819930683696648
9699,LiBOB,LiBOB,True,0.0,LiPDI,1.0819930683696648,1.0819930683696648
9700,LiBOB,LiBOB,True,0.0,LiPDI,1.0819930683696648,1.0819930683696648
9701,LiBOB,LiBOB,True,0.0,LiPDI,1.0819930683696648,1.0819930683696648
9702,LiBOB,LiBOB,True,0.0,LiPDI,1.0819930683696648,1.0819930683696648
9703,LiBOB,LiBOB,True,0.0,LiPDI,1.0819930683696648,1.0819930683696648
9704,LiBOB,LiBOB,True,0.0,LiPDI,1.0819930683696648,1.0819930683696648
9705,LiBOB,LiBOB,True,0.0,LiPDI,1.0819930683696648,1.0819930683696648
9706,LiBOB,LiBOB,True,0.0,LiPDI,1.0819930683696648,1.0819930683696648
9707,LiBOB,LiBOB,True,0.0,LiPDI,1.0819930683696648,1.0819930683696648
9708,LiBOB,LiBOB,True,0.0,LiPDI,1.0819930683696648,1.0819930683696648
9709,LiBOB,LiBOB,True,0.0,LiPDI,1.0819930683696648,1.0819930683696648
9710,LiBOB,LiBOB,True,0.0,LiPDI,1.0819930683696648,1.0819930683696648
9711,LiBOB,LiBOB,True,0.0,LiPDI,1.0819930683696648,1.0819930683696648
9712,LiBOB,LiBOB,True,0.0,LiPDI,1.0819930683696648,1.0819930683696648
9713,LiBOB,LiBOB,True,0.0,LiPDI,1.0819930683696648,1.0819930683696648
9714,LiBOB,LiBOB,True,0.0,LiPDI,1.0819930683696648,1.0819930683696648
9715,LiBOB,LiBOB,True,0.0,LiPDI,1.0819930683696648,1.0819930683696648
9716,LiBOB,LiBOB,True,0.0,LiPDI,1.0819930683696648,1.0819930683696648
9717,LiBOB,LiBOB,True,0.0,LiPDI,1.0819930683696648,1.0819930683696648
9718,LiBOB,LiBOB,True,0.0,LiPDI,1.0819930683696648,1.0819930683696648
9719,LiBOB,LiBOB,True,0.0,LiPDI,1.0819930683696648,1.0819930683696648
9720,LiBOB,LiBOB,True,0.0,LiPDI,1.0819930683696648,1.0819930683696648
9721,LiBOB,LiBOB,True,0.0,LiPDI,1.0819930683696648,1.0819930683696648
9722,LiBOB,LiBOB,True,0.0,LiPDI,1.0819930683696648,1.0819930683696648
9723,LiBOB,LiBOB,True,0.0,LiPDI,1.0819930683696648,1.0819930683696648
9724,LiBOB,LiBOB,True,0.0,LiPDI,1.0819930683696648,1.0819930683696648
9725,LiBOB,LiBOB,True,0.0,LiPDI,1.0819930683696648,1.0819930683696648
9726,LiBOB,LiBOB,True,0.0,LiPDI,1.0819930683696648,1.0819930683696648
9727,LiBOB,LiBOB,True,0.0,LiPDI,1.0819930683696648,1.0819930683696648
9728,LiBOB,LiBOB,True,0.0,LiPDI,1.0819930683696648,1.0819930683696648
9729,LiBOB,LiBOB,True,0.0,LiPDI,1.0819930683696648,1.0819930683696648
9730,LiBOB,LiBOB,True,0.0,LiPDI,1.0819930683696648,1.0819930683696648
9731,LiBOB,LiBOB,True,0.0,LiPDI,1.0819930683696648,1.0819930683696648
9732,LiBOB,LiBOB,True,0.0,LiPDI,1.0819930683696648,1.0819930683696648
9733,LiBOB,LiBOB,True,0.0,LiPDI,1.0819930683696648,1.0819930683696648
9734,LiBOB,LiBOB,True,0.0,LiPDI,1.0819930683696648,1.0819930683696648
9735,LiBOB,LiBOB,True,0.0,LiPDI,1.0819930683696648,1.0819930683696648
9736,LiBOB,LiBOB,True,0.0,LiPDI,1.0819930683696648,1.0819930683696648
9737,LiBOB,LiBOB,True,0.0,LiPDI,1.0819930683696648,1.0819930683696648
9738,LiBOB,LiBOB,True,0.0,LiPDI,1.0819930683696648,1.0819930683696648
9739,LiBOB,LiBOB,True,0.0,LiPDI,1.0819930683696648,1.0819930683696648
9740,LiBOB,LiBOB,True,0.0,LiPDI,1.0819930683696648,1.0819930683696648
9741,LiBOB,LiBOB,True,0.0,LiPDI,1.0819930683696648,1.0819930683696648
9742,LiBOB,LiBOB,True,0.0,LiPDI,1.0819930683696648,1.0819930683696648
9743,LiBOB,LiBOB,True,0.0,LiPDI,1.0819930683696648,1.0819930683696648
9744,LiBOB,LiBOB,True,0.0,LiPDI,1.0819930683696648,1.0819930683696648
9745,LiBOB,LiBOB,True,0.0,LiPDI,1.0819930683696648,1.0819930683696648
9746,LiBOB,LiBOB,True,0.0,LiPDI,1.0819930683696648,1.0819930683696648
9747,LiBOB,LiBOB,True,0.0,LiPDI,1.0819930683696648,1.0819930683696648
9748,LiBOB,LiBOB,True,0.0,LiPDI,1.0819930683696648,1.0819930683696648
9749,LiBOB,LiBOB,True,0.0,LiPDI,1.0819930683696648,1.0819930683696648
9750,LiBOB,LiBOB,True,0.0,LiPDI,1.0819930683696648,1.0819930683696648
9751,LiBOB,LiBOB,True,0.0,LiPDI,1.0819930683696648,1.0819930683696648
9752,LiBOB,LiBOB,True,0.0,LiPDI,1.0819930683696648,1.0819930683696648
9753,LiBOB,LiBOB,True,0.0,LiPDI,1.0819930683696648,1.0819930683696648
9754,LiBOB,LiBOB,True,0.0,LiPDI,1.0819930683696648,1.0819930683696648
9755,LiBOB,LiBOB,True,0.0,LiPDI,1.0819930683696648,1.0819930683696648
9756,LiBOB,LiBOB,True,0.0,LiPDI,1.0819930683696648,1.0819930683696648
9757,LiBOB,LiBOB,True,0.0,LiPDI,1.0819930683696648,1.0819930683696648
9758,LiBOB,LiBOB,True,0.0,LiPDI,1.0819930683696648,1.0819930683696648
9759,LiBOB,LiBOB,True,0.0,LiPDI,1.0819930683696648,1.0819930683696648
9760,LiBOB,LiBOB,True,0.0,LiPDI,1.0819930683696648,1.0819930683696648
9761,LiBOB,LiBOB,True,0.0,LiPDI,1.0819930683696648,1.0819930683696648
9762,LiBOB,LiBOB,True,0.0,LiPDI,1.0819930683696648,1.0819930683696648
9763,LiBOB,LiBOB,True,0.0,LiPDI,1.0819930683696648,1.0819930683696648
9764,LiBOB,LiBOB,True,0.0,LiPDI,1.0819930683696648,1.0819930683696648
9765,LiBOB,LiBOB,True,0.0,LiPDI,1.0819930683696648,1.0819930683696648
9766,LiBOB,LiBOB,True,0.0,LiPDI,1.0819930683696648,1.0819930683696648
9767,LiBOB,LiBOB,True,0.0,LiPDI,1.0819930683696648,1.0819930683696648
9768,LiBOB,LiBOB,True,0.0,LiPDI,1.0819930683696648,1.0819930683696648
9769,LiBOB,LiBOB,True,0.0,LiPDI,1.0819930683696648,1.0819930683696648
9770,LiBOB,LiBOB,True,0.0,LiPDI,1.0819930683696648,1.0819930683696648
9771,LiBOB,LiBOB,True,0.0,LiPDI,1.0819930683696648,1.0819930683696648
9772,LiBOB,LiBOB,True,0.0,LiPDI,1.0819930683696648,1.0819930683696648
9773,LiBOB,LiBOB,True,0.0,LiPDI,1.0819930683696648,1.0819930683696648
9774,LiBOB,LiBOB,True,0.0,LiPDI,1.0819930683696648,1.0819930683696648
9775,LiBOB,LiBOB,True,0.0,LiPDI,1.0819930683696648,1.0819930683696648
9776,LiBOB,LiBOB,True,0.0,LiPDI,1.0819930683696648,1.0819930683696648
9777,LiBOB,LiBOB,True,0.0,LiPDI,1.0819930683696648,1.0819930683696648
9778,LiBOB,LiBOB,True,0.0,LiPDI,1.0819930683696648,1.0819930683696648
9779,LiBOB,LiBOB,True,0.0,LiPDI,1.0819930683696648,1.0819930683696648
9780,LiBOB,LiBOB,True,0.0,LiPDI,1.0819930683696648,1.0819930683696648
9781,LiBOB,LiBOB,True,0.0,LiPDI,1.0819930683696648,1.0819930683696648
9782,LiBOB,LiBOB,True,0.0,LiPDI,1.0819930683696648,1.0819930683696648
9783,LiBOB,LiBOB,True,0.0,LiPDI,1.0819930683696648,1.0819930683696648
9784,LiBOB,LiBOB,True,0.0,LiPDI,1.0819930683696648,1.0819930683696648
9785,LiBOB,LiBOB,True,0.0,LiPDI,1.0819930683696648,1.0819930683696648
9786,LiBOB,LiBOB,True,0.0,LiPDI,1.0819930683696648,1.0819930683696648
9787,LiBOB,LiBOB,True,0.0,LiPDI,1.0819930683696648,1.0819930683696648
9788,LiBOB,LiBOB,True,0.0,LiPDI,1.0819930683696648,1.0819930683696648
9789,LiBOB,LiBOB,True,0.0,LiPDI,1.0819930683696648,1.0819930683696648
9790,LiBOB,LiBOB,True,0.0,LiPDI,1.0819930683696648,1.0819930683696648
9791,LiBOB,LiBOB,True,0.0,LiPDI,1.0819930683696648,1.0819930683696648
9792,LiBOB,LiBOB,True,0.0,LiPDI,1.0819930683696648,1.0819930683696648
9793,LiBOB,LiBOB,True,0.0,LiPDI,1.0819930683696648,1.0819930683696648
9794,LiBOB,LiBOB,True,0.0,LiPDI,1.0819930683696648,1.0819930683696648
9795,LiBOB,LiBOB,True,0.0,LiPDI,1.0819930683696648,1.0819930683696648
9796,LiBOB,LiBOB,True,0.0,LiPDI,1.0819930683696648,1.0819930683696648
9797,LiBOB,LiBOB,True,0.0,LiPDI,1.0819930683696648,1.0819930683696648
9798,LiBOB,LiBOB,True,0.0,LiPDI,1.0819930683696648,1.0819930683696648
9799,LiBOB,LiBOB,True,0.0,LiPDI,1.0819930683696648,1.0819930683696648
9800,LiBOB,LiBOB,True,0.0,LiPDI,1.0819930683696648,1.0819930683696648
9801,LiBOB,LiBOB,True,0.0,LiPDI,1.0819930683696648,1.0819930683696648
9802,LiBOB,LiBOB,True,0.0,LiPDI,1.0819930683696648,1.0819930683696648
9803,LiBOB,LiBOB,True,0.0,LiPDI,1.0819930683696648,1.0819930683696648
9804,LiBOB,LiBOB,True,0.0,LiPDI,1.0819930683696648,1.0819930683696648
9805,LiBOB,LiBOB,True,0.0,LiPDI,1.0819930683696648,1.0819930683696648
9806,LiBOB,LiBOB,True,0.0,LiPDI,1.0819930683696648,1.0819930683696648
9807,LiBOB,LiBOB,True,0.0,LiPDI,1.0819930683696648,1.0819930683696648
9808,LiBOB,LiBOB,True,0.0,LiPDI,1.0819930683696648,1.0819930683696648
9809,LiBOB,LiBOB,True,0.0,LiPDI,1.0819930683696648,1.0819930683696648
9810,LiBOB,LiBOB,True,0.0,LiPDI,1.0819930683696648,1.0819930683696648
9811,LiBOB,LiBOB,True,0.0,LiPDI,1.0819930683696648,1.0819930683696648
9812,LiBOB,LiBOB,True,0.0,LiPDI,1.0819930683696648,1.0819930683696648
9813,LiBOB,LiBOB,True,0.0,LiPDI,1.0819930683696648,1.0819930683696648
9814,LiBOB,LiBOB,True,0.0,LiPDI,1.0819930683696648,1.0819930683696648
9815,LiBOB,LiBOB,True,0.0,LiPDI,1.0819930683696648,1.0819930683696648
9816,LiBOB,LiBOB,True,0.0,LiPDI,1.0819930683696648,1.0819930683696648
9817,LiBOB,LiBOB,True,0.0,LiPDI,1.0819930683696648,1.0819930683696648
9818,LiBOB,LiBOB,True,0.0,LiPDI,1.0819930683696648,1.0819930683696648
9819,LiBOB,LiBOB,True,0.0,LiPDI,1.0819930683696648,1.0819930683696648
9820,LiBOB,LiBOB,True,0.0,LiPDI,1.0819930683696648,1.0819930683696648
9821,LiBOB,LiBOB,True,0.0,LiPDI,1.0819930683696648,1.0819930683696648
9822,LiBOB,LiBOB,True,0.0,LiPDI,1.0819930683696648,1.0819930683696648
9823,LiBOB,LiBOB,True,0.0,LiPDI,1.0819930683696648,1.0819930683696648
9824,LiBOB,LiBOB,True,0.0,LiPDI,1.0819930683696648,1.0819930683696648
9825,LiBOB,LiBOB,True,0.0,LiPDI,1.0819930683696648,1.0819930683696648
9826,LiBOB,LiBOB,True,0.0,LiPDI,1.0819930683696648,1.0819930683696648
9827,LiBOB,LiBOB,True,0.0,LiPDI,1.0819930683696648,1.0819930683696648
9828,LiBOB,LiBOB,True,0.0,LiPDI,1.0819930683696648,1.0819930683696648
9829,LiBOB,LiBOB,True,0.0,LiPDI,1.0819930683696648,1.0819930683696648
9830,LiBOB,LiBOB,True,0.0,LiPDI,1.0819930683696648,1.0819930683696648
9831,LiBOB,LiBOB,True,0.0,LiPDI,1.0819930683696648,1.0819930683696648
9832,LiBOB,LiBOB,True,0.0,LiPDI,1.0819930683696648,1.0819930683696648
9833,LiBOB,LiBOB,True,0.0,LiPDI,1.0819930683696648,1.0819930683696648
9834,LiBOB,LiBOB,True,0.0,LiPDI,1.0819930683696648,1.0819930683696648
9835,LiBOB,LiBOB,True,0.0,LiPDI,1.0819930683696648,1.0819930683696648
9836,LiBOB,LiBOB,True,0.0,LiPDI,1.0819930683696648,1.0819930683696648
9837,LiBOB,LiBOB,True,0.0,LiPDI,1.0819930683696648,1.0819930683696648
9838,LiBOB,LiBOB,True,0.0,LiPDI,1.0819930683696648,1.0819930683696648
9839,LiBOB,LiBOB,True,0.0,LiPDI,1.0819930683696648,1.0819930683696648
9840,LiBOB,LiBOB,True,0.0,LiPDI,1.0819930683696648,1.0819930683696648
9841,LiBOB,LiBOB,True,0.0,LiPDI,1.0819930683696648,1.0819930683696648
9842,LiBOB,LiBOB,True,0.0,LiPDI,1.0819930683696648,1.0819930683696648
9843,LiBOB,LiBOB,True,0.0,LiPDI,1.0819930683696648,1.0819930683696648
9844,LiBOB,LiBOB,True,0.0,LiPDI,1.0819930683696648,1.0819930683696648
9845,LiBOB,LiBOB,True,0.0,LiPDI,1.0819930683696648,1.0819930683696648
9846,LiBOB,LiBOB,True,0.0,LiPDI,1.0819930683696648,1.0819930683696648
9847,LiBOB,LiBOB,True,0.0,LiPDI,1.0819930683696648,1.0819930683696648
9848,LiBOB,LiBOB,True,0.0,LiPDI,1.0819930683696648,1.0819930683696648
9849,LiBOB,LiBOB,True,0.0,LiPDI,1.0819930683696648,1.0819930683696648
9850,LiBOB,LiBOB,True,0.0,LiPDI,1.0819930683696648,1.0819930683696648
9851,LiBOB,LiBOB,True,0.0,LiPDI,1.0819930683696648,1.0819930683696648
9852,LiBOB,LiBOB,True,0.0,LiPDI,1.0819930683696648,1.0819930683696648
9853,LiBOB,LiBOB,True,0.0,LiPDI,1.0819930683696648,1.0819930683696648
9854,LiBOB,LiBOB,True,0.0,LiPDI,1.0819930683696648,1.0819930683696648
9855,LiBOB,LiBOB,True,0.0,LiPDI,1.0819930683696648,1.0819930683696648
9856,LiBOB,LiBOB,True,0.0,LiPDI,1.0819930683696648,1.0819930683696648
9857,LiBOB,LiBOB,True,0.0,LiPDI,1.0819930683696648,1.0819930683696648
9858,LiBOB,LiBOB,True,0.0,LiPDI,1.0819930683696648,1.0819930683696648
9859,LiBOB,LiBOB,True,0.0,LiPDI,1.0819930683696648,1.0819930683696648
9860,LiBOB,LiBOB,True,0.0,LiPDI,1.0819930683696648,1.0819930683696648
9861,LiBOB,LiBOB,True,0.0,LiPDI,1.0819930683696648,1.0819930683696648
9862,LiBOB,LiBOB,True,0.0,LiPDI,1.0819930683696648,1.0819930683696648
9863,LiBOB,LiBOB,True,0.0,LiPDI,1.0819930683696648,1.0819930683696648
9864,LiBOB,LiBOB,True,0.0,LiPDI,1.0819930683696648,1.0819930683696648
9865,LiBOB,LiBOB,True,0.0,LiPDI,1.0819930683696648,1.0819930683696648
9866,LiBOB,LiBOB,True,0.0,LiPDI,1.0819930683696648,1.0819930683696648
9867,LiBOB,LiBOB,True,0.0,LiPDI,1.0819930683696648,1.0819930683696648
9868,LiBOB,LiBOB,True,0.0,LiPDI,1.0819930683696648,1.0819930683696648
9869,LiBOB,LiBOB,True,0.0,LiPDI,1.0819930683696648,1.0819930683696648
9870,LiBOB,LiBOB,True,0.0,LiPDI,1.0819930683696648,1.0819930683696648
9871,LiBOB,LiBOB,True,0.0,LiPDI,1.0819930683696648,1.0819930683696648
9872,LiBOB,LiBOB,True,0.0,LiPDI,1.0819930683696648,1.0819930683696648
9873,LiBOB,LiBOB,True,0.0,LiPDI,1.0819930683696648,1.0819930683696648
9874,LiBOB,LiBOB,True,0.0,LiPDI,1.0819930683696648,1.0819930683696648
9875,LiBOB,LiBOB,True,0.0,LiPDI,1.0819930683696648,1.0819930683696648
9876,LiBOB,LiBOB,True,0.0,LiPDI,1.0819930683696648,1.0819930683696648
9877,LiBOB,LiBOB,True,0.0,LiPDI,1.0819930683696648,1.0819930683696648
9878,LiBOB,LiBOB,True,0.0,LiPDI,1.0819930683696648,1.0819930683696648
9879,LiBOB,LiBOB,True,0.0,LiPDI,1.0819930683696648,1.0819930683696648
9880,LiBOB,LiBOB,True,0.0,LiPDI,1.0819930683696648,1.0819930683696648
9881,LiBOB,LiBOB,True,0.0,LiPDI,1.0819930683696648,1.0819930683696648
9882,LiBOB,LiBOB,True,0.0,LiPDI,1.0819930683696648,1.0819930683696648
9883,LiBOB,LiBOB,True,0.0,LiPDI,1.0819930683696648,1.0819930683696648
9884,LiBOB,LiBOB,True,0.0,LiPDI,1.0819930683696648,1.0819930683696648
9885,LiBOB,LiBOB,True,0.0,LiPDI,1.0819930683696648,1.0819930683696648
9886,LiBOB,LiBOB,True,0.0,LiPDI,1.0819930683696648,1.0819930683696648
9887,LiBOB,LiBOB,True,0.0,LiPDI,1.0819930683696648,1.0819930683696648
9888,LiBOB,LiBOB,True,0.0,LiPDI,1.0819930683696648,1.0819930683696648
9889,LiBOB,LiBOB,True,0.0,LiPDI,1.0819930683696648,1.0819930683696648
9890,LiBOB,LiBOB,True,0.0,LiPDI,1.0819930683696648,1.0819930683696648
9891,LiBOB,LiBOB,True,0.0,LiPDI,1.0819930683696648,1.0819930683696648
9892,LiBOB,LiBOB,True,0.0,LiPDI,1.0819930683696648,1.0819930683696648
9893,LiBOB,LiBOB,True,0.0,LiPDI,1.0819930683696648,1.0819930683696648
9894,LiBOB,LiBOB,True,0.0,LiPDI,1.0819930683696648,1.0819930683696648
9895,LiBOB,LiBOB,True,0.0,LiPDI,1.0819930683696648,1.0819930683696648
9896,LiBOB,LiBOB,True,0.0,LiPDI,1.0819930683696648,1.0819930683696648
9897,LiBOB,LiBOB,True,0.0,LiPDI,1.0819930683696648,1.0819930683696648
9898,LiBOB,LiBOB,True,0.0,LiPDI,1.0819930683696648,1.0819930683696648
9899,LiBOB,LiBOB,True,0.0,LiPDI,1.0819930683696648,1.0819930683696648
9900,LiBOB,LiBOB,True,0.0,LiPDI,1.0819930683696648,1.0819930683696648
9901,LiBOB,LiBOB,True,0.0,LiPDI,1.0819930683696648,1.0819930683696648
9902,LiBOB,LiBOB,True,0.0,LiPDI,1.0819930683696648,1.0819930683696648
9903,LiBOB,LiBOB,True,0.0,LiPDI,1.0819930683696648,1.0819930683696648
9904,LiBOB,LiBOB,True,0.0,LiPDI,1.0819930683696648,1.0819930683696648
9905,LiBOB,LiBOB,True,0.0,LiPDI,1.0819930683696648,1.0819930683696648
9906,LiBOB,LiBOB,True,0.0,LiPDI,1.0819930683696648,1.0819930683696648
9907,LiBOB,LiBOB,True,0.0,LiPDI,1.0819930683696648,1.0819930683696648
9908,LiBOB,LiBOB,True,0.0,LiPDI,1.0819930683696648,1.0819930683696648
9909,LiBOB,LiBOB,True,0.0,LiPDI,1.0819930683696648,1.0819930683696648
9910,LiBOB,LiBOB,True,0.0,LiPDI,1.0819930683696648,1.0819930683696648
9911,LiBOB,LiBOB,True,0.0,LiPDI,1.0819930683696648,1.0819930683696648
9912,LiBOB,LiBOB,True,0.0,LiPDI,1.0819930683696648,1.0819930683696648
9913,LiBOB,LiBOB,True,0.0,LiPDI,1.0819930683696648,1.0819930683696648
9914,LiBOB,LiBOB,True,0.0,LiPDI,1.0819930683696648,1.0819930683696648
9915,LiBOB,LiBOB,True,0.0,LiPDI,1.0819930683696648,1.0819930683696648
9916,LiBOB,LiBOB,True,0.0,LiPDI,1.0819930683696648,1.0819930683696648
9917,LiBOB,LiBOB,True,0.0,LiPDI,1.0819930683696648,1.0819930683696648
9918,LiBOB,LiBOB,True,0.0,LiPDI,1.0819930683696648,1.0819930683696648
9919,LiBOB,LiBOB,True,0.0,LiPDI,1.0819930683696648,1.0819930683696648
9920,LiBOB,LiBOB,True,0.0,LiPDI,1.0819930683696648,1.0819930683696648
9921,LiBOB,LiBOB,True,0.0,LiPDI,1.0819930683696648,1.0819930683696648
9922,LiBOB,LiBOB,True,0.0,LiPDI,1.0819930683696648,1.0819930683696648
9923,LiBOB,LiBOB,True,0.0,LiPDI,1.0819930683696648,1.0819930683696648
9924,LiBOB,LiBOB,True,0.0,LiPDI,1.0819930683696648,1.0819930683696648
9925,LiBOB,LiBOB,True,0.0,LiPDI,1.0819930683696648,1.0819930683696648
9926,LiBOB,LiBOB,True,0.0,LiPDI,1.0819930683696648,1.0819930683696648
9927,LiBOB,LiBOB,True,0.0,LiPDI,1.0819930683696648,1.0819930683696648
9928,LiBOB,LiBOB,True,0.0,LiPDI,1.0819930683696648,1.0819930683696648
9929,LiBOB,LiBOB,True,0.0,LiPDI,1.0819930683696648,1.0819930683696648
9930,LiBOB,LiBOB,True,0.0,LiPDI,1.0819930683696648,1.0819930683696648
9931,LiBOB,LiBOB,True,0.0,LiPDI,1.0819930683696648,1.0819930683696648
9932,LiBOB,LiBOB,True,0.0,LiPDI,1.0819930683696648,1.0819930683696648
9933,LiBOB,LiBOB,True,0.0,LiPDI,1.0819930683696648,1.0819930683696648
9934,LiBOB,LiBOB,True,0.0,LiPDI,1.0819930683696648,1.0819930683696648
9935,LiBOB,LiBOB,True,0.0,LiPDI,1.0819930683696648,1.0819930683696648
9936,LiBOB,LiBOB,True,0.0,LiPDI,1.0819930683696648,1.0819930683696648
9937,LiBOB,LiBOB,True,0.0,LiPDI,1.0819930683696648,1.0819930683696648
9938,LiBOB,LiBOB,True,0.0,LiPDI,1.0819930683696648,1.0819930683696648
9939,LiBOB,LiBOB,True,0.0,LiPDI,1.0819930683696648,1.0819930683696648
9940,LiBOB,LiBOB,True,0.0,LiPDI,1.0819930683696648,1.0819930683696648
9941,LiBOB,LiBOB,True,0.0,LiPDI,1.0819930683696648,1.0819930683696648
9942,LiBOB,LiBOB,True,0.0,LiPDI,1.0819930683696648,1.0819930683696648
9943,LiBOB,LiBOB,True,0.0,LiPDI,1.0819930683696648,1.0819930683696648
9944,LiBOB,LiBOB,True,0.0,LiPDI,1.0819930683696648,1.0819930683696648
9945,LiBOB,LiBOB,True,0.0,LiPDI,1.0819930683696648,1.0819930683696648
9946,LiBOB,LiBOB,True,0.0,LiPDI,1.0819930683696648,1.0819930683696648
9947,LiBOB,LiBOB,True,0.0,LiPDI,1.0819930683696648,1.0819930683696648
9948,LiBOB,LiBOB,True,0.0,LiPDI,1.0819930683696648,1.0819930683696648
9949,LiBOB,LiBOB,True,0.0,LiPDI,1.0819930683696648,1.0819930683696648
9950,LiBOB,LiBOB,True,0.0,LiPDI,1.0819930683696648,1.0819930683696648
9951,LiBOB,LiBOB,True,0.0,LiPDI,1.0819930683696648,1.0819930683696648
9952,LiBOB,LiBOB,True,0.0,LiPDI,1.0819930683696648,1.0819930683696648
9953,LiBOB,LiBOB,True,0.0,LiPDI,1.0819930683696648,1.0819930683696648
9954,LiBOB,LiBOB,True,0.0,LiPDI,1.0819930683696648,1.0819930683696648
9955,LiBOB,LiBOB,True,0.0,LiPDI,1.0819930683696648,1.0819930683696648
9956,LiBOB,LiBOB,True,0.0,LiPDI,1.0819930683696648,1.0819930683696648
9957,LiBOB,LiBOB,True,0.0,LiPDI,1.0819930683696648,1.0819930683696648
9958,LiBOB,LiBOB,True,0.0,LiPDI,1.0819930683696648,1.0819930683696648
9959,LiBOB,LiBOB,True,0.0,LiPDI,1.0819930683696648,1.0819930683696648
9960,LiBOB,LiBOB,True,0.0,LiPDI,1.0819930683696648,1.0819930683696648
9961,LiBOB,LiBOB,True,0.0,LiPDI,1.0819930683696648,1.0819930683696648
9962,LiBOB,LiBOB,True,0.0,LiPDI,1.0819930683696648,1.0819930683696648
9963,LiBOB,LiBOB,True,0.0,LiPDI,1.0819930683696648,1.0819930683696648
9964,LiBOB,LiBOB,True,0.0,LiPDI,1.0819930683696648,1.0819930683696648
9965,LiBOB,LiBOB,True,0.0,LiPDI,1.0819930683696648,1.0819930683696648
9966,LiBOB,LiBOB,True,0.0,LiPDI,1.0819930683696648,1.0819930683696648
9967,LiBOB,LiBOB,True,0.0,LiPDI,1.0819930683696648,1.0819930683696648
9968,LiBOB,LiBOB,True,0.0,LiPDI,1.0819930683696648,1.0819930683696648
9969,LiBOB,LiBOB,True,0.0,LiPDI,1.0819930683696648,1.0819930683696648
9970,LiBOB,LiBOB,True,0.0,LiPDI,1.0819930683696648,1.0819930683696648
9971,LiBOB,LiBOB,True,0.0,LiPDI,1.0819930683696648,1.0819930683696648
9972,LiBOB,LiBOB,True,0.0,LiPDI,1.0819930683696648,1.0819930683696648
9973,LiBOB,LiBOB,True,0.0,LiPDI,1.0819930683696648,1.0819930683696648
9974,LiBOB,LiBOB,True,0.0,LiPDI,1.0819930683696648,1.0819930683696648
9975,LiBOB,LiBOB,True,0.0,LiPDI,1.0819930683696648,1.0819930683696648
9976,LiBOB,LiBOB,True,0.0,LiPDI,1.0819930683696648,1.0819930683696648
9977,LiBOB,LiBOB,True,0.0,LiPDI,1.0819930683696648,1.0819930683696648
9978,LiBOB,LiBOB,True,0.0,LiPDI,1.0819930683696648,1.0819930683696648
9979,LiBOB,LiBOB,True,0.0,LiPDI,1.0819930683696648,1.0819930683696648
9980,LiBOB,LiBOB,True,0.0,LiPDI,1.0819930683696648,1.0819930683696648
9981,LiBOB,LiBOB,True,0.0,LiPDI,1.0819930683696648,1.0819930683696648
9982,LiBOB,LiBOB,True,0.0,LiPDI,1.0819930683696648,1.0819930683696648
9983,LiBOB,LiBOB,True,0.0,LiPDI,1.0819930683696648,1.0819930683696648
9984,LiBOB,LiBOB,True,0.0,LiPDI,1.0819930683696648,1.0819930683696648
9985,LiBOB,LiBOB,True,0.0,LiPDI,1.0819930683696648,1.0819930683696648
9986,LiBOB,LiBOB,True,0.0,LiPDI,1.0819930683696648,1.0819930683696648
9987,LiBOB,LiBOB,True,0.0,LiPDI,1.0819930683696648,1.0819930683696648
9988,LiBOB,LiBOB,True,0.0,LiPDI,1.0819930683696648,1.0819930683696648
9989,LiBOB,LiBOB,True,0.0,LiPDI,1.0819930683696648,1.0819930683696648
9990,LiBOB,LiBOB,True,0.0,LiPDI,1.0819930683696648,1.0819930683696648
9991,LiBOB,LiBOB,True,0.0,LiPDI,1.0819930683696648,1.0819930683696648
9992,LiBOB,LiBOB,True,0.0,LiPDI,1.0819930683696648,1.0819930683696648
9993,LiBOB,LiBOB,True,0.0,LiPDI,1.0819930683696648,1.0819930683696648
9994,LiBOB,LiBOB,True,0.0,LiPDI,1.0819930683696648,1.0819930683696648
9995,LiBOB,LiBOB,True,0.0,LiPDI,1.0819930683696648,1.0819930683696648
9996,LiBOB,LiBOB,True,0.0,LiPDI,1.0819930683696648,1.0819930683696648
9997,LiBOB,LiBOB,True,0.0,LiPDI,1.0819930683696648,1.0819930683696648
9998,LiBOB,LiBOB,True,0.0,LiPDI,1.0819930683696648,1.0819930683696648
9999,LiBOB,LiBOB,True,0.0,LiPDI,1.0819930683696648,1.0819930683696648
10000,LiBOB,LiBOB,True,0.0,LiPDI,1.0819930683696648,1.0819930683696648
10001,LiBOB,LiBOB,True,0.0,LiPDI,1.0819930683696648,1.0819930683696648
10002,LiBOB,LiBOB,True,0.0,LiPDI,1.0819930683696648,1.0819930683696648
10003,LiBOB,LiBOB,True,0.0,LiPDI,1.0819930683696648,1.0819930683696648
10004,LiBOB,LiBOB,True,0.0,LiPDI,1.0819930683696648,1.0819930683696648
10005,LiBOB,LiBOB,True,0.0,LiPDI,1.0819930683696648,1.0819930683696648
10006,LiBOB,LiBOB,True,0.0,LiPDI,1.0819930683696648,1.0819930683696648
10007,LiBOB,LiBOB,True,0.0,LiPDI,1.0819930683696648,1.0819930683696648
10008,LiBOB,LiBOB,True,0.0,LiPDI,1.0819930683696648,1.0819930683696648
10009,LiBOB,LiBOB,True,0.0,LiPDI,1.0819930683696648,1.0819930683696648
10010,LiBOB,LiBOB,True,0.0,LiPDI,1.0819930683696648,1.0819930683696648
10011,LiBOB,LiBOB,True,0.0,LiPDI,1.0819930683696648,1.0819930683696648
10012,LiBOB,LiBOB,True,0.0,LiPDI,1.0819930683696648,1.0819930683696648
10013,LiBOB,LiBOB,True,0.0,LiPDI,1.0819930683696648,1.0819930683696648
10014,LiBOB,LiBOB,True,0.0,LiPDI,1.0819930683696648,1.0819930683696648
10015,LiBOB,LiBOB,True,0.0,LiPDI,1.0819930683696648,1.0819930683696648
10016,LiBOB,LiBOB,True,0.0,LiPDI,1.0819930683696648,1.0819930683696648
10017,LiBOB,LiBOB,True,0.0,LiPDI,1.0819930683696648,1.0819930683696648
10018,LiBOB,LiBOB,True,0.0,LiPDI,1.0819930683696648,1.0819930683696648
10019,LiBOB,LiBOB,True,0.0,LiPDI,1.0819930683696648,1.0819930683696648
10020,LiBOB,LiBOB,True,0.0,LiPDI,1.0819930683696648,1.0819930683696648
10021,LiBOB,LiBOB,True,0.0,LiPDI,1.0819930683696648,1.0819930683696648
10022,LiBOB,LiBOB,True,0.0,LiPDI,1.0819930683696648,1.0819930683696648
10023,LiBOB,LiBOB,True,0.0,LiPDI,1.0819930683696648,1.0819930683696648
10024,LiBOB,LiBOB,True,0.0,LiPDI,1.0819930683696648,1.0819930683696648
10025,LiBOB,LiBOB,True,0.0,LiPDI,1.0819930683696648,1.0819930683696648
10026,LiBOB,LiBOB,True,0.0,LiPDI,1.0819930683696648,1.0819930683696648
10027,LiBOB,LiBOB,True,0.0,LiPDI,1.0819930683696648,1.0819930683696648
10028,LiBOB,LiBOB,True,0.0,LiPDI,1.0819930683696648,1.0819930683696648
10029,LiBOB,LiBOB,True,0.0,LiPDI,1.0819930683696648,1.0819930683696648
10030,LiBOB,LiBOB,True,0.0,LiPDI,1.0819930683696648,1.0819930683696648
10031,LiBOB,LiBOB,True,0.0,LiPDI,1.0819930683696648,1.0819930683696648
10032,LiBOB,LiBOB,True,0.0,LiPDI,1.0819930683696648,1.0819930683696648
10033,LiBOB,LiBOB,True,0.0,LiPDI,1.0819930683696648,1.0819930683696648
10034,LiBOB,LiBOB,True,0.0,LiPDI,1.0819930683696648,1.0819930683696648
10035,LiBOB,LiBOB,True,0.0,LiPDI,1.0819930683696648,1.0819930683696648
10036,LiBOB,LiBOB,True,0.0,LiPDI,1.0819930683696648,1.0819930683696648
10037,LiBOB,LiBOB,True,0.0,LiPDI,1.0819930683696648,1.0819930683696648
10038,LiBOB,LiBOB,True,0.0,LiPDI,1.0819930683696648,1.0819930683696648
10039,LiBOB,LiBOB,True,0.0,LiPDI,1.0819930683696648,1.0819930683696648
10040,LiBOB,LiBOB,True,0.0,LiPDI,1.0819930683696648,1.0819930683696648
10041,LiBOB,LiBOB,True,0.0,LiPDI,1.0819930683696648,1.0819930683696648
10042,LiBOB,LiBOB,True,0.0,LiPDI,1.0819930683696648,1.0819930683696648
10043,LiBOB,LiBOB,True,0.0,LiPDI,1.0819930683696648,1.0819930683696648
10044,LiBOB,LiBOB,True,0.0,LiPDI,1.0819930683696648,1.0819930683696648
10045,LiBOB,LiBOB,True,0.0,LiPDI,1.0819930683696648,1.0819930683696648
10046,LiBOB,LiBOB,True,0.0,LiPDI,1.0819930683696648,1.0819930683696648
10047,LiBOB,LiBOB,True,0.0,LiPDI,1.0819930683696648,1.0819930683696648
10048,LiBOB,LiBOB,True,0.0,LiPDI,1.0819930683696648,1.0819930683696648
10049,LiBOB,LiBOB,True,0.0,LiPDI,1.0819930683696648,1.0819930683696648
10050,LiBOB,LiBOB,True,0.0,LiPDI,1.0819930683696648,1.0819930683696648
10051,LiBOB,LiBOB,True,0.0,LiPDI,1.0819930683696648,1.0819930683696648
10052,LiBOB,LiBOB,True,0.0,LiPDI,1.0819930683696648,1.0819930683696648
10053,LiBOB,LiBOB,True,0.0,LiPDI,1.0819930683696648,1.0819930683696648
10054,LiBOB,LiBOB,True,0.0,LiPDI,1.0819930683696648,1.0819930683696648
10055,LiBOB,LiBOB,True,0.0,LiPDI,1.0819930683696648,1.0819930683696648
10056,LiBOB,LiBOB,True,0.0,LiPDI,1.0819930683696648,1.0819930683696648
10057,LiBOB,LiBOB,True,0.0,LiPDI,1.0819930683696648,1.0819930683696648
10058,LiBOB,LiBOB,True,0.0,LiPDI,1.0819930683696648,1.0819930683696648
10059,LiBOB,LiBOB,True,0.0,LiPDI,1.0819930683696648,1.0819930683696648
10060,LiBOB,LiBOB,True,0.0,LiPDI,1.0819930683696648,1.0819930683696648
10061,LiBOB,LiBOB,True,0.0,LiPDI,1.0819930683696648,1.0819930683696648
10062,LiBOB,LiBOB,True,0.0,LiPDI,1.0819930683696648,1.0819930683696648
10063,LiBOB,LiBOB,True,0.0,LiPDI,1.0819930683696648,1.0819930683696648
10064,LiBOB,LiBOB,True,0.0,LiPDI,1.0819930683696648,1.0819930683696648
10065,LiBOB,LiBOB,True,0.0,LiPDI,1.0819930683696648,1.0819930683696648
10066,LiBOB,LiBOB,True,0.0,LiPDI,1.0819930683696648,1.0819930683696648
10067,LiBOB,LiBOB,True,0.0,LiPDI,1.0819930683696648,1.0819930683696648
10068,LiBOB,LiBOB,True,0.0,LiPDI,1.0819930683696648,1.0819930683696648
10069,LiBOB,LiBOB,True,0.0,LiPDI,1.0819930683696648,1.0819930683696648
10070,LiBOB,LiBOB,True,0.0,LiPDI,1.0819930683696648,1.0819930683696648
10071,LiBOB,LiBOB,True,0.0,LiPDI,1.0819930683696648,1.0819930683696648
10072,LiBOB,LiBOB,True,0.0,LiPDI,1.0819930683696648,1.0819930683696648
10073,LiBOB,LiBOB,True,0.0,LiPDI,1.0819930683696648,1.0819930683696648
10074,LiBOB,LiBOB,True,0.0,LiPDI,1.0819930683696648,1.0819930683696648
10075,LiBOB,LiBOB,True,0.0,LiPDI,1.0819930683696648,1.0819930683696648
10076,LiBOB,LiBOB,True,0.0,LiPDI,1.0819930683696648,1.0819930683696648
10077,LiBOB,LiBOB,True,0.0,LiPDI,1.0819930683696648,1.0819930683696648
10078,LiBOB,LiBOB,True,0.0,LiPDI,1.0819930683696648,1.0819930683696648
10079,LiBOB,LiBOB,True,0.0,LiPDI,1.0819930683696648,1.0819930683696648
10080,LiBOB,LiBOB,True,0.0,LiPDI,1.0819930683696648,1.0819930683696648
10081,LiBOB,LiBOB,True,0.0,LiPDI,1.0819930683696648,1.0819930683696648
10082,LiBOB,LiBOB,True,0.0,LiPDI,1.0819930683696648,1.0819930683696648
10083,LiBOB,LiBOB,True,0.0,LiPDI,1.0819930683696648,1.0819930683696648
10084,LiBOB,LiBOB,True,0.0,LiPDI,1.0819930683696648,1.0819930683696648
10085,LiBOB,LiBOB,True,0.0,LiPDI,1.0819930683696648,1.0819930683696648
10086,LiBOB,LiBOB,True,0.0,LiPDI,1.0819930683696648,1.0819930683696648
10087,LiBOB,LiBOB,True,0.0,LiPDI,1.0819930683696648,1.0819930683696648
10088,LiBOB,LiBOB,True,0.0,LiPDI,1.0819930683696648,1.0819930683696648
10089,LiBOB,LiBOB,True,0.0,LiPDI,1.0819930683696648,1.0819930683696648
10090,LiBOB,LiBOB,True,0.0,LiPDI,1.0819930683696648,1.0819930683696648
10091,LiBOB,LiBOB,True,0.0,LiPDI,1.0819930683696648,1.0819930683696648
10092,LiBOB,LiBOB,True,0.0,LiPDI,1.0819930683696648,1.0819930683696648
10093,LiBOB,LiBOB,True,0.0,LiPDI,1.0819930683696648,1.0819930683696648
10094,LiBOB,LiBOB,True,0.0,LiPDI,1.0819930683696648,1.0819930683696648
10095,LiBOB,LiBOB,True,0.0,LiPDI,1.0819930683696648,1.0819930683696648
10096,LiBOB,LiBOB,True,0.0,LiPDI,1.0819930683696648,1.0819930683696648
10097,LiBOB,LiBOB,True,0.0,LiPDI,1.0819930683696648,1.0819930683696648
10098,LiBOB,LiBOB,True,0.0,LiPDI,1.0819930683696648,1.0819930683696648
10099,LiBOB,LiBOB,True,0.0,LiPDI,1.0819930683696648,1.0819930683696648
10100,LiBOB,LiBOB,True,0.0,LiPDI,1.0819930683696648,1.0819930683696648
10101,LiBOB,LiBOB,True,0.0,LiPDI,1.0819930683696648,1.0819930683696648
10102,LiBOB,LiBOB,True,0.0,LiPDI,1.0819930683696648,1.0819930683696648
10103,LiBOB,LiBOB,True,0.0,LiPDI,1.0819930683696648,1.0819930683696648
10104,LiBOB,LiBOB,True,0.0,LiPDI,1.0819930683696648,1.0819930683696648
10105,LiBOB,LiBOB,True,0.0,LiPDI,1.0819930683696648,1.0819930683696648
10106,LiBOB,LiBOB,True,0.0,LiPDI,1.0819930683696648,1.0819930683696648
10107,LiBOB,LiBOB,True,0.0,LiPDI,1.0819930683696648,1.0819930683696648
10108,LiBOB,LiBOB,True,0.0,LiPDI,1.0819930683696648,1.0819930683696648
10109,LiBOB,LiBOB,True,0.0,LiPDI,1.0819930683696648,1.0819930683696648
10110,LiBOB,LiBOB,True,0.0,LiPDI,1.0819930683696648,1.0819930683696648
10111,LiBOB,LiBOB,True,0.0,LiPDI,1.0819930683696648,1.0819930683696648
10112,LiBOB,LiBOB,True,0.0,LiPDI,1.0819930683696648,1.0819930683696648
10113,LiBOB,LiBOB,True,0.0,LiPDI,1.0819930683696648,1.0819930683696648
10114,LiBOB,LiBOB,True,0.0,LiPDI,1.0819930683696648,1.0819930683696648
10115,LiBOB,LiBOB,True,0.0,LiPDI,1.0819930683696648,1.0819930683696648
10116,LiBOB,LiBOB,True,0.0,LiPDI,1.0819930683696648,1.0819930683696648
10117,LiBOB,LiBOB,True,0.0,LiPDI,1.0819930683696648,1.0819930683696648
10118,LiBOB,LiBOB,True,0.0,LiPDI,1.0819930683696648,1.0819930683696648
10119,LiBOB,LiBOB,True,0.0,LiPDI,1.0819930683696648,1.0819930683696648
10120,LiBOB,LiBOB,True,0.0,LiPDI,1.0819930683696648,1.0819930683696648
10121,LiBOB,LiBOB,True,0.0,LiPDI,1.0819930683696648,1.0819930683696648
10122,LiBOB,LiBOB,True,0.0,LiPDI,1.0819930683696648,1.0819930683696648
10123,LiBOB,LiBOB,True,0.0,LiPDI,1.0819930683696648,1.0819930683696648
10124,LiBOB,LiBOB,True,0.0,LiPDI,1.0819930683696648,1.0819930683696648
10125,LiBOB,LiBOB,True,0.0,LiPDI,1.0819930683696648,1.0819930683696648
10126,LiBOB,LiBOB,True,0.0,LiPDI,1.0819930683696648,1.0819930683696648
10127,LiBOB,LiBOB,True,0.0,LiPDI,1.0819930683696648,1.0819930683696648
10128,LiBOB,LiBOB,True,0.0,LiPDI,1.0819930683696648,1.0819930683696648
10129,LiBOB,LiBOB,True,0.0,LiPDI,1.0819930683696648,1.0819930683696648
10130,LiBOB,LiBOB,True,0.0,LiPDI,1.0819930683696648,1.0819930683696648
10131,LiBOB,LiBOB,True,0.0,LiPDI,1.0819930683696648,1.0819930683696648
10132,LiBOB,LiBOB,True,0.0,LiPDI,1.0819930683696648,1.0819930683696648
10133,LiBOB,LiBOB,True,0.0,LiPDI,1.0819930683696648,1.0819930683696648
10134,LiBOB,LiBOB,True,0.0,LiPDI,1.0819930683696648,1.0819930683696648
10135,LiBOB,LiBOB,True,0.0,LiPDI,1.0819930683696648,1.0819930683696648
10136,LiBOB,LiBOB,True,0.0,LiPDI,1.0819930683696648,1.0819930683696648
10137,LiBOB,LiBOB,True,0.0,LiPDI,1.0819930683696648,1.0819930683696648
10138,LiBOB,LiBOB,True,0.0,LiPDI,1.0819930683696648,1.0819930683696648
10139,LiBOB,LiBOB,True,0.0,LiPDI,1.0819930683696648,1.0819930683696648
10140,LiBOB,LiBOB,True,0.0,LiPDI,1.0819930683696648,1.0819930683696648
10141,LiBOB,LiBOB,True,0.0,LiPDI,1.0819930683696648,1.0819930683696648
10142,LiBOB,LiBOB,True,0.0,LiPDI,1.0819930683696648,1.0819930683696648
10143,LiBOB,LiBOB,True,0.0,LiPDI,1.0819930683696648,1.0819930683696648
10144,LiBOB,LiBOB,True,0.0,LiPDI,1.0819930683696648,1.0819930683696648
10145,LiBOB,LiBOB,True,0.0,LiPDI,1.0819930683696648,1.0819930683696648
10146,LiBOB,LiBOB,True,0.0,LiPDI,1.0819930683696648,1.0819930683696648
10147,LiBOB,LiBOB,True,0.0,LiPDI,1.0819930683696648,1.0819930683696648
10148,LiBOB,LiBOB,True,0.0,LiPDI,1.0819930683696648,1.0819930683696648
10149,LiBOB,LiBOB,True,0.0,LiPDI,1.0819930683696648,1.0819930683696648
10150,LiBOB,LiBOB,True,0.0,LiPDI,1.0819930683696648,1.0819930683696648
10151,LiBOB,LiBOB,True,0.0,LiPDI,1.0819930683696648,1.0819930683696648
10152,LiBOB,LiBOB,True,0.0,LiPDI,1.0819930683696648,1.0819930683696648
10153,LiBOB,LiBOB,True,0.0,LiPDI,1.0819930683696648,1.0819930683696648
10154,LiBOB,LiBOB,True,0.0,LiPDI,1.0819930683696648,1.0819930683696648
10155,LiBOB,LiBOB,True,0.0,LiPDI,1.0819930683696648,1.0819930683696648
10156,LiBOB,LiBOB,True,0.0,LiPDI,1.0819930683696648,1.0819930683696648
10157,LiBOB,LiBOB,True,0.0,LiPDI,1.0819930683696648,1.0819930683696648
10158,LiBOB,LiBOB,True,0.0,LiPDI,1.0819930683696648,1.0819930683696648
10159,LiBOB,LiBOB,True,0.0,LiPDI,1.0819930683696648,1.0819930683696648
10160,LiBOB,LiBOB,True,0.0,LiPDI,1.0819930683696648,1.0819930683696648
10161,LiBOB,LiBOB,True,0.0,LiPDI,1.0819930683696648,1.0819930683696648
10162,LiBOB,LiBOB,True,0.0,LiPDI,1.0819930683696648,1.0819930683696648
10163,LiBOB,LiBOB,True,0.0,LiPDI,1.0819930683696648,1.0819930683696648
10164,LiBOB,LiBOB,True,0.0,LiPDI,1.0819930683696648,1.0819930683696648
10165,LiBOB,LiBOB,True,0.0,LiPDI,1.0819930683696648,1.0819930683696648
10166,LiBOB,LiBOB,True,0.0,LiPDI,1.0819930683696648,1.0819930683696648
10167,LiBOB,LiBOB,True,0.0,LiPDI,1.0819930683696648,1.0819930683696648
10168,LiBOB,LiBOB,True,0.0,LiPDI,1.0819930683696648,1.0819930683696648
10169,LiBOB,LiBOB,True,0.0,LiPDI,1.0819930683696648,1.0819930683696648
10170,LiBOB,LiBOB,True,0.0,LiPDI,1.0819930683696648,1.0819930683696648
10171,LiBOB,LiBOB,True,0.0,LiPDI,1.0819930683696648,1.0819930683696648
10172,LiBOB,LiBOB,True,0.0,LiPDI,1.0819930683696648,1.0819930683696648
10173,LiBOB,LiBOB,True,0.0,LiPDI,1.0819930683696648,1.0819930683696648
10174,LiBOB,LiBOB,True,0.0,LiPDI,1.0819930683696648,1.0819930683696648
10175,LiBOB,LiBOB,True,0.0,LiPDI,1.0819930683696648,1.0819930683696648
10176,LiBOB,LiBOB,True,0.0,LiPDI,1.0819930683696648,1.0819930683696648
10177,LiBOB,LiBOB,True,0.0,LiPDI,1.0819930683696648,1.0819930683696648
10178,LiBOB,LiBOB,True,0.0,LiPDI,1.0819930683696648,1.0819930683696648
10179,LiBOB,LiBOB,True,0.0,LiPDI,1.0819930683696648,1.0819930683696648
10180,LiBOB,LiBOB,True,0.0,LiPDI,1.0819930683696648,1.0819930683696648
10181,LiBOB,LiBOB,True,0.0,LiPDI,1.0819930683696648,1.0819930683696648
10182,LiBOB,LiBOB,True,0.0,LiPDI,1.0819930683696648,1.0819930683696648
10183,LiBOB,LiBOB,True,0.0,LiPDI,1.0819930683696648,1.0819930683696648
10184,LiBOB,LiBOB,True,0.0,LiPDI,1.0819930683696648,1.0819930683696648
10185,LiBOB,LiBOB,True,0.0,LiPDI,1.0819930683696648,1.0819930683696648
10186,LiBOB,LiBOB,True,0.0,LiPDI,1.0819930683696648,1.0819930683696648
10187,LiBOB,LiBOB,True,0.0,LiPDI,1.0819930683696648,1.0819930683696648
10188,LiBOB,LiBOB,True,0.0,LiPDI,1.0819930683696648,1.0819930683696648
10189,LiBOB,LiBOB,True,0.0,LiPDI,1.0819930683696648,1.0819930683696648
10190,LiBOB,LiBOB,True,0.0,LiPDI,1.0819930683696648,1.0819930683696648
10191,LiBOB,LiBOB,True,0.0,LiPDI,1.0819930683696648,1.0819930683696648
10192,LiBOB,LiBOB,True,0.0,LiPDI,1.0819930683696648,1.0819930683696648
10193,LiBOB,LiBOB,True,0.0,LiPDI,1.0819930683696648,1.0819930683696648
10194,LiBOB,LiBOB,True,0.0,LiPDI,1.0819930683696648,1.0819930683696648
10195,LiBOB,LiBOB,True,0.0,LiPDI,1.0819930683696648,1.0819930683696648
10196,LiBOB,LiBOB,True,0.0,LiPDI,1.0819930683696648,1.0819930683696648
10197,LiBOB,LiBOB,True,0.0,LiPDI,1.0819930683696648,1.0819930683696648
10198,LiBOB,LiBOB,True,0.0,LiPDI,1.0819930683696648,1.0819930683696648
10199,LiBOB,LiBOB,True,0.0,LiPDI,1.0819930683696648,1.0819930683696648
10200,LiBOB,LiBOB,True,0.0,LiPDI,1.0819930683696648,1.0819930683696648
10201,LiBOB,LiBOB,True,0.0,LiPDI,1.0819930683696648,1.0819930683696648
10202,LiBOB,LiBOB,True,0.0,LiPDI,1.0819930683696648,1.0819930683696648
10203,LiBOB,LiBOB,True,0.0,LiPDI,1.0819930683696648,1.0819930683696648
10204,LiBOB,LiBOB,True,0.0,LiPDI,1.0819930683696648,1.0819930683696648
10205,LiBOB,LiBOB,True,0.0,LiPDI,1.0819930683696648,1.0819930683696648
10206,LiBOB,LiBOB,True,0.0,LiPDI,1.0819930683696648,1.0819930683696648
10207,LiBOB,LiBOB,True,0.0,LiPDI,1.0819930683696648,1.0819930683696648
10208,LiBOB,LiBOB,True,0.0,LiPDI,1.0819930683696648,1.0819930683696648
10209,LiBOB,LiBOB,True,0.0,LiPDI,1.0819930683696648,1.0819930683696648
10210,LiBOB,LiBOB,True,0.0,LiPDI,1.0819930683696648,1.0819930683696648
10211,LiBOB,LiBOB,True,0.0,LiPDI,1.0819930683696648,1.0819930683696648
10212,LiBOB,LiBOB,True,0.0,LiPDI,1.0819930683696648,1.0819930683696648
10213,LiBOB,LiBOB,True,0.0,LiPDI,1.0819930683696648,1.0819930683696648
10214,LiBOB,LiBOB,True,0.0,LiPDI,1.0819930683696648,1.0819930683696648
10215,LiBOB,LiBOB,True,0.0,LiPDI,1.0819930683696648,1.0819930683696648
10216,LiBOB,LiBOB,True,0.0,LiPDI,1.0819930683696648,1.0819930683696648
10217,LiBOB,LiBOB,True,0.0,LiPDI,1.0819930683696648,1.0819930683696648
10218,LiBOB,LiBOB,True,0.0,LiPDI,1.0819930683696648,1.0819930683696648
10219,LiBOB,LiBOB,True,0.0,LiPDI,1.0819930683696648,1.0819930683696648
10220,LiBOB,LiBOB,True,0.0,LiPDI,1.0819930683696648,1.0819930683696648
10221,LiBOB,LiBOB,True,0.0,LiPDI,1.0819930683696648,1.0819930683696648
10222,LiBOB,LiBOB,True,0.0,LiPDI,1.0819930683696648,1.0819930683696648
10223,LiBOB,LiBOB,True,0.0,LiPDI,1.0819930683696648,1.0819930683696648
10224,LiBOB,LiBOB,True,0.0,LiPDI,1.0819930683696648,1.0819930683696648
10225,LiBOB,LiBOB,True,0.0,LiPDI,1.0819930683696648,1.0819930683696648
10226,LiBOB,LiBOB,True,0.0,LiPDI,1.0819930683696648,1.0819930683696648
10227,LiBOB,LiBOB,True,0.0,LiPDI,1.0819930683696648,1.0819930683696648
10228,LiBOB,LiBOB,True,0.0,LiPDI,1.0819930683696648,1.0819930683696648
10229,LiBOB,LiBOB,True,0.0,LiPDI,1.0819930683696648,1.0819930683696648
10230,LiBOB,LiBOB,True,0.0,LiPDI,1.0819930683696648,1.0819930683696648
10231,LiBOB,LiBOB,True,0.0,LiPDI,1.0819930683696648,1.0819930683696648
10232,LiBOB,LiBOB,True,0.0,LiPDI,1.0819930683696648,1.0819930683696648
10233,LiBOB,LiBOB,True,0.0,LiPDI,1.0819930683696648,1.0819930683696648
10234,LiBOB,LiBOB,True,0.0,LiPDI,1.0819930683696648,1.0819930683696648
10235,LiBOB,LiBOB,True,0.0,LiPDI,1.0819930683696648,1.0819930683696648
10236,LiBOB,LiBOB,True,0.0,LiPDI,1.0819930683696648,1.0819930683696648
10237,LiBOB,LiBOB,True,0.0,LiPDI,1.0819930683696648,1.0819930683696648
10238,LiBOB,LiBOB,True,0.0,LiPDI,1.0819930683696648,1.0819930683696648
10239,LiBOB,LiBOB,True,0.0,LiPDI,1.0819930683696648,1.0819930683696648
10240,LiBOB,LiBOB,True,0.0,LiPDI,1.0819930683696648,1.0819930683696648
10241,LiBOB,LiBOB,True,0.0,LiPDI,1.0819930683696648,1.0819930683696648
10242,LiBOB,LiBOB,True,0.0,LiPDI,1.0819930683696648,1.0819930683696648
10243,LiBOB,LiBOB,True,0.0,LiPDI,1.0819930683696648,1.0819930683696648
10244,LiBOB,LiBOB,True,0.0,LiPDI,1.0819930683696648,1.0819930683696648
10245,LiBOB,LiBOB,True,0.0,LiPDI,1.0819930683696648,1.0819930683696648
10246,LiBOB,LiBOB,True,0.0,LiPDI,1.0819930683696648,1.0819930683696648
10247,LiBOB,LiBOB,True,0.0,LiPDI,1.0819930683696648,1.0819930683696648
10248,LiBOB,LiBOB,True,0.0,LiPDI,1.0819930683696648,1.0819930683696648
10249,LiBOB,LiBOB,True,0.0,LiPDI,1.0819930683696648,1.0819930683696648
10250,LiBOB,LiBOB,True,0.0,LiPDI,1.0819930683696648,1.0819930683696648
10251,LiBOB,LiBOB,True,0.0,LiPDI,1.0819930683696648,1.0819930683696648
10252,LiBOB,LiBOB,True,0.0,LiPDI,1.0819930683696648,1.0819930683696648
10253,LiBOB,LiBOB,True,0.0,LiPDI,1.0819930683696648,1.0819930683696648
10254,LiBOB,LiBOB,True,0.0,LiPDI,1.0819930683696648,1.0819930683696648
10255,LiBOB,LiBOB,True,0.0,LiPDI,1.0819930683696648,1.0819930683696648
10256,LiBOB,LiBOB,True,0.0,LiPDI,1.0819930683696648,1.0819930683696648
10257,LiBOB,LiBOB,True,0.0,LiPDI,1.0819930683696648,1.0819930683696648
10258,LiBOB,LiBOB,True,0.0,LiPDI,1.0819930683696648,1.0819930683696648
10259,LiBOB,LiBOB,True,0.0,LiPDI,1.0819930683696648,1.0819930683696648
10260,LiBOB,LiBOB,True,0.0,LiPDI,1.0819930683696648,1.0819930683696648
10261,LiBOB,LiBOB,True,0.0,LiPDI,1.0819930683696648,1.0819930683696648
10262,LiBOB,LiBOB,True,0.0,LiPDI,1.0819930683696648,1.0819930683696648
10263,LiBOB,LiBOB,True,0.0,LiPDI,1.0819930683696648,1.0819930683696648
10264,LiBOB,LiBOB,True,0.0,LiPDI,1.0819930683696648,1.0819930683696648
10265,LiBOB,LiBOB,True,0.0,LiPDI,1.0819930683696648,1.0819930683696648
10266,LiBOB,LiBOB,True,0.0,LiPDI,1.0819930683696648,1.0819930683696648
10267,LiBOB,LiBOB,True,0.0,LiPDI,1.0819930683696648,1.0819930683696648
10268,LiBOB,LiBOB,True,0.0,LiPDI,1.0819930683696648,1.0819930683696648
10269,LiBOB,LiBOB,True,0.0,LiPDI,1.0819930683696648,1.0819930683696648
10270,LiBOB,LiBOB,True,0.0,LiPDI,1.0819930683696648,1.0819930683696648
10271,LiBOB,LiBOB,True,0.0,LiPDI,1.0819930683696648,1.0819930683696648
10272,LiBOB,LiBOB,True,0.0,LiPDI,1.0819930683696648,1.0819930683696648
10273,LiBOB,LiBOB,True,0.0,LiPDI,1.0819930683696648,1.0819930683696648
10274,LiBOB,LiBOB,True,0.0,LiPDI,1.0819930683696648,1.0819930683696648
10275,LiBOB,LiBOB,True,0.0,LiPDI,1.0819930683696648,1.0819930683696648
10276,LiBOB,LiBOB,True,0.0,LiPDI,1.0819930683696648,1.0819930683696648
10277,LiBOB,LiBOB,True,0.0,LiPDI,1.0819930683696648,1.0819930683696648
10278,LiBOB,LiBOB,True,0.0,LiPDI,1.0819930683696648,1.0819930683696648
10279,LiBOB,LiBOB,True,0.0,LiPDI,1.0819930683696648,1.0819930683696648
10280,LiBOB,LiBOB,True,0.0,LiPDI,1.0819930683696648,1.0819930683696648
10281,LiBOB,LiBOB,True,0.0,LiPDI,1.0819930683696648,1.0819930683696648
10282,LiBOB,LiBOB,True,0.0,LiPDI,1.0819930683696648,1.0819930683696648
10283,LiBOB,LiBOB,True,0.0,LiPDI,1.0819930683696648,1.0819930683696648
10284,LiBOB,LiBOB,True,0.0,LiPDI,1.0819930683696648,1.0819930683696648
10285,LiBOB,LiBOB,True,0.0,LiPDI,1.0819930683696648,1.0819930683696648
10286,LiBOB,LiBOB,True,0.0,LiPDI,1.0819930683696648,1.0819930683696648
10287,LiBOB,LiBOB,True,0.0,LiPDI,1.0819930683696648,1.0819930683696648
10288,LiBOB,LiBOB,True,0.0,LiPDI,1.0819930683696648,1.0819930683696648
10289,LiBOB,LiBOB,True,0.0,LiPDI,1.0819930683696648,1.0819930683696648
10290,LiBOB,LiBOB,True,0.0,LiPDI,1.0819930683696648,1.0819930683696648
10291,LiBOB,LiBOB,True,0.0,LiPDI,1.0819930683696648,1.0819930683696648
10292,LiBOB,LiBOB,True,0.0,LiPDI,1.0819930683696648,1.0819930683696648
10293,LiBOB,LiBOB,True,0.0,LiPDI,1.0819930683696648,1.0819930683696648
10294,LiBOB,LiBOB,True,0.0,LiPDI,1.0819930683696648,1.0819930683696648
10295,LiBOB,LiBOB,True,0.0,LiPDI,1.0819930683696648,1.0819930683696648
10296,LiBOB,LiBOB,True,0.0,LiPDI,1.0819930683696648,1.0819930683696648
10297,LiBOB,LiBOB,True,0.0,LiPDI,1.0819930683696648,1.0819930683696648
10298,LiBOB,LiBOB,True,0.0,LiPDI,1.0819930683696648,1.0819930683696648
10299,LiBOB,LiBOB,True,0.0,LiPDI,1.0819930683696648,1.0819930683696648
10300,LiBOB,LiBOB,True,0.0,LiPDI,1.0819930683696648,1.0819930683696648
10301,LiBOB,LiBOB,True,0.0,LiPDI,1.0819930683696648,1.0819930683696648
10302,LiBOB,LiBOB,True,0.0,LiPDI,1.0819930683696648,1.0819930683696648
10303,LiBOB,LiBOB,True,0.0,LiPDI,1.0819930683696648,1.0819930683696648
10304,LiBOB,LiBOB,True,0.0,LiPDI,1.0819930683696648,1.0819930683696648
10305,LiBOB,LiBOB,True,0.0,LiPDI,1.0819930683696648,1.0819930683696648
10306,LiBOB,LiBOB,True,0.0,LiPDI,1.0819930683696648,1.0819930683696648
10307,LiBOB,LiBOB,True,0.0,LiPDI,1.0819930683696648,1.0819930683696648
10308,LiBOB,LiBOB,True,0.0,LiPDI,1.0819930683696648,1.0819930683696648
10309,LiBOB,LiBOB,True,0.0,LiPDI,1.0819930683696648,1.0819930683696648
10310,LiBOB,LiBOB,True,0.0,LiPDI,1.0819930683696648,1.0819930683696648
10311,LiBOB,LiBOB,True,0.0,LiPDI,1.0819930683696648,1.0819930683696648
10312,LiBOB,LiBOB,True,0.0,LiPDI,1.0819930683696648,1.0819930683696648
10313,LiBOB,LiBOB,True,0.0,LiPDI,1.0819930683696648,1.0819930683696648
10314,LiBOB,LiBOB,True,0.0,LiPDI,1.0819930683696648,1.0819930683696648
10315,LiBOB,LiBOB,True,0.0,LiPDI,1.0819930683696648,1.0819930683696648
10316,LiBOB,LiBOB,True,0.0,LiPDI,1.0819930683696648,1.0819930683696648
10317,LiBOB,LiBOB,True,0.0,LiPDI,1.0819930683696648,1.0819930683696648
10318,LiBOB,LiBOB,True,0.0,LiPDI,1.0819930683696648,1.0819930683696648
10319,LiBOB,LiBOB,True,0.0,LiPDI,1.0819930683696648,1.0819930683696648
10320,LiBOB,LiBOB,True,0.0,LiPDI,1.0819930683696648,1.0819930683696648
10321,LiBOB,LiBOB,True,0.0,LiPDI,1.0819930683696648,1.0819930683696648
10322,LiBOB,LiBOB,True,0.0,LiPDI,1.0819930683696648,1.0819930683696648
10323,LiBOB,LiBOB,True,0.0,LiPDI,1.0819930683696648,1.0819930683696648
10324,LiBOB,LiBOB,True,0.0,LiPDI,1.0819930683696648,1.0819930683696648
10325,LiBOB,LiBOB,True,0.0,LiPDI,1.0819930683696648,1.0819930683696648
10326,LiBOB,LiBOB,True,0.0,LiPDI,1.0819930683696648,1.0819930683696648
10327,LiBOB,LiBOB,True,0.0,LiPDI,1.0819930683696648,1.0819930683696648
10328,LiBOB,LiBOB,True,0.0,LiPDI,1.0819930683696648,1.0819930683696648
10329,LiBOB,LiBOB,True,0.0,LiPDI,1.0819930683696648,1.0819930683696648
10330,LiBOB,LiBOB,True,0.0,LiPDI,1.0819930683696648,1.0819930683696648
10331,LiBOB,LiBOB,True,0.0,LiPDI,1.0819930683696648,1.0819930683696648
10332,LiBOB,LiBOB,True,0.0,LiPDI,1.0819930683696648,1.0819930683696648
10333,LiBOB,LiBOB,True,0.0,LiPDI,1.0819930683696648,1.0819930683696648
10334,LiBOB,LiBOB,True,0.0,LiPDI,1.0819930683696648,1.0819930683696648
10335,LiBOB,LiBOB,True,0.0,LiPDI,1.0819930683696648,1.0819930683696648
10336,LiBOB,LiBOB,True,0.0,LiPDI,1.0819930683696648,1.0819930683696648
10337,LiBOB,LiBOB,True,0.0,LiPDI,1.0819930683696648,1.0819930683696648
10338,LiBOB,LiBOB,True,0.0,LiPDI,1.0819930683696648,1.0819930683696648
10339,LiBOB,LiBOB,True,0.0,LiPDI,1.0819930683696648,1.0819930683696648
10340,LiBOB,LiBOB,True,0.0,LiPDI,1.0819930683696648,1.0819930683696648
10341,LiBOB,LiBOB,True,0.0,LiPDI,1.0819930683696648,1.0819930683696648
10342,LiBOB,LiBOB,True,0.0,LiPDI,1.0819930683696648,1.0819930683696648
10343,LiBOB,LiBOB,True,0.0,LiPDI,1.0819930683696648,1.0819930683696648
10344,LiBOB,LiBOB,True,0.0,LiPDI,1.0819930683696648,1.0819930683696648
10345,LiBOB,LiBOB,True,0.0,LiPDI,1.0819930683696648,1.0819930683696648
10346,LiBOB,LiBOB,True,0.0,LiPDI,1.0819930683696648,1.0819930683696648
10347,LiBOB,LiBOB,True,0.0,LiPDI,1.0819930683696648,1.0819930683696648
10348,LiBOB,LiBOB,True,0.0,LiPDI,1.0819930683696648,1.0819930683696648
10349,LiBOB,LiBOB,True,0.0,LiPDI,1.0819930683696648,1.0819930683696648
10350,LiBOB,LiBOB,True,0.0,LiPDI,1.0819930683696648,1.0819930683696648
10351,LiBOB,LiBOB,True,0.0,LiPDI,1.0819930683696648,1.0819930683696648
10352,LiBOB,LiBOB,True,0.0,LiPDI,1.0819930683696648,1.0819930683696648
10353,LiBOB,LiBOB,True,0.0,LiPDI,1.0819930683696648,1.0819930683696648
10354,LiBOB,LiBOB,True,0.0,LiPDI,1.0819930683696648,1.0819930683696648
10355,LiBOB,LiBOB,True,0.0,LiPDI,1.0819930683696648,1.0819930683696648
10356,LiBOB,LiBOB,True,0.0,LiPDI,1.0819930683696648,1.0819930683696648
10357,LiBOB,LiBOB,True,0.0,LiPDI,1.0819930683696648,1.0819930683696648
10358,LiBOB,LiBOB,True,0.0,LiPDI,1.0819930683696648,1.0819930683696648
10359,LiBOB,LiBOB,True,0.0,LiPDI,1.0819930683696648,1.0819930683696648
10360,LiBOB,LiBOB,True,0.0,LiPDI,1.0819930683696648,1.0819930683696648
10361,LiBOB,LiBOB,True,0.0,LiPDI,1.0819930683696648,1.0819930683696648
10362,LiBOB,LiBOB,True,0.0,LiPDI,1.0819930683696648,1.0819930683696648
10363,LiBOB,LiBOB,True,0.0,LiPDI,1.0819930683696648,1.0819930683696648
10364,LiBOB,LiBOB,True,0.0,LiPDI,1.0819930683696648,1.0819930683696648
10365,LiBOB,LiBOB,True,0.0,LiPDI,1.0819930683696648,1.0819930683696648
10366,LiBOB,LiBOB,True,0.0,LiPDI,1.0819930683696648,1.0819930683696648
10367,LiBOB,LiBOB,True,0.0,LiPDI,1.0819930683696648,1.0819930683696648
10368,LiBOB,LiBOB,True,0.0,LiPDI,1.0819930683696648,1.0819930683696648
10369,LiBOB,LiBOB,True,0.0,LiPDI,1.0819930683696648,1.0819930683696648
10370,LiBOB,LiBOB,True,0.0,LiPDI,1.0819930683696648,1.0819930683696648
10371,LiBOB,LiBOB,True,0.0,LiPDI,1.0819930683696648,1.0819930683696648
10372,LiBOB,LiBOB,True,0.0,LiPDI,1.0819930683696648,1.0819930683696648
10373,LiBOB,LiBOB,True,0.0,LiPDI,1.0819930683696648,1.0819930683696648
10374,LiBOB,LiBOB,True,0.0,LiPDI,1.0819930683696648,1.0819930683696648
10375,LiBOB,LiBOB,True,0.0,LiPDI,1.0819930683696648,1.0819930683696648
10376,LiBOB,LiBOB,True,0.0,LiPDI,1.0819930683696648,1.0819930683696648
10377,LiBOB,LiBOB,True,0.0,LiPDI,1.0819930683696648,1.0819930683696648
10378,LiBOB,LiBOB,True,0.0,LiPDI,1.0819930683696648,1.0819930683696648
10379,LiBOB,LiBOB,True,0.0,LiPDI,1.0819930683696648,1.0819930683696648
10380,LiBOB,LiBOB,True,0.0,LiPDI,1.0819930683696648,1.0819930683696648
10381,LiBOB,LiBOB,True,0.0,LiPDI,1.0819930683696648,1.0819930683696648
10382,LiBOB,LiBOB,True,0.0,LiPDI,1.0819930683696648,1.0819930683696648
10383,LiBOB,LiBOB,True,0.0,LiPDI,1.0819930683696648,1.0819930683696648
10384,LiBOB,LiBOB,True,0.0,LiPDI,1.0819930683696648,1.0819930683696648
10385,LiBOB,LiBOB,True,0.0,LiPDI,1.0819930683696648,1.0819930683696648
10386,LiBOB,LiBOB,True,0.0,LiPDI,1.0819930683696648,1.0819930683696648
10387,LiBOB,LiBOB,True,0.0,LiPDI,1.0819930683696648,1.0819930683696648
10388,LiBOB,LiBOB,True,0.0,LiPDI,1.0819930683696648,1.0819930683696648
10389,LiBOB,LiBOB,True,0.0,LiPDI,1.0819930683696648,1.0819930683696648
10390,LiBOB,LiBOB,True,0.0,LiPDI,1.0819930683696648,1.0819930683696648
10391,LiBOB,LiBOB,True,0.0,LiPDI,1.0819930683696648,1.0819930683696648
10392,LiBOB,LiBOB,True,0.0,LiPDI,1.0819930683696648,1.0819930683696648
10393,LiBOB,LiBOB,True,0.0,LiPDI,1.0819930683696648,1.0819930683696648
10394,LiBOB,LiBOB,True,0.0,LiPDI,1.0819930683696648,1.0819930683696648
10395,LiBOB,LiBOB,True,0.0,LiPDI,1.0819930683696648,1.0819930683696648
10396,LiBOB,LiBOB,True,0.0,LiPDI,1.0819930683696648,1.0819930683696648
10397,LiBOB,LiBOB,True,0.0,LiPDI,1.0819930683696648,1.0819930683696648
10398,LiBOB,LiBOB,True,0.0,LiPDI,1.0819930683696648,1.0819930683696648
10399,LiBOB,LiBOB,True,0.0,LiPDI,1.0819930683696648,1.0819930683696648
10400,LiBOB,LiBOB,True,0.0,LiPDI,1.0819930683696648,1.0819930683696648
10401,LiBOB,LiBOB,True,0.0,LiPDI,1.0819930683696648,1.0819930683696648
10402,LiBOB,LiBOB,True,0.0,LiPDI,1.0819930683696648,1.0819930683696648
10403,LiBOB,LiBOB,True,0.0,LiPDI,1.0819930683696648,1.0819930683696648
10404,LiBOB,LiBOB,True,0.0,LiPDI,1.0819930683696648,1.0819930683696648
10405,LiBOB,LiBOB,True,0.0,LiPDI,1.0819930683696648,1.0819930683696648
10406,LiBOB,LiBOB,True,0.0,LiPDI,1.0819930683696648,1.0819930683696648
10407,LiBOB,LiBOB,True,0.0,LiPDI,1.0819930683696648,1.0819930683696648
10408,LiBOB,LiBOB,True,0.0,LiPDI,1.0819930683696648,1.0819930683696648
10409,LiBOB,LiBOB,True,0.0,LiPDI,1.0819930683696648,1.0819930683696648
10410,LiBOB,LiBOB,True,0.0,LiPDI,1.0819930683696648,1.0819930683696648
10411,LiBOB,LiBOB,True,0.0,LiPDI,1.0819930683696648,1.0819930683696648
10412,LiBOB,LiBOB,True,0.0,LiPDI,1.0819930683696648,1.0819930683696648
10413,LiBOB,LiBOB,True,0.0,LiPDI,1.0819930683696648,1.0819930683696648
10414,LiBOB,LiBOB,True,0.0,LiPDI,1.0819930683696648,1.0819930683696648
10415,LiBOB,LiBOB,True,0.0,LiPDI,1.0819930683696648,1.0819930683696648
10416,LiBOB,LiBOB,True,0.0,LiPDI,1.0819930683696648,1.0819930683696648
10417,LiBOB,LiBOB,True,0.0,LiPDI,1.0819930683696648,1.0819930683696648
10418,LiBOB,LiBOB,True,0.0,LiPDI,1.0819930683696648,1.0819930683696648
10419,LiBOB,LiBOB,True,0.0,LiPDI,1.0819930683696648,1.0819930683696648
10420,LiBOB,LiBOB,True,0.0,LiPDI,1.0819930683696648,1.0819930683696648
10421,LiBOB,LiBOB,True,0.0,LiPDI,1.0819930683696648,1.0819930683696648
10422,LiBOB,LiBOB,True,0.0,LiPDI,1.0819930683696648,1.0819930683696648
10423,LiBOB,LiBOB,True,0.0,LiPDI,1.0819930683696648,1.0819930683696648
10424,LiBOB,LiBOB,True,0.0,LiPDI,1.0819930683696648,1.0819930683696648
10425,LiBOB,LiBOB,True,0.0,LiPDI,1.0819930683696648,1.0819930683696648
10426,LiBOB,LiBOB,True,0.0,LiPDI,1.0819930683696648,1.0819930683696648
10427,LiBOB,LiBOB,True,0.0,LiPDI,1.0819930683696648,1.0819930683696648
10428,LiBOB,LiBOB,True,0.0,LiPDI,1.0819930683696648,1.0819930683696648
10429,LiBOB,LiBOB,True,0.0,LiPDI,1.0819930683696648,1.0819930683696648
10430,LiBOB,LiBOB,True,0.0,LiPDI,1.0819930683696648,1.0819930683696648
10431,LiBOB,LiBOB,True,0.0,LiPDI,1.0819930683696648,1.0819930683696648
10432,LiBOB,LiBOB,True,0.0,LiPDI,1.0819930683696648,1.0819930683696648
10433,LiBOB,LiBOB,True,0.0,LiPDI,1.0819930683696648,1.0819930683696648
10434,LiBOB,LiBOB,True,0.0,LiPDI,1.0819930683696648,1.0819930683696648
10435,LiBOB,LiBOB,True,0.0,LiPDI,1.0819930683696648,1.0819930683696648
10436,LiBOB,LiBOB,True,0.0,LiPDI,1.0819930683696648,1.0819930683696648
10437,LiBOB,LiBOB,True,0.0,LiPDI,1.0819930683696648,1.0819930683696648
10438,LiBOB,LiBOB,True,0.0,LiPDI,1.0819930683696648,1.0819930683696648
10439,LiBOB,LiBOB,True,0.0,LiPDI,1.0819930683696648,1.0819930683696648
10440,LiBOB,LiBOB,True,0.0,LiPDI,1.0819930683696648,1.0819930683696648
10441,LiBOB,LiBOB,True,0.0,LiPDI,1.0819930683696648,1.0819930683696648
10442,LiBOB,LiBOB,True,0.0,LiPDI,1.0819930683696648,1.0819930683696648
10443,LiBOB,LiBOB,True,0.0,LiPDI,1.0819930683696648,1.0819930683696648
10444,LiBOB,LiBOB,True,0.0,LiPDI,1.0819930683696648,1.0819930683696648
10445,LiBOB,LiBOB,True,0.0,LiPDI,1.0819930683696648,1.0819930683696648
10446,LiBOB,LiBOB,True,0.0,LiPDI,1.0819930683696648,1.0819930683696648
10447,LiBOB,LiBOB,True,0.0,LiPDI,1.0819930683696648,1.0819930683696648
10448,LiBOB,LiBOB,True,0.0,LiPDI,1.0819930683696648,1.0819930683696648
10449,LiBOB,LiBOB,True,0.0,LiPDI,1.0819930683696648,1.0819930683696648
10450,LiBOB,LiBOB,True,0.0,LiPDI,1.0819930683696648,1.0819930683696648
10451,LiBOB,LiBOB,True,0.0,LiPDI,1.0819930683696648,1.0819930683696648
10452,LiBOB,LiBOB,True,0.0,LiPDI,1.0819930683696648,1.0819930683696648
10453,LiBOB,LiBOB,True,0.0,LiPDI,1.0819930683696648,1.0819930683696648
10454,LiBOB,LiBOB,True,0.0,LiPDI,1.0819930683696648,1.0819930683696648
10455,LiBOB,LiBOB,True,0.0,LiPDI,1.0819930683696648,1.0819930683696648
10456,LiBOB,LiBOB,True,0.0,LiPDI,1.0819930683696648,1.0819930683696648
10457,LiBOB,LiBOB,True,0.0,LiPDI,1.0819930683696648,1.0819930683696648
10458,LiBOB,LiBOB,True,0.0,LiPDI,1.0819930683696648,1.0819930683696648
10459,LiBOB,LiBOB,True,0.0,LiPDI,1.0819930683696648,1.0819930683696648
10460,LiBOB,LiBOB,True,0.0,LiPDI,1.0819930683696648,1.0819930683696648
10461,LiBOB,LiBOB,True,0.0,LiPDI,1.0819930683696648,1.0819930683696648
10462,LiBOB,LiBOB,True,0.0,LiPDI,1.0819930683696648,1.0819930683696648
10463,LiBOB,LiBOB,True,0.0,LiPDI,1.0819930683696648,1.0819930683696648
10464,LiBOB,LiBOB,True,0.0,LiPDI,1.0819930683696648,1.0819930683696648
10465,LiBOB,LiBOB,True,0.0,LiPDI,1.0819930683696648,1.0819930683696648
10466,LiBOB,LiBOB,True,0.0,LiPDI,1.0819930683696648,1.0819930683696648
10467,LiBOB,LiBOB,True,0.0,LiPDI,1.0819930683696648,1.0819930683696648
10468,LiBOB,LiBOB,True,0.0,LiPDI,1.0819930683696648,1.0819930683696648
10469,LiBOB,LiBOB,True,0.0,LiPDI,1.0819930683696648,1.0819930683696648
10470,LiBOB,LiBOB,True,0.0,LiPDI,1.0819930683696648,1.0819930683696648
10471,LiBOB,LiBOB,True,0.0,LiPDI,1.0819930683696648,1.0819930683696648
10472,LiBOB,LiBOB,True,0.0,LiPDI,1.0819930683696648,1.0819930683696648
10473,LiBOB,LiBOB,True,0.0,LiPDI,1.0819930683696648,1.0819930683696648
10474,LiBOB,LiBOB,True,0.0,LiPDI,1.0819930683696648,1.0819930683696648
10475,LiBOB,LiBOB,True,0.0,LiPDI,1.0819930683696648,1.0819930683696648
10476,LiBOB,LiBOB,True,0.0,LiPDI,1.0819930683696648,1.0819930683696648
10477,LiBOB,LiBOB,True,0.0,LiPDI,1.0819930683696648,1.0819930683696648
10478,LiBOB,LiBOB,True,0.0,LiPDI,1.0819930683696648,1.0819930683696648
10479,LiBOB,LiBOB,True,0.0,LiPDI,1.0819930683696648,1.0819930683696648
10480,LiBOB,LiBOB,True,0.0,LiPDI,1.0819930683696648,1.0819930683696648
10481,LiBOB,LiBOB,True,0.0,LiPDI,1.0819930683696648,1.0819930683696648
10482,LiBOB,LiBOB,True,0.0,LiPDI,1.0819930683696648,1.0819930683696648
10483,LiBOB,LiBOB,True,0.0,LiPDI,1.0819930683696648,1.0819930683696648
10484,LiBOB,LiBOB,True,0.0,LiPDI,1.0819930683696648,1.0819930683696648
10485,LiBOB,LiBOB,True,0.0,LiPDI,1.0819930683696648,1.0819930683696648
10486,LiBOB,LiBOB,True,0.0,LiPDI,1.0819930683696648,1.0819930683696648
10487,LiBOB,LiBOB,True,0.0,LiPDI,1.0819930683696648,1.0819930683696648
10488,LiBOB,LiBOB,True,0.0,LiPDI,1.0819930683696648,1.0819930683696648
10489,LiBOB,LiBOB,True,0.0,LiPDI,1.0819930683696648,1.0819930683696648
10490,LiBOB,LiBOB,True,0.0,LiPDI,1.0819930683696648,1.0819930683696648
10491,LiBOB,LiBOB,True,0.0,LiPDI,1.0819930683696648,1.0819930683696648
10492,LiBOB,LiBOB,True,0.0,LiPDI,1.0819930683696648,1.0819930683696648
10493,LiBOB,LiBOB,True,0.0,LiPDI,1.0819930683696648,1.0819930683696648
10494,LiBOB,LiBOB,True,0.0,LiPDI,1.0819930683696648,1.0819930683696648
10495,LiBOB,LiBOB,True,0.0,LiPDI,1.0819930683696648,1.0819930683696648
10496,LiBOB,LiBOB,True,0.0,LiPDI,1.0819930683696648,1.0819930683696648
10497,LiBOB,LiBOB,True,0.0,LiPDI,1.0819930683696648,1.0819930683696648
10498,LiBOB,LiBOB,True,0.0,LiPDI,1.0819930683696648,1.0819930683696648
10499,LiBOB,LiBOB,True,0.0,LiPDI,1.0819930683696648,1.0819930683696648
10500,LiBOB,LiBOB,True,0.0,LiPDI,1.0819930683696648,1.0819930683696648
10501,LiBOB,LiBOB,True,0.0,LiPDI,1.0819930683696648,1.0819930683696648
10502,LiBOB,LiBOB,True,0.0,LiPDI,1.0819930683696648,1.0819930683696648
10503,LiBOB,LiBOB,True,0.0,LiPDI,1.0819930683696648,1.0819930683696648
10504,LiBOB,LiBOB,True,0.0,LiPDI,1.0819930683696648,1.0819930683696648
10505,LiBOB,LiBOB,True,0.0,LiPDI,1.0819930683696648,1.0819930683696648
10506,LiBOB,LiBOB,True,0.0,LiPDI,1.0819930683696648,1.0819930683696648
10507,LiBOB,LiBOB,True,0.0,LiPDI,1.0819930683696648,1.0819930683696648
10508,LiBOB,LiBOB,True,0.0,LiPDI,1.0819930683696648,1.0819930683696648
10509,LiBOB,LiBOB,True,0.0,LiPDI,1.0819930683696648,1.0819930683696648
10510,LiBOB,LiBOB,True,0.0,LiPDI,1.0819930683696648,1.0819930683696648
10511,LiBOB,LiBOB,True,0.0,LiPDI,1.0819930683696648,1.0819930683696648
10512,LiBOB,LiBOB,True,0.0,LiPDI,1.0819930683696648,1.0819930683696648
10513,LiBOB,LiBOB,True,0.0,LiPDI,1.0819930683696648,1.0819930683696648
10514,LiBOB,LiBOB,True,0.0,LiPDI,1.0819930683696648,1.0819930683696648
10515,LiBOB,LiBOB,True,0.0,LiPDI,1.0819930683696648,1.0819930683696648
10516,LiBOB,LiBOB,True,0.0,LiPDI,1.0819930683696648,1.0819930683696648
10517,LiBOB,LiBOB,True,0.0,LiPDI,1.0819930683696648,1.0819930683696648
10518,LiBOB,LiBOB,True,0.0,LiPDI,1.0819930683696648,1.0819930683696648
10519,LiBOB,LiBOB,True,0.0,LiPDI,1.0819930683696648,1.0819930683696648
10520,LiBOB,LiBOB,True,0.0,LiPDI,1.0819930683696648,1.0819930683696648
10521,LiBOB,LiBOB,True,0.0,LiPDI,1.0819930683696648,1.0819930683696648
10522,LiBOB,LiBOB,True,0.0,LiPDI,1.0819930683696648,1.0819930683696648
10523,LiBOB,LiBOB,True,0.0,LiPDI,1.0819930683696648,1.0819930683696648
10524,LiBOB,LiBOB,True,0.0,LiPDI,1.0819930683696648,1.0819930683696648
10525,LiBOB,LiBOB,True,0.0,LiPDI,1.0819930683696648,1.0819930683696648
10526,LiBOB,LiBOB,True,0.0,LiPDI,1.0819930683696648,1.0819930683696648
10527,LiBOB,LiBOB,True,0.0,LiPDI,1.0819930683696648,1.0819930683696648
10528,LiBOB,LiBOB,True,0.0,LiPDI,1.0819930683696648,1.0819930683696648
10529,LiBOB,LiBOB,True,0.0,LiPDI,1.0819930683696648,1.0819930683696648
10530,LiBOB,LiBOB,True,0.0,LiPDI,1.0819930683696648,1.0819930683696648
10531,LiBOB,LiBOB,True,0.0,LiPDI,1.0819930683696648,1.0819930683696648
10532,LiBOB,LiBOB,True,0.0,LiPDI,1.0819930683696648,1.0819930683696648
10533,LiBOB,LiBOB,True,0.0,LiPDI,1.0819930683696648,1.0819930683696648
10534,LiBOB,LiBOB,True,0.0,LiPDI,1.0819930683696648,1.0819930683696648
10535,LiBOB,LiBOB,True,0.0,LiPDI,1.0819930683696648,1.0819930683696648
10536,LiBOB,LiBOB,True,0.0,LiPDI,1.0819930683696648,1.0819930683696648
10537,LiBOB,LiBOB,True,0.0,LiPDI,1.0819930683696648,1.0819930683696648
10538,LiBOB,LiBOB,True,0.0,LiPDI,1.0819930683696648,1.0819930683696648
10539,LiBOB,LiBOB,True,0.0,LiPDI,1.0819930683696648,1.0819930683696648
10540,LiBOB,LiBOB,True,0.0,LiPDI,1.0819930683696648,1.0819930683696648
10541,LiBOB,LiBOB,True,0.0,LiPDI,1.0819930683696648,1.0819930683696648
10542,LiBOB,LiBOB,True,0.0,LiPDI,1.0819930683696648,1.0819930683696648
10543,LiBOB,LiBOB,True,0.0,LiPDI,1.0819930683696648,1.0819930683696648
10544,LiBOB,LiBOB,True,0.0,LiPDI,1.0819930683696648,1.0819930683696648
10545,LiBOB,LiBOB,True,0.0,LiPDI,1.0819930683696648,1.0819930683696648
10546,LiBOB,LiBOB,True,0.0,LiPDI,1.0819930683696648,1.0819930683696648
10547,LiBOB,LiBOB,True,0.0,LiPDI,1.0819930683696648,1.0819930683696648
10548,LiBOB,LiBOB,True,0.0,LiPDI,1.0819930683696648,1.0819930683696648
10549,LiBOB,LiBOB,True,0.0,LiPDI,1.0819930683696648,1.0819930683696648
10550,LiBOB,LiBOB,True,0.0,LiPDI,1.0819930683696648,1.0819930683696648
10551,LiBOB,LiBOB,True,0.0,LiPDI,1.0819930683696648,1.0819930683696648
10552,LiBOB,LiBOB,True,0.0,LiPDI,1.0819930683696648,1.0819930683696648
10553,LiBOB,LiBOB,True,0.0,LiPDI,1.0819930683696648,1.0819930683696648
10554,LiBOB,LiBOB,True,0.0,LiPDI,1.0819930683696648,1.0819930683696648
10555,LiBOB,LiBOB,True,0.0,LiPDI,1.0819930683696648,1.0819930683696648
10556,LiBOB,LiBOB,True,0.0,LiPDI,1.0819930683696648,1.0819930683696648
10557,LiBOB,LiBOB,True,0.0,LiPDI,1.0819930683696648,1.0819930683696648
10558,LiBOB,LiBOB,True,0.0,LiPDI,1.0819930683696648,1.0819930683696648
10559,LiBOB,LiBOB,True,0.0,LiPDI,1.0819930683696648,1.0819930683696648
10560,LiBOB,LiBOB,True,0.0,LiPDI,1.0819930683696648,1.0819930683696648
10561,LiBOB,LiBOB,True,0.0,LiPDI,1.0819930683696648,1.0819930683696648
10562,LiBOB,LiBOB,True,0.0,LiPDI,1.0819930683696648,1.0819930683696648
10563,LiBOB,LiBOB,True,0.0,LiPDI,1.0819930683696648,1.0819930683696648
10564,LiBOB,LiBOB,True,0.0,LiPDI,1.0819930683696648,1.0819930683696648
10565,LiBOB,LiBOB,True,0.0,LiPDI,1.0819930683696648,1.0819930683696648
10566,LiBOB,LiBOB,True,0.0,LiPDI,1.0819930683696648,1.0819930683696648
10567,LiBOB,LiBOB,True,0.0,LiPDI,1.0819930683696648,1.0819930683696648
10568,LiBOB,LiBOB,True,0.0,LiPDI,1.0819930683696648,1.0819930683696648
10569,LiBOB,LiBOB,True,0.0,LiPDI,1.0819930683696648,1.0819930683696648
10570,LiBOB,LiBOB,True,0.0,LiPDI,1.0819930683696648,1.0819930683696648
10571,LiBOB,LiBOB,True,0.0,LiPDI,1.0819930683696648,1.0819930683696648
10572,LiBOB,LiBOB,True,0.0,LiPDI,1.0819930683696648,1.0819930683696648
10573,LiBOB,LiBOB,True,0.0,LiPDI,1.0819930683696648,1.0819930683696648
10574,LiBOB,LiBOB,True,0.0,LiPDI,1.0819930683696648,1.0819930683696648
10575,LiBOB,LiBOB,True,0.0,LiPDI,1.0819930683696648,1.0819930683696648
10576,LiBOB,LiBOB,True,0.0,LiPDI,1.0819930683696648,1.0819930683696648
10577,LiBOB,LiBOB,True,0.0,LiPDI,1.0819930683696648,1.0819930683696648
10578,LiBOB,LiBOB,True,0.0,LiPDI,1.0819930683696648,1.0819930683696648
10579,LiBOB,LiBOB,True,0.0,LiPDI,1.0819930683696648,1.0819930683696648
10580,LiBOB,LiBOB,True,0.0,LiPDI,1.0819930683696648,1.0819930683696648
10581,LiBOB,LiBOB,True,0.0,LiPDI,1.0819930683696648,1.0819930683696648
10582,LiBOB,LiBOB,True,0.0,LiPDI,1.0819930683696648,1.0819930683696648
10583,LiBOB,LiBOB,True,0.0,LiPDI,1.0819930683696648,1.0819930683696648
10584,LiBOB,LiBOB,True,0.0,LiPDI,1.0819930683696648,1.0819930683696648
10585,LiBOB,LiBOB,True,0.0,LiPDI,1.0819930683696648,1.0819930683696648
10586,LiBOB,LiBOB,True,0.0,LiPDI,1.0819930683696648,1.0819930683696648
10587,LiBOB,LiBOB,True,0.0,LiPDI,1.0819930683696648,1.0819930683696648
10588,LiBOB,LiBOB,True,0.0,LiPDI,1.0819930683696648,1.0819930683696648
10589,LiBOB,LiBOB,True,0.0,LiPDI,1.0819930683696648,1.0819930683696648
10590,LiBOB,LiBOB,True,0.0,LiPDI,1.0819930683696648,1.0819930683696648
10591,LiBOB,LiBOB,True,0.0,LiPDI,1.0819930683696648,1.0819930683696648
10592,LiBOB,LiBOB,True,0.0,LiPDI,1.0819930683696648,1.0819930683696648
10593,LiBOB,LiBOB,True,0.0,LiPDI,1.0819930683696648,1.0819930683696648
10594,LiBOB,LiBOB,True,0.0,LiPDI,1.0819930683696648,1.0819930683696648
10595,LiBOB,LiBOB,True,0.0,LiPDI,1.0819930683696648,1.0819930683696648
10596,LiBOB,LiBOB,True,0.0,LiPDI,1.0819930683696648,1.0819930683696648
10597,LiBOB,LiBOB,True,0.0,LiPDI,1.0819930683696648,1.0819930683696648
10598,LiBOB,LiBOB,True,0.0,LiPDI,1.0819930683696648,1.0819930683696648
10599,LiBOB,LiBOB,True,0.0,LiPDI,1.0819930683696648,1.0819930683696648
10600,LiBOB,LiBOB,True,0.0,LiPDI,1.0819930683696648,1.0819930683696648
10601,LiBOB,LiBOB,True,0.0,LiPDI,1.0819930683696648,1.0819930683696648
10602,LiBOB,LiBOB,True,0.0,LiPDI,1.0819930683696648,1.0819930683696648
10603,LiBOB,LiBOB,True,0.0,LiPDI,1.0819930683696648,1.0819930683696648
10604,LiBOB,LiBOB,True,0.0,LiPDI,1.0819930683696648,1.0819930683696648
10605,LiBOB,LiBOB,True,0.0,LiPDI,1.0819930683696648,1.0819930683696648
10606,LiBOB,LiBOB,True,0.0,LiPDI,1.0819930683696648,1.0819930683696648
10607,LiBOB,LiBOB,True,0.0,LiPDI,1.0819930683696648,1.0819930683696648
10608,LiBOB,LiBOB,True,0.0,LiPDI,1.0819930683696648,1.0819930683696648
10609,LiBOB,LiBOB,True,0.0,LiPDI,1.0819930683696648,1.0819930683696648
10610,LiBOB,LiBOB,True,0.0,LiPDI,1.0819930683696648,1.0819930683696648
10611,LiBOB,LiBOB,True,0.0,LiPDI,1.0819930683696648,1.0819930683696648
10612,LiBOB,LiBOB,True,0.0,LiPDI,1.0819930683696648,1.0819930683696648
10613,LiBOB,LiBOB,True,0.0,LiPDI,1.0819930683696648,1.0819930683696648
10614,LiBOB,LiBOB,True,0.0,LiPDI,1.0819930683696648,1.0819930683696648
10615,LiBOB,LiBOB,True,0.0,LiPDI,1.0819930683696648,1.0819930683696648
10616,LiBOB,LiBOB,True,0.0,LiPDI,1.0819930683696648,1.0819930683696648
10617,LiBOB,LiBOB,True,0.0,LiPDI,1.0819930683696648,1.0819930683696648
10618,LiBOB,LiBOB,True,0.0,LiPDI,1.0819930683696648,1.0819930683696648
10619,LiBOB,LiBOB,True,0.0,LiPDI,1.0819930683696648,1.0819930683696648
10620,LiBOB,LiBOB,True,0.0,LiPDI,1.0819930683696648,1.0819930683696648
10621,LiBOB,LiBOB,True,0.0,LiPDI,1.0819930683696648,1.0819930683696648
10622,LiBOB,LiBOB,True,0.0,LiPDI,1.0819930683696648,1.0819930683696648
10623,LiBOB,LiBOB,True,0.0,LiPDI,1.0819930683696648,1.0819930683696648
10624,LiBOB,LiBOB,True,0.0,LiPDI,1.0819930683696648,1.0819930683696648
10625,LiBOB,LiBOB,True,0.0,LiPDI,1.0819930683696648,1.0819930683696648
10626,LiBOB,LiBOB,True,0.0,LiPDI,1.0819930683696648,1.0819930683696648
10627,LiBOB,LiBOB,True,0.0,LiPDI,1.0819930683696648,1.0819930683696648
10628,LiBOB,LiBOB,True,0.0,LiPDI,1.0819930683696648,1.0819930683696648
10629,LiBOB,LiBOB,True,0.0,LiPDI,1.0819930683696648,1.0819930683696648
10630,LiBOB,LiBOB,True,0.0,LiPDI,1.0819930683696648,1.0819930683696648
10631,LiBOB,LiBOB,True,0.0,LiPDI,1.0819930683696648,1.0819930683696648
10632,LiBOB,LiBOB,True,0.0,LiPDI,1.0819930683696648,1.0819930683696648
10633,LiBOB,LiBOB,True,0.0,LiPDI,1.0819930683696648,1.0819930683696648
10634,LiBOB,LiBOB,True,0.0,LiPDI,1.0819930683696648,1.0819930683696648
10635,LiBOB,LiBOB,True,0.0,LiPDI,1.0819930683696648,1.0819930683696648
10636,LiBOB,LiBOB,True,0.0,LiPDI,1.0819930683696648,1.0819930683696648
10637,LiBOB,LiBOB,True,0.0,LiPDI,1.0819930683696648,1.0819930683696648
10638,LiBOB,LiBOB,True,0.0,LiPDI,1.0819930683696648,1.0819930683696648
10639,LiBOB,LiBOB,True,0.0,LiPDI,1.0819930683696648,1.0819930683696648
10640,LiBOB,LiBOB,True,0.0,LiPDI,1.0819930683696648,1.0819930683696648
10641,LiBOB,LiBOB,True,0.0,LiPDI,1.0819930683696648,1.0819930683696648
10642,LiBOB,LiBOB,True,0.0,LiPDI,1.0819930683696648,1.0819930683696648
10643,LiBOB,LiBOB,True,0.0,LiPDI,1.0819930683696648,1.0819930683696648
10644,LiBOB,LiBOB,True,0.0,LiPDI,1.0819930683696648,1.0819930683696648
10645,LiBOB,LiBOB,True,0.0,LiPDI,1.0819930683696648,1.0819930683696648
10646,LiBOB,LiBOB,True,0.0,LiPDI,1.0819930683696648,1.0819930683696648
10647,LiBOB,LiBOB,True,0.0,LiPDI,1.0819930683696648,1.0819930683696648
10648,LiBOB,LiBOB,True,0.0,LiPDI,1.0819930683696648,1.0819930683696648
10649,LiBOB,LiBOB,True,0.0,LiPDI,1.0819930683696648,1.0819930683696648
10650,LiBOB,LiBOB,True,0.0,LiPDI,1.0819930683696648,1.0819930683696648
10651,LiBOB,LiBOB,True,0.0,LiPDI,1.0819930683696648,1.0819930683696648
10652,LiBOB,LiBOB,True,0.0,LiPDI,1.0819930683696648,1.0819930683696648
10653,LiBOB,LiBOB,True,0.0,LiPDI,1.0819930683696648,1.0819930683696648
10654,LiBOB,LiBOB,True,0.0,LiPDI,1.0819930683696648,1.0819930683696648
10655,LiBOB,LiBOB,True,0.0,LiPDI,1.0819930683696648,1.0819930683696648
10656,LiBOB,LiBOB,True,0.0,LiPDI,1.0819930683696648,1.0819930683696648
10657,LiBOB,LiBOB,True,0.0,LiPDI,1.0819930683696648,1.0819930683696648
10658,LiBOB,LiBOB,True,0.0,LiPDI,1.0819930683696648,1.0819930683696648
10659,LiBOB,LiBOB,True,0.0,LiPDI,1.0819930683696648,1.0819930683696648
10660,LiBOB,LiBOB,True,0.0,LiPDI,1.0819930683696648,1.0819930683696648
10661,LiBOB,LiBOB,True,0.0,LiPDI,1.0819930683696648,1.0819930683696648
10662,LiBOB,LiBOB,True,0.0,LiPDI,1.0819930683696648,1.0819930683696648
10663,LiBOB,LiBOB,True,0.0,LiPDI,1.0819930683696648,1.0819930683696648
10664,LiBOB,LiBOB,True,0.0,LiPDI,1.0819930683696648,1.0819930683696648
10665,LiBOB,LiBOB,True,0.0,LiPDI,1.0819930683696648,1.0819930683696648
10666,LiBOB,LiBOB,True,0.0,LiPDI,1.0819930683696648,1.0819930683696648
10667,LiBOB,LiBOB,True,0.0,LiPDI,1.0819930683696648,1.0819930683696648
10668,LiBOB,LiBOB,True,0.0,LiPDI,1.0819930683696648,1.0819930683696648
10669,LiBOB,LiBOB,True,0.0,LiPDI,1.0819930683696648,1.0819930683696648
10670,LiBOB,LiBOB,True,0.0,LiPDI,1.0819930683696648,1.0819930683696648
10671,LiBOB,LiBOB,True,0.0,LiPDI,1.0819930683696648,1.0819930683696648
10672,LiBOB,LiBOB,True,0.0,LiPDI,1.0819930683696648,1.0819930683696648
10673,LiBOB,LiBOB,True,0.0,LiPDI,1.0819930683696648,1.0819930683696648
10674,LiBOB,LiBOB,True,0.0,LiPDI,1.0819930683696648,1.0819930683696648
10675,LiBOB,LiBOB,True,0.0,LiPDI,1.0819930683696648,1.0819930683696648
10676,LiBOB,LiBOB,True,0.0,LiPDI,1.0819930683696648,1.0819930683696648
10677,LiBOB,LiBOB,True,0.0,LiPDI,1.0819930683696648,1.0819930683696648
10678,LiBOB,LiBOB,True,0.0,LiPDI,1.0819930683696648,1.0819930683696648
10679,LiBOB,LiBOB,True,0.0,LiPDI,1.0819930683696648,1.0819930683696648
10680,LiBOB,LiBOB,True,0.0,LiPDI,1.0819930683696648,1.0819930683696648
10681,LiBOB,LiBOB,True,0.0,LiPDI,1.0819930683696648,1.0819930683696648
10682,LiBOB,LiBOB,True,0.0,LiPDI,1.0819930683696648,1.0819930683696648
10683,LiBOB,LiBOB,True,0.0,LiPDI,1.0819930683696648,1.0819930683696648
10684,LiBOB,LiBOB,True,0.0,LiPDI,1.0819930683696648,1.0819930683696648
10685,LiBOB,LiBOB,True,0.0,LiPDI,1.0819930683696648,1.0819930683696648
10686,LiBOB,LiBOB,True,0.0,LiPDI,1.0819930683696648,1.0819930683696648
10687,LiBOB,LiBOB,True,0.0,LiPDI,1.0819930683696648,1.0819930683696648
10688,LiBOB,LiBOB,True,0.0,LiPDI,1.0819930683696648,1.0819930683696648
10689,LiBOB,LiBOB,True,0.0,LiPDI,1.0819930683696648,1.0819930683696648
10690,LiBOB,LiBOB,True,0.0,LiPDI,1.0819930683696648,1.0819930683696648
10691,LiBOB,LiBOB,True,0.0,LiPDI,1.0819930683696648,1.0819930683696648
10692,LiBOB,LiBOB,True,0.0,LiPDI,1.0819930683696648,1.0819930683696648
10693,LiBOB,LiBOB,True,0.0,LiPDI,1.0819930683696648,1.0819930683696648
10694,LiBOB,LiBOB,True,0.0,LiPDI,1.0819930683696648,1.0819930683696648
10695,LiBOB,LiBOB,True,0.0,LiPDI,1.0819930683696648,1.0819930683696648
10696,LiBOB,LiBOB,True,0.0,LiPDI,1.0819930683696648,1.0819930683696648
10697,LiBOB,LiBOB,True,0.0,LiPDI,1.0819930683696648,1.0819930683696648
10698,LiBOB,LiBOB,True,0.0,LiPDI,1.0819930683696648,1.0819930683696648
10699,LiBOB,LiBOB,True,0.0,LiPDI,1.0819930683696648,1.0819930683696648
10700,LiBOB,LiBOB,True,0.0,LiPDI,1.0819930683696648,1.0819930683696648
10701,LiBOB,LiBOB,True,0.0,LiPDI,1.0819930683696648,1.0819930683696648
10702,LiBOB,LiBOB,True,0.0,LiPDI,1.0819930683696648,1.0819930683696648
10703,LiBOB,LiBOB,True,0.0,LiPDI,1.0819930683696648,1.0819930683696648
10704,LiBOB,LiBOB,True,0.0,LiPDI,1.0819930683696648,1.0819930683696648
10705,LiBOB,LiBOB,True,0.0,LiPDI,1.0819930683696648,1.0819930683696648
10706,LiBOB,LiBOB,True,0.0,LiPDI,1.0819930683696648,1.0819930683696648
10707,LiBOB,LiBOB,True,0.0,LiPDI,1.0819930683696648,1.0819930683696648
10708,LiBOB,LiBOB,True,0.0,LiPDI,1.0819930683696648,1.0819930683696648
10709,LiBOB,LiBOB,True,0.0,LiPDI,1.0819930683696648,1.0819930683696648
10710,LiBOB,LiBOB,True,0.0,LiPDI,1.0819930683696648,1.0819930683696648
10711,LiBOB,LiBOB,True,0.0,LiPDI,1.0819930683696648,1.0819930683696648
10712,LiBOB,LiBOB,True,0.0,LiPDI,1.0819930683696648,1.0819930683696648
10713,LiBOB,LiBOB,True,0.0,LiPDI,1.0819930683696648,1.0819930683696648
10714,LiBOB,LiBOB,True,0.0,LiPDI,1.0819930683696648,1.0819930683696648
10715,LiBOB,LiBOB,True,0.0,LiPDI,1.0819930683696648,1.0819930683696648
10716,LiBOB,LiBOB,True,0.0,LiPDI,1.0819930683696648,1.0819930683696648
10717,LiBOB,LiBOB,True,0.0,LiPDI,1.0819930683696648,1.0819930683696648
10718,LiBOB,LiBOB,True,0.0,LiPDI,1.0819930683696648,1.0819930683696648
10719,LiBOB,LiBOB,True,0.0,LiPDI,1.0819930683696648,1.0819930683696648
10720,LiBOB,LiBOB,True,0.0,LiPDI,1.0819930683696648,1.0819930683696648
10721,LiBOB,LiBOB,True,0.0,LiPDI,1.0819930683696648,1.0819930683696648
10722,LiBOB,LiBOB,True,0.0,LiPDI,1.0819930683696648,1.0819930683696648
10723,LiBOB,LiBOB,True,0.0,LiPDI,1.0819930683696648,1.0819930683696648
10724,LiBOB,LiBOB,True,0.0,LiPDI,1.0819930683696648,1.0819930683696648
10725,LiBOB,LiBOB,True,0.0,LiPDI,1.0819930683696648,1.0819930683696648
10726,LiBOB,LiBOB,True,0.0,LiPDI,1.0819930683696648,1.0819930683696648
10727,LiBOB,LiBOB,True,0.0,LiPDI,1.0819930683696648,1.0819930683696648
10728,LiBOB,LiBOB,True,0.0,LiPDI,1.0819930683696648,1.0819930683696648
10729,LiBOB,LiBOB,True,0.0,LiPDI,1.0819930683696648,1.0819930683696648
10730,LiBOB,LiBOB,True,0.0,LiPDI,1.0819930683696648,1.0819930683696648
10731,LiBOB,LiBOB,True,0.0,LiPDI,1.0819930683696648,1.0819930683696648
10732,LiBOB,LiBOB,True,0.0,LiPDI,1.0819930683696648,1.0819930683696648
10733,LiBOB,LiBOB,True,0.0,LiPDI,1.0819930683696648,1.0819930683696648
10734,LiBOB,LiBOB,True,0.0,LiPDI,1.0819930683696648,1.0819930683696648
10735,LiBOB,LiBOB,True,0.0,LiPDI,1.0819930683696648,1.0819930683696648
10736,LiBOB,LiBOB,True,0.0,LiPDI,1.0819930683696648,1.0819930683696648
10737,LiBOB,LiBOB,True,0.0,LiPDI,1.0819930683696648,1.0819930683696648
10738,LiBOB,LiBOB,True,0.0,LiPDI,1.0819930683696648,1.0819930683696648
10739,LiBOB,LiBOB,True,0.0,LiPDI,1.0819930683696648,1.0819930683696648
10740,LiBOB,LiBOB,True,0.0,LiPDI,1.0819930683696648,1.0819930683696648
10741,LiBOB,LiBOB,True,0.0,LiPDI,1.0819930683696648,1.0819930683696648
10742,LiBOB,LiBOB,True,0.0,LiPDI,1.0819930683696648,1.0819930683696648
10743,LiBOB,LiBOB,True,0.0,LiPDI,1.0819930683696648,1.0819930683696648
10744,LiBOB,LiBOB,True,0.0,LiPDI,1.0819930683696648,1.0819930683696648
10745,LiBOB,LiBOB,True,0.0,LiPDI,1.0819930683696648,1.0819930683696648
10746,LiBOB,LiBOB,True,0.0,LiPDI,1.0819930683696648,1.0819930683696648
10747,LiBOB,LiBOB,True,0.0,LiPDI,1.0819930683696648,1.0819930683696648
10748,LiBOB,LiBOB,True,0.0,LiPDI,1.0819930683696648,1.0819930683696648
10749,LiBOB,LiBOB,True,0.0,LiPDI,1.0819930683696648,1.0819930683696648
10750,LiBOB,LiBOB,True,0.0,LiPDI,1.0819930683696648,1.0819930683696648
10751,LiBOB,LiBOB,True,0.0,LiPDI,1.0819930683696648,1.0819930683696648
10752,LiBOB,LiBOB,True,0.0,LiPDI,1.0819930683696648,1.0819930683696648
10753,LiBOB,LiBOB,True,0.0,LiPDI,1.0819930683696648,1.0819930683696648
10754,LiBOB,LiBOB,True,0.0,LiPDI,1.0819930683696648,1.0819930683696648
10755,LiBOB,LiBOB,True,0.0,LiPDI,1.0819930683696648,1.0819930683696648
10756,LiBOB,LiBOB,True,0.0,LiPDI,1.0819930683696648,1.0819930683696648
10757,LiBOB,LiBOB,True,0.0,LiPDI,1.0819930683696648,1.0819930683696648
10758,LiBOB,LiBOB,True,0.0,LiPDI,1.0819930683696648,1.0819930683696648
10759,LiBOB,LiBOB,True,0.0,LiPDI,1.0819930683696648,1.0819930683696648
10760,LiBOB,LiBOB,True,0.0,LiPDI,1.0819930683696648,1.0819930683696648
10761,LiBOB,LiBOB,True,0.0,LiPDI,1.0819930683696648,1.0819930683696648
10762,LiBOB,LiBOB,True,0.0,LiPDI,1.0819930683696648,1.0819930683696648
10763,LiBOB,LiBOB,True,0.0,LiPDI,1.0819930683696648,1.0819930683696648
10764,LiBOB,LiBOB,True,0.0,LiPDI,1.0819930683696648,1.0819930683696648
10765,LiBOB,LiBOB,True,0.0,LiPDI,1.0819930683696648,1.0819930683696648
10766,LiBOB,LiBOB,True,0.0,LiPDI,1.0819930683696648,1.0819930683696648
10767,LiBOB,LiBOB,True,0.0,LiPDI,1.0819930683696648,1.0819930683696648
10768,LiBOB,LiBOB,True,0.0,LiPDI,1.0819930683696648,1.0819930683696648
10769,LiBOB,LiBOB,True,0.0,LiPDI,1.0819930683696648,1.0819930683696648
10770,LiBOB,LiBOB,True,0.0,LiPDI,1.0819930683696648,1.0819930683696648
10771,LiBOB,LiBOB,True,0.0,LiPDI,1.0819930683696648,1.0819930683696648
10772,LiBOB,LiBOB,True,0.0,LiPDI,1.0819930683696648,1.0819930683696648
10773,LiBOB,LiBOB,True,0.0,LiPDI,1.0819930683696648,1.0819930683696648
10774,LiBOB,LiBOB,True,0.0,LiPDI,1.0819930683696648,1.0819930683696648
10775,LiBOB,LiBOB,True,0.0,LiPDI,1.0819930683696648,1.0819930683696648
10776,LiBOB,LiBOB,True,0.0,LiPDI,1.0819930683696648,1.0819930683696648
10777,LiBOB,LiBOB,True,0.0,LiPDI,1.0819930683696648,1.0819930683696648
10778,LiBOB,LiBOB,True,0.0,LiPDI,1.0819930683696648,1.0819930683696648
10779,LiBOB,LiBOB,True,0.0,LiPDI,1.0819930683696648,1.0819930683696648
10780,LiBOB,LiBOB,True,0.0,LiPDI,1.0819930683696648,1.0819930683696648
10781,LiBOB,LiBOB,True,0.0,LiPDI,1.0819930683696648,1.0819930683696648
10782,LiBOB,LiBOB,True,0.0,LiPDI,1.0819930683696648,1.0819930683696648
10783,LiBOB,LiBOB,True,0.0,LiPDI,1.0819930683696648,1.0819930683696648
10784,LiBOB,LiBOB,True,0.0,LiPDI,1.0819930683696648,1.0819930683696648
10785,LiBOB,LiBOB,True,0.0,LiPDI,1.0819930683696648,1.0819930683696648
10786,LiBOB,LiBOB,True,0.0,LiPDI,1.0819930683696648,1.0819930683696648
10787,LiBOB,LiBOB,True,0.0,LiPDI,1.0819930683696648,1.0819930683696648
10788,LiBOB,LiBOB,True,0.0,LiPDI,1.0819930683696648,1.0819930683696648
10789,LiBOB,LiBOB,True,0.0,LiPDI,1.0819930683696648,1.0819930683696648
10790,LiBOB,LiBOB,True,0.0,LiPDI,1.0819930683696648,1.0819930683696648
10791,LiBOB,LiBOB,True,0.0,LiPDI,1.0819930683696648,1.0819930683696648
10792,LiBOB,LiBOB,True,0.0,LiPDI,1.0819930683696648,1.0819930683696648
10793,LiBOB,LiBOB,True,0.0,LiPDI,1.0819930683696648,1.0819930683696648
10794,LiBOB,LiBOB,True,0.0,LiPDI,1.0819930683696648,1.0819930683696648
10795,LiBOB,LiBOB,True,0.0,LiPDI,1.0819930683696648,1.0819930683696648
10796,LiBOB,LiBOB,True,0.0,LiPDI,1.0819930683696648,1.0819930683696648
10797,LiBOB,LiBOB,True,0.0,LiPDI,1.0819930683696648,1.0819930683696648
10798,LiBOB,LiBOB,True,0.0,LiPDI,1.0819930683696648,1.0819930683696648
10799,LiBOB,LiBOB,True,0.0,LiPDI,1.0819930683696648,1.0819930683696648
10800,LiBOB,LiBOB,True,0.0,LiPDI,1.0819930683696648,1.0819930683696648
10801,LiBOB,LiBOB,True,0.0,LiPDI,1.0819930683696648,1.0819930683696648
10802,LiBOB,LiBOB,True,0.0,LiPDI,1.0819930683696648,1.0819930683696648
10803,LiBOB,LiBOB,True,0.0,LiPDI,1.0819930683696648,1.0819930683696648
10804,LiBOB,LiBOB,True,0.0,LiPDI,1.0819930683696648,1.0819930683696648
10805,LiBOB,LiBOB,True,0.0,LiPDI,1.0819930683696648,1.0819930683696648
10806,LiBOB,LiBOB,True,0.0,LiPDI,1.0819930683696648,1.0819930683696648
10807,LiBOB,LiBOB,True,0.0,LiPDI,1.0819930683696648,1.0819930683696648
10808,LiBOB,LiBOB,True,0.0,LiPDI,1.0819930683696648,1.0819930683696648
10809,LiBOB,LiBOB,True,0.0,LiPDI,1.0819930683696648,1.0819930683696648
10810,LiBOB,LiBOB,True,0.0,LiPDI,1.0819930683696648,1.0819930683696648
10811,LiBOB,LiBOB,True,0.0,LiPDI,1.0819930683696648,1.0819930683696648
10812,LiBOB,LiBOB,True,0.0,LiPDI,1.0819930683696648,1.0819930683696648
10813,LiBOB,LiBOB,True,0.0,LiPDI,1.0819930683696648,1.0819930683696648
10814,LiBOB,LiBOB,True,0.0,LiPDI,1.0819930683696648,1.0819930683696648
10815,LiBOB,LiBOB,True,0.0,LiPDI,1.0819930683696648,1.0819930683696648
10816,LiBOB,LiBOB,True,0.0,LiPDI,1.0819930683696648,1.0819930683696648
10817,LiBOB,LiBOB,True,0.0,LiPDI,1.0819930683696648,1.0819930683696648
10818,LiBOB,LiBOB,True,0.0,LiPDI,1.0819930683696648,1.0819930683696648
10819,LiBOB,LiBOB,True,0.0,LiPDI,1.0819930683696648,1.0819930683696648
10820,LiBOB,LiBOB,True,0.0,LiPDI,1.0819930683696648,1.0819930683696648
10821,LiPF6,LiPF6,True,0.0,LiCF3SO3,2.3030468948764367,2.3030468948764367
10822,LiPF6,LiPF6,True,0.0,LiCF3SO3,2.3030468948764367,2.3030468948764367
10823,LiPF6,LiPF6,True,0.0,LiCF3SO3,2.3030468948764367,2.3030468948764367
10824,LiPF6,LiPF6,True,0.0,LiCF3SO3,2.3030468948764367,2.3030468948764367
10825,LiPF6,LiPF6,True,0.0,LiCF3SO3,2.3030468948764367,2.3030468948764367
10826,LiPF6,LiPF6,True,0.0,LiCF3SO3,2.3030468948764367,2.3030468948764367
10827,LiPF6,LiPF6,True,0.0,LiCF3SO3,2.3030468948764367,2.3030468948764367
10828,LiPF6,LiPF6,True,0.0,LiCF3SO3,2.3030468948764367,2.3030468948764367
10829,LiPF6,LiPF6,True,0.0,LiCF3SO3,2.3030468948764367,2.3030468948764367
10830,LiPF6,LiPF6,True,0.0,LiCF3SO3,2.3030468948764367,2.3030468948764367
10831,LiPF6,LiPF6,True,0.0,LiCF3SO3,2.3030468948764367,2.3030468948764367
10832,LiPF6,LiPF6,True,0.0,LiCF3SO3,2.3030468948764367,2.3030468948764367
10833,LiPF6,LiPF6,True,0.0,LiCF3SO3,2.3030468948764367,2.3030468948764367
10834,LiPF6,LiPF6,True,0.0,LiCF3SO3,2.3030468948764367,2.3030468948764367
10835,LiPF6,LiPF6,True,0.0,LiCF3SO3,2.3030468948764367,2.3030468948764367
10836,LiPF6,LiPF6,True,0.0,LiCF3SO3,2.3030468948764367,2.3030468948764367
10837,LiPF6,LiPF6,True,0.0,LiCF3SO3,2.3030468948764367,2.3030468948764367
10838,LiPF6,LiPF6,True,0.0,LiCF3SO3,2.3030468948764367,2.3030468948764367
10839,LiPF6,LiPF6,True,0.0,LiCF3SO3,2.3030468948764367,2.3030468948764367
10840,LiPF6,LiPF6,True,0.0,LiCF3SO3,2.3030468948764367,2.3030468948764367
10841,LiPF6,LiPF6,True,0.0,LiCF3SO3,2.3030468948764367,2.3030468948764367
10842,LiPF6,LiPF6,True,0.0,LiCF3SO3,2.3030468948764367,2.3030468948764367
10843,LiPF6,LiPF6,True,0.0,LiCF3SO3,2.3030468948764367,2.3030468948764367
10844,LiPF6,LiPF6,True,0.0,LiCF3SO3,2.3030468948764367,2.3030468948764367
10845,LiPF6,LiPF6,True,0.0,LiCF3SO3,2.3030468948764367,2.3030468948764367
10846,LiPF6,LiPF6,True,0.0,LiCF3SO3,2.3030468948764367,2.3030468948764367
10847,LiPF6,LiPF6,True,0.0,LiCF3SO3,2.3030468948764367,2.3030468948764367
10848,LiPF6,LiPF6,True,0.0,LiCF3SO3,2.3030468948764367,2.3030468948764367
10849,LiPF6,LiPF6,True,0.0,LiCF3SO3,2.3030468948764367,2.3030468948764367
10850,LiPF6,LiPF6,True,0.0,LiCF3SO3,2.3030468948764367,2.3030468948764367
10851,LiPF6,LiPF6,True,0.0,LiCF3SO3,2.3030468948764367,2.3030468948764367
10852,LiPF6,LiPF6,True,0.0,LiCF3SO3,2.3030468948764367,2.3030468948764367
10853,LiBOB,LiBOB,True,0.0,LiPDI,1.0819930683696648,1.0819930683696648
10854,LiBOB,LiBOB,True,0.0,LiPDI,1.0819930683696648,1.0819930683696648
10855,LiBOB,LiBOB,True,0.0,LiPDI,1.0819930683696648,1.0819930683696648
10856,LiBOB,LiBOB,True,0.0,LiPDI,1.0819930683696648,1.0819930683696648
10857,LiBOB,LiBOB,True,0.0,LiPDI,1.0819930683696648,1.0819930683696648
10858,LiBOB,LiBOB,True,0.0,LiPDI,1.0819930683696648,1.0819930683696648
10859,LiBOB,LiBOB,True,0.0,LiPDI,1.0819930683696648,1.0819930683696648
10860,LiBOB,LiBOB,True,0.0,LiPDI,1.0819930683696648,1.0819930683696648
10861,LiBOB,LiBOB,True,0.0,LiPDI,1.0819930683696648,1.0819930683696648
10862,LiBOB,LiBOB,True,0.0,LiPDI,1.0819930683696648,1.0819930683696648
10863,LiBOB,LiBOB,True,0.0,LiPDI,1.0819930683696648,1.0819930683696648
10864,LiBOB,LiBOB,True,0.0,LiPDI,1.0819930683696648,1.0819930683696648
10865,LiBOB,LiBOB,True,0.0,LiPDI,1.0819930683696648,1.0819930683696648
10866,LiBOB,LiBOB,True,0.0,LiPDI,1.0819930683696648,1.0819930683696648
10867,LiBOB,LiBOB,True,0.0,LiPDI,1.0819930683696648,1.0819930683696648
10868,LiBOB,LiBOB,True,0.0,LiPDI,1.0819930683696648,1.0819930683696648
10869,LiBOB,LiBOB,True,0.0,LiPDI,1.0819930683696648,1.0819930683696648
10870,LiBOB,LiBOB,True,0.0,LiPDI,1.0819930683696648,1.0819930683696648
10871,LiBOB,LiBOB,True,0.0,LiPDI,1.0819930683696648,1.0819930683696648
10872,LiBOB,LiBOB,True,0.0,LiPDI,1.0819930683696648,1.0819930683696648
10873,LiBOB,LiBOB,True,0.0,LiPDI,1.0819930683696648,1.0819930683696648
10874,LiBOB,LiBOB,True,0.0,LiPDI,1.0819930683696648,1.0819930683696648
10875,LiBOB,LiBOB,True,0.0,LiPDI,1.0819930683696648,1.0819930683696648
10876,LiBOB,LiBOB,True,0.0,LiPDI,1.0819930683696648,1.0819930683696648
10877,LiBOB,LiBOB,True,0.0,LiPDI,1.0819930683696648,1.0819930683696648
10878,LiBOB,LiBOB,True,0.0,LiPDI,1.0819930683696648,1.0819930683696648
10879,LiBOB,LiBOB,True,0.0,LiPDI,1.0819930683696648,1.0819930683696648
10880,LiBOB,LiBOB,True,0.0,LiPDI,1.0819930683696648,1.0819930683696648
10881,LiBOB,LiBOB,True,0.0,LiPDI,1.0819930683696648,1.0819930683696648
10882,LiBOB,LiBOB,True,0.0,LiPDI,1.0819930683696648,1.0819930683696648
10883,LiBOB,LiBOB,True,0.0,LiPDI,1.0819930683696648,1.0819930683696648
10884,LiBOB,LiBOB,True,0.0,LiPDI,1.0819930683696648,1.0819930683696648
10885,LiBOB,LiBOB,True,0.0,LiPDI,1.0819930683696648,1.0819930683696648
10886,LiBOB,LiBOB,True,0.0,LiPDI,1.0819930683696648,1.0819930683696648
10887,LiBOB,LiBOB,True,0.0,LiPDI,1.0819930683696648,1.0819930683696648
10888,LiBOB,LiBOB,True,0.0,LiPDI,1.0819930683696648,1.0819930683696648
10889,LiBOB,LiBOB,True,0.0,LiPDI,1.0819930683696648,1.0819930683696648
10890,LiBOB,LiBOB,True,0.0,LiPDI,1.0819930683696648,1.0819930683696648
10891,LiBOB,LiBOB,True,0.0,LiPDI,1.0819930683696648,1.0819930683696648
10892,LiBOB,LiBOB,True,0.0,LiPDI,1.0819930683696648,1.0819930683696648
10893,LiBOB,LiBOB,True,0.0,LiPDI,1.0819930683696648,1.0819930683696648
10894,LiBOB,LiBOB,True,0.0,LiPDI,1.0819930683696648,1.0819930683696648
10895,LiBOB,LiBOB,True,0.0,LiPDI,1.0819930683696648,1.0819930683696648
10896,LiBOB,LiBOB,True,0.0,LiPDI,1.0819930683696648,1.0819930683696648
10897,LiBOB,LiBOB,True,0.0,LiPDI,1.0819930683696648,1.0819930683696648
10898,LiBOB,LiBOB,True,0.0,LiPDI,1.0819930683696648,1.0819930683696648
10899,LiBOB,LiBOB,True,0.0,LiPDI,1.0819930683696648,1.0819930683696648
10900,LiBOB,LiBOB,True,0.0,LiPDI,1.0819930683696648,1.0819930683696648
10901,LiBOB,LiBOB,True,0.0,LiPDI,1.0819930683696648,1.0819930683696648
10902,LiBOB,LiBOB,True,0.0,LiPDI,1.0819930683696648,1.0819930683696648
10903,LiBOB,LiBOB,True,0.0,LiPDI,1.0819930683696648,1.0819930683696648
10904,LiBOB,LiBOB,True,0.0,LiPDI,1.0819930683696648,1.0819930683696648
10905,LiBOB,LiBOB,True,0.0,LiPDI,1.0819930683696648,1.0819930683696648
10906,LiBOB,LiBOB,True,0.0,LiPDI,1.0819930683696648,1.0819930683696648
10907,LiBOB,LiBOB,True,0.0,LiPDI,1.0819930683696648,1.0819930683696648
10908,LiBOB,LiBOB,True,0.0,LiPDI,1.0819930683696648,1.0819930683696648
10909,LiBOB,LiBOB,True,0.0,LiPDI,1.0819930683696648,1.0819930683696648
10910,LiBOB,LiBOB,True,0.0,LiPDI,1.0819930683696648,1.0819930683696648
10911,LiBOB,LiBOB,True,0.0,LiPDI,1.0819930683696648,1.0819930683696648
10912,LiBOB,LiBOB,True,0.0,LiPDI,1.0819930683696648,1.0819930683696648
10913,LiBOB,LiBOB,True,0.0,LiPDI,1.0819930683696648,1.0819930683696648
10914,LiBOB,LiBOB,True,0.0,LiPDI,1.0819930683696648,1.0819930683696648
10915,LiBOB,LiBOB,True,0.0,LiPDI,1.0819930683696648,1.0819930683696648
10916,LiBOB,LiBOB,True,0.0,LiPDI,1.0819930683696648,1.0819930683696648
10917,LiBOB,LiBOB,True,0.0,LiPDI,1.0819930683696648,1.0819930683696648
10918,LiBOB,LiBOB,True,0.0,LiPDI,1.0819930683696648,1.0819930683696648
10919,LiBOB,LiBOB,True,0.0,LiPDI,1.0819930683696648,1.0819930683696648
10920,LiBOB,LiBOB,True,0.0,LiPDI,1.0819930683696648,1.0819930683696648
10921,LiBOB,LiBOB,True,0.0,LiPDI,1.0819930683696648,1.0819930683696648
10922,LiBOB,LiBOB,True,0.0,LiPDI,1.0819930683696648,1.0819930683696648
10923,LiBOB,LiBOB,True,0.0,LiPDI,1.0819930683696648,1.0819930683696648
10924,LiBOB,LiBOB,True,0.0,LiPDI,1.0819930683696648,1.0819930683696648
10925,LiBOB,LiBOB,True,0.0,LiPDI,1.0819930683696648,1.0819930683696648
10926,LiBOB,LiBOB,True,0.0,LiPDI,1.0819930683696648,1.0819930683696648
10927,LiBOB,LiBOB,True,0.0,LiPDI,1.0819930683696648,1.0819930683696648
10928,LiBOB,LiBOB,True,0.0,LiPDI,1.0819930683696648,1.0819930683696648
10929,LiBOB,LiBOB,True,0.0,LiPDI,1.0819930683696648,1.0819930683696648
10930,LiBOB,LiBOB,True,0.0,LiPDI,1.0819930683696648,1.0819930683696648
10931,LiBOB,LiBOB,True,0.0,LiPDI,1.0819930683696648,1.0819930683696648
10932,LiBOB,LiBOB,True,0.0,LiPDI,1.0819930683696648,1.0819930683696648
10933,LiBOB,LiBOB,True,0.0,LiPDI,1.0819930683696648,1.0819930683696648
10934,LiBOB,LiBOB,True,0.0,LiPDI,1.0819930683696648,1.0819930683696648
10935,LiBOB,LiBOB,True,0.0,LiPDI,1.0819930683696648,1.0819930683696648
10936,LiBOB,LiBOB,True,0.0,LiPDI,1.0819930683696648,1.0819930683696648
10937,LiBOB,LiBOB,True,0.0,LiPDI,1.0819930683696648,1.0819930683696648
10938,LiBOB,LiBOB,True,0.0,LiPDI,1.0819930683696648,1.0819930683696648
10939,LiBOB,LiBOB,True,0.0,LiPDI,1.0819930683696648,1.0819930683696648
10940,LiBOB,LiBOB,True,0.0,LiPDI,1.0819930683696648,1.0819930683696648
10941,LiBOB,LiBOB,True,0.0,LiPDI,1.0819930683696648,1.0819930683696648
10942,LiBOB,LiBOB,True,0.0,LiPDI,1.0819930683696648,1.0819930683696648
10943,LiBOB,LiBOB,True,0.0,LiPDI,1.0819930683696648,1.0819930683696648
10944,LiBOB,LiBOB,True,0.0,LiPDI,1.0819930683696648,1.0819930683696648
10945,LiBOB,LiBOB,True,0.0,LiPDI,1.0819930683696648,1.0819930683696648
10946,LiBOB,LiBOB,True,0.0,LiPDI,1.0819930683696648,1.0819930683696648
10947,LiBOB,LiBOB,True,0.0,LiPDI,1.0819930683696648,1.0819930683696648
10948,LiBOB,LiBOB,True,0.0,LiPDI,1.0819930683696648,1.0819930683696648
10949,LiBOB,LiBOB,True,0.0,LiPDI,1.0819930683696648,1.0819930683696648
10950,LiBOB,LiBOB,True,0.0,LiPDI,1.0819930683696648,1.0819930683696648
10951,LiBOB,LiBOB,True,0.0,LiPDI,1.0819930683696648,1.0819930683696648
10952,LiBOB,LiBOB,True,0.0,LiPDI,1.0819930683696648,1.0819930683696648
10953,LiBOB,LiBOB,True,0.0,LiPDI,1.0819930683696648,1.0819930683696648
10954,LiBOB,LiBOB,True,0.0,LiPDI,1.0819930683696648,1.0819930683696648
10955,LiBOB,LiBOB,True,0.0,LiPDI,1.0819930683696648,1.0819930683696648
10956,LiBOB,LiBOB,True,0.0,LiPDI,1.0819930683696648,1.0819930683696648
10957,LiBOB,LiBOB,True,0.0,LiPDI,1.0819930683696648,1.0819930683696648
10958,LiBOB,LiBOB,True,0.0,LiPDI,1.0819930683696648,1.0819930683696648
10959,LiBOB,LiBOB,True,0.0,LiPDI,1.0819930683696648,1.0819930683696648
10960,LiBOB,LiBOB,True,0.0,LiPDI,1.0819930683696648,1.0819930683696648
10961,LiBOB,LiBOB,True,0.0,LiPDI,1.0819930683696648,1.0819930683696648
10962,LiBOB,LiBOB,True,0.0,LiPDI,1.0819930683696648,1.0819930683696648
10963,LiBOB,LiBOB,True,0.0,LiPDI,1.0819930683696648,1.0819930683696648
10964,LiBOB,LiBOB,True,0.0,LiPDI,1.0819930683696648,1.0819930683696648
10965,LiBOB,LiBOB,True,0.0,LiPDI,1.0819930683696648,1.0819930683696648
10966,LiBOB,LiBOB,True,0.0,LiPDI,1.0819930683696648,1.0819930683696648
10967,LiBOB,LiBOB,True,0.0,LiPDI,1.0819930683696648,1.0819930683696648
10968,LiBOB,LiBOB,True,0.0,LiPDI,1.0819930683696648,1.0819930683696648
10969,LiBOB,LiBOB,True,0.0,LiPDI,1.0819930683696648,1.0819930683696648
10970,LiBOB,LiBOB,True,0.0,LiPDI,1.0819930683696648,1.0819930683696648
10971,LiBOB,LiBOB,True,0.0,LiPDI,1.0819930683696648,1.0819930683696648
10972,LiBOB,LiBOB,True,0.0,LiPDI,1.0819930683696648,1.0819930683696648
10973,LiBOB,LiBOB,True,0.0,LiPDI,1.0819930683696648,1.0819930683696648
10974,LiBOB,LiBOB,True,0.0,LiPDI,1.0819930683696648,1.0819930683696648
10975,LiBOB,LiBOB,True,0.0,LiPDI,1.0819930683696648,1.0819930683696648
10976,LiBOB,LiBOB,True,0.0,LiPDI,1.0819930683696648,1.0819930683696648
10977,LiBOB,LiBOB,True,0.0,LiPDI,1.0819930683696648,1.0819930683696648
10978,LiBOB,LiBOB,True,0.0,LiPDI,1.0819930683696648,1.0819930683696648
10979,LiBOB,LiBOB,True,0.0,LiPDI,1.0819930683696648,1.0819930683696648
10980,LiBOB,LiBOB,True,0.0,LiPDI,1.0819930683696648,1.0819930683696648
10981,LiBOB,LiBOB,True,0.0,LiPDI,1.0819930683696648,1.0819930683696648
10982,LiBOB,LiBOB,True,0.0,LiPDI,1.0819930683696648,1.0819930683696648
10983,LiBOB,LiBOB,True,0.0,LiPDI,1.0819930683696648,1.0819930683696648
10984,LiBOB,LiBOB,True,0.0,LiPDI,1.0819930683696648,1.0819930683696648
10985,LiBOB,LiBOB,True,0.0,LiPDI,1.0819930683696648,1.0819930683696648
10986,LiBOB,LiBOB,True,0.0,LiPDI,1.0819930683696648,1.0819930683696648
10987,LiBOB,LiBOB,True,0.0,LiPDI,1.0819930683696648,1.0819930683696648
10988,LiBOB,LiBOB,True,0.0,LiPDI,1.0819930683696648,1.0819930683696648
10989,LiBOB,LiBOB,True,0.0,LiPDI,1.0819930683696648,1.0819930683696648
10990,LiBOB,LiBOB,True,0.0,LiPDI,1.0819930683696648,1.0819930683696648
10991,LiBOB,LiBOB,True,0.0,LiPDI,1.0819930683696648,1.0819930683696648
10992,LiBOB,LiBOB,True,0.0,LiPDI,1.0819930683696648,1.0819930683696648
10993,LiBOB,LiBOB,True,0.0,LiPDI,1.0819930683696648,1.0819930683696648
10994,LiBOB,LiBOB,True,0.0,LiPDI,1.0819930683696648,1.0819930683696648
10995,LiBOB,LiBOB,True,0.0,LiPDI,1.0819930683696648,1.0819930683696648
10996,LiBOB,LiBOB,True,0.0,LiPDI,1.0819930683696648,1.0819930683696648
10997,LiBOB,LiBOB,True,0.0,LiPDI,1.0819930683696648,1.0819930683696648
10998,LiBOB,LiBOB,True,0.0,LiPDI,1.0819930683696648,1.0819930683696648
10999,LiBOB,LiBOB,True,0.0,LiPDI,1.0819930683696648,1.0819930683696648
11000,LiBOB,LiBOB,True,0.0,LiPDI,1.0819930683696648,1.0819930683696648
11001,LiBOB,LiBOB,True,0.0,LiPDI,1.0819930683696648,1.0819930683696648
11002,LiBOB,LiBOB,True,0.0,LiPDI,1.0819930683696648,1.0819930683696648
11003,LiBOB,LiBOB,True,0.0,LiPDI,1.0819930683696648,1.0819930683696648
11004,LiBOB,LiBOB,True,0.0,LiPDI,1.0819930683696648,1.0819930683696648
11005,LiBOB,LiBOB,True,0.0,LiPDI,1.0819930683696648,1.0819930683696648
11006,LiBOB,LiBOB,True,0.0,LiPDI,1.0819930683696648,1.0819930683696648
11007,LiBOB,LiBOB,True,0.0,LiPDI,1.0819930683696648,1.0819930683696648
11008,LiBOB,LiBOB,True,0.0,LiPDI,1.0819930683696648,1.0819930683696648
11009,LiBOB,LiBOB,True,0.0,LiPDI,1.0819930683696648,1.0819930683696648
11010,LiBOB,LiBOB,True,0.0,LiPDI,1.0819930683696648,1.0819930683696648
11011,LiBOB,LiBOB,True,0.0,LiPDI,1.0819930683696648,1.0819930683696648
11012,LiBOB,LiBOB,True,0.0,LiPDI,1.0819930683696648,1.0819930683696648
11013,LiBOB,LiBOB,True,0.0,LiPDI,1.0819930683696648,1.0819930683696648
11014,LiBOB,LiBOB,True,0.0,LiPDI,1.0819930683696648,1.0819930683696648
11015,LiBOB,LiBOB,True,0.0,LiPDI,1.0819930683696648,1.0819930683696648
11016,LiBOB,LiBOB,True,0.0,LiPDI,1.0819930683696648,1.0819930683696648
11017,LiBOB,LiBOB,True,0.0,LiPDI,1.0819930683696648,1.0819930683696648
11018,LiBOB,LiBOB,True,0.0,LiPDI,1.0819930683696648,1.0819930683696648
11019,LiBOB,LiBOB,True,0.0,LiPDI,1.0819930683696648,1.0819930683696648
11020,LiBOB,LiBOB,True,0.0,LiPDI,1.0819930683696648,1.0819930683696648
11021,LiBOB,LiBOB,True,0.0,LiPDI,1.0819930683696648,1.0819930683696648
11022,LiBOB,LiBOB,True,0.0,LiPDI,1.0819930683696648,1.0819930683696648
11023,LiBOB,LiBOB,True,0.0,LiPDI,1.0819930683696648,1.0819930683696648
11024,LiBOB,LiBOB,True,0.0,LiPDI,1.0819930683696648,1.0819930683696648
11025,LiBOB,LiBOB,True,0.0,LiPDI,1.0819930683696648,1.0819930683696648
11026,LiBOB,LiBOB,True,0.0,LiPDI,1.0819930683696648,1.0819930683696648
11027,LiBOB,LiBOB,True,0.0,LiPDI,1.0819930683696648,1.0819930683696648
11028,LiBOB,LiBOB,True,0.0,LiPDI,1.0819930683696648,1.0819930683696648
11029,LiBOB,LiBOB,True,0.0,LiPDI,1.0819930683696648,1.0819930683696648
11030,LiBOB,LiBOB,True,0.0,LiPDI,1.0819930683696648,1.0819930683696648
11031,LiBOB,LiBOB,True,0.0,LiPDI,1.0819930683696648,1.0819930683696648
11032,LiBOB,LiBOB,True,0.0,LiPDI,1.0819930683696648,1.0819930683696648
11033,LiBOB,LiBOB,True,0.0,LiPDI,1.0819930683696648,1.0819930683696648
11034,LiBOB,LiBOB,True,0.0,LiPDI,1.0819930683696648,1.0819930683696648
11035,LiBOB,LiBOB,True,0.0,LiPDI,1.0819930683696648,1.0819930683696648
11036,LiBOB,LiBOB,True,0.0,LiPDI,1.0819930683696648,1.0819930683696648
11037,LiBOB,LiBOB,True,0.0,LiPDI,1.0819930683696648,1.0819930683696648
11038,LiBOB,LiBOB,True,0.0,LiPDI,1.0819930683696648,1.0819930683696648
11039,LiBOB,LiBOB,True,0.0,LiPDI,1.0819930683696648,1.0819930683696648
11040,LiBOB,LiBOB,True,0.0,LiPDI,1.0819930683696648,1.0819930683696648
11041,LiBOB,LiBOB,True,0.0,LiPDI,1.0819930683696648,1.0819930683696648
11042,LiBOB,LiBOB,True,0.0,LiPDI,1.0819930683696648,1.0819930683696648
11043,LiBOB,LiBOB,True,0.0,LiPDI,1.0819930683696648,1.0819930683696648
11044,LiBOB,LiBOB,True,0.0,LiPDI,1.0819930683696648,1.0819930683696648
11045,LiBOB,LiBOB,True,0.0,LiPDI,1.0819930683696648,1.0819930683696648
11046,LiBOB,LiBOB,True,0.0,LiPDI,1.0819930683696648,1.0819930683696648
11047,LiBOB,LiBOB,True,0.0,LiPDI,1.0819930683696648,1.0819930683696648
11048,LiBOB,LiBOB,True,0.0,LiPDI,1.0819930683696648,1.0819930683696648
11049,LiBOB,LiBOB,True,0.0,LiPDI,1.0819930683696648,1.0819930683696648
11050,LiBOB,LiBOB,True,0.0,LiPDI,1.0819930683696648,1.0819930683696648
11051,LiBOB,LiBOB,True,0.0,LiPDI,1.0819930683696648,1.0819930683696648
11052,LiBOB,LiBOB,True,0.0,LiPDI,1.0819930683696648,1.0819930683696648
11053,LiBOB,LiBOB,True,0.0,LiPDI,1.0819930683696648,1.0819930683696648
11054,LiBOB,LiBOB,True,0.0,LiPDI,1.0819930683696648,1.0819930683696648
11055,LiBOB,LiBOB,True,0.0,LiPDI,1.0819930683696648,1.0819930683696648
11056,LiBOB,LiBOB,True,0.0,LiPDI,1.0819930683696648,1.0819930683696648
11057,LiBOB,LiBOB,True,0.0,LiPDI,1.0819930683696648,1.0819930683696648
11058,LiBOB,LiBOB,True,0.0,LiPDI,1.0819930683696648,1.0819930683696648
11059,LiBOB,LiBOB,True,0.0,LiPDI,1.0819930683696648,1.0819930683696648
11060,LiBOB,LiBOB,True,0.0,LiPDI,1.0819930683696648,1.0819930683696648
11061,LiBOB,LiBOB,True,0.0,LiPDI,1.0819930683696648,1.0819930683696648
11062,LiBOB,LiBOB,True,0.0,LiPDI,1.0819930683696648,1.0819930683696648
11063,LiBOB,LiBOB,True,0.0,LiPDI,1.0819930683696648,1.0819930683696648
11064,LiBOB,LiBOB,True,0.0,LiPDI,1.0819930683696648,1.0819930683696648
11065,LiBOB,LiBOB,True,0.0,LiPDI,1.0819930683696648,1.0819930683696648
11066,LiBOB,LiBOB,True,0.0,LiPDI,1.0819930683696648,1.0819930683696648
11067,LiBOB,LiBOB,True,0.0,LiPDI,1.0819930683696648,1.0819930683696648
11068,LiBOB,LiBOB,True,0.0,LiPDI,1.0819930683696648,1.0819930683696648
11069,LiBOB,LiBOB,True,0.0,LiPDI,1.0819930683696648,1.0819930683696648
11070,LiBOB,LiBOB,True,0.0,LiPDI,1.0819930683696648,1.0819930683696648
11071,LiBOB,LiBOB,True,0.0,LiPDI,1.0819930683696648,1.0819930683696648
11072,LiBOB,LiBOB,True,0.0,LiPDI,1.0819930683696648,1.0819930683696648
11073,LiBOB,LiBOB,True,0.0,LiPDI,1.0819930683696648,1.0819930683696648
11074,LiBOB,LiBOB,True,0.0,LiPDI,1.0819930683696648,1.0819930683696648
11075,LiBOB,LiBOB,True,0.0,LiPDI,1.0819930683696648,1.0819930683696648
11076,LiBOB,LiBOB,True,0.0,LiPDI,1.0819930683696648,1.0819930683696648
11077,LiBOB,LiBOB,True,0.0,LiPDI,1.0819930683696648,1.0819930683696648
11078,LiBOB,LiBOB,True,0.0,LiPDI,1.0819930683696648,1.0819930683696648
11079,LiBOB,LiBOB,True,0.0,LiPDI,1.0819930683696648,1.0819930683696648
11080,LiBOB,LiBOB,True,0.0,LiPDI,1.0819930683696648,1.0819930683696648
11081,LiBOB,LiBOB,True,0.0,LiPDI,1.0819930683696648,1.0819930683696648
11082,LiBOB,LiBOB,True,0.0,LiPDI,1.0819930683696648,1.0819930683696648
11083,LiBOB,LiBOB,True,0.0,LiPDI,1.0819930683696648,1.0819930683696648
11084,LiBOB,LiBOB,True,0.0,LiPDI,1.0819930683696648,1.0819930683696648
11085,LiBOB,LiBOB,True,0.0,LiPDI,1.0819930683696648,1.0819930683696648
11086,LiBOB,LiBOB,True,0.0,LiPDI,1.0819930683696648,1.0819930683696648
11087,LiBOB,LiBOB,True,0.0,LiPDI,1.0819930683696648,1.0819930683696648
11088,LiBOB,LiBOB,True,0.0,LiPDI,1.0819930683696648,1.0819930683696648
11089,LiBOB,LiBOB,True,0.0,LiPDI,1.0819930683696648,1.0819930683696648
11090,LiBOB,LiBOB,True,0.0,LiPDI,1.0819930683696648,1.0819930683696648
11091,LiBOB,LiBOB,True,0.0,LiPDI,1.0819930683696648,1.0819930683696648
11092,LiBOB,LiBOB,True,0.0,LiPDI,1.0819930683696648,1.0819930683696648
11093,LiBOB,LiBOB,True,0.0,LiPDI,1.0819930683696648,1.0819930683696648
11094,LiBOB,LiBOB,True,0.0,LiPDI,1.0819930683696648,1.0819930683696648
11095,LiBOB,LiBOB,True,0.0,LiPDI,1.0819930683696648,1.0819930683696648
11096,LiBOB,LiBOB,True,0.0,LiPDI,1.0819930683696648,1.0819930683696648
11097,LiBOB,LiBOB,True,0.0,LiPDI,1.0819930683696648,1.0819930683696648
11098,LiBOB,LiBOB,True,0.0,LiPDI,1.0819930683696648,1.0819930683696648
11099,LiBOB,LiBOB,True,0.0,LiPDI,1.0819930683696648,1.0819930683696648
11100,LiBOB,LiBOB,True,0.0,LiPDI,1.0819930683696648,1.0819930683696648
11101,LiBOB,LiBOB,True,0.0,LiPDI,1.0819930683696648,1.0819930683696648
11102,LiBOB,LiBOB,True,0.0,LiPDI,1.0819930683696648,1.0819930683696648
11103,LiBOB,LiBOB,True,0.0,LiPDI,1.0819930683696648,1.0819930683696648
11104,LiBOB,LiBOB,True,0.0,LiPDI,1.0819930683696648,1.0819930683696648
11105,LiBOB,LiBOB,True,0.0,LiPDI,1.0819930683696648,1.0819930683696648
11106,LiBOB,LiBOB,True,0.0,LiPDI,1.0819930683696648,1.0819930683696648
11107,LiBOB,LiBOB,True,0.0,LiPDI,1.0819930683696648,1.0819930683696648
11108,LiBOB,LiBOB,True,0.0,LiPDI,1.0819930683696648,1.0819930683696648
11109,LiBOB,LiBOB,True,0.0,LiPDI,1.0819930683696648,1.0819930683696648
11110,LiBOB,LiBOB,True,0.0,LiPDI,1.0819930683696648,1.0819930683696648
11111,LiBOB,LiBOB,True,0.0,LiPDI,1.0819930683696648,1.0819930683696648
11112,LiBOB,LiBOB,True,0.0,LiPDI,1.0819930683696648,1.0819930683696648
11113,LiBOB,LiBOB,True,0.0,LiPDI,1.0819930683696648,1.0819930683696648
11114,LiBOB,LiBOB,True,0.0,LiPDI,1.0819930683696648,1.0819930683696648
11115,LiBOB,LiBOB,True,0.0,LiPDI,1.0819930683696648,1.0819930683696648
11116,LiBOB,LiBOB,True,0.0,LiPDI,1.0819930683696648,1.0819930683696648
11117,LiBOB,LiBOB,True,0.0,LiPDI,1.0819930683696648,1.0819930683696648
11118,LiBOB,LiBOB,True,0.0,LiPDI,1.0819930683696648,1.0819930683696648
11119,LiBOB,LiBOB,True,0.0,LiPDI,1.0819930683696648,1.0819930683696648
11120,LiBOB,LiBOB,True,0.0,LiPDI,1.0819930683696648,1.0819930683696648
11121,LiBOB,LiBOB,True,0.0,LiPDI,1.0819930683696648,1.0819930683696648
11122,LiBOB,LiBOB,True,0.0,LiPDI,1.0819930683696648,1.0819930683696648
11123,LiBOB,LiBOB,True,0.0,LiPDI,1.0819930683696648,1.0819930683696648
11124,LiBOB,LiBOB,True,0.0,LiPDI,1.0819930683696648,1.0819930683696648
11125,LiBOB,LiBOB,True,0.0,LiPDI,1.0819930683696648,1.0819930683696648
11126,LiBOB,LiBOB,True,0.0,LiPDI,1.0819930683696648,1.0819930683696648
11127,LiBOB,LiBOB,True,0.0,LiPDI,1.0819930683696648,1.0819930683696648
11128,LiBOB,LiBOB,True,0.0,LiPDI,1.0819930683696648,1.0819930683696648
11129,LiBOB,LiBOB,True,0.0,LiPDI,1.0819930683696648,1.0819930683696648
11130,LiBOB,LiBOB,True,0.0,LiPDI,1.0819930683696648,1.0819930683696648
11131,LiBOB,LiBOB,True,0.0,LiPDI,1.0819930683696648,1.0819930683696648
11132,LiBOB,LiBOB,True,0.0,LiPDI,1.0819930683696648,1.0819930683696648
11133,LiBOB,LiBOB,True,0.0,LiPDI,1.0819930683696648,1.0819930683696648
11134,LiBOB,LiBOB,True,0.0,LiPDI,1.0819930683696648,1.0819930683696648
11135,LiBOB,LiBOB,True,0.0,LiPDI,1.0819930683696648,1.0819930683696648
11136,LiBOB,LiBOB,True,0.0,LiPDI,1.0819930683696648,1.0819930683696648
11137,LiBOB,LiBOB,True,0.0,LiPDI,1.0819930683696648,1.0819930683696648
11138,LiBOB,LiBOB,True,0.0,LiPDI,1.0819930683696648,1.0819930683696648
11139,LiBOB,LiBOB,True,0.0,LiPDI,1.0819930683696648,1.0819930683696648
11140,LiBOB,LiBOB,True,0.0,LiPDI,1.0819930683696648,1.0819930683696648
11141,LiBOB,LiBOB,True,0.0,LiPDI,1.0819930683696648,1.0819930683696648
11142,LiBOB,LiBOB,True,0.0,LiPDI,1.0819930683696648,1.0819930683696648
11143,LiBOB,LiBOB,True,0.0,LiPDI,1.0819930683696648,1.0819930683696648
11144,LiBOB,LiBOB,True,0.0,LiPDI,1.0819930683696648,1.0819930683696648
11145,LiBOB,LiBOB,True,0.0,LiPDI,1.0819930683696648,1.0819930683696648
11146,LiBOB,LiBOB,True,0.0,LiPDI,1.0819930683696648,1.0819930683696648
11147,LiBOB,LiBOB,True,0.0,LiPDI,1.0819930683696648,1.0819930683696648
11148,LiBOB,LiBOB,True,0.0,LiPDI,1.0819930683696648,1.0819930683696648
11149,LiBOB,LiBOB,True,0.0,LiPDI,1.0819930683696648,1.0819930683696648
11150,LiBOB,LiBOB,True,0.0,LiPDI,1.0819930683696648,1.0819930683696648
11151,LiBOB,LiBOB,True,0.0,LiPDI,1.0819930683696648,1.0819930683696648
11152,LiBOB,LiBOB,True,0.0,LiPDI,1.0819930683696648,1.0819930683696648
11153,LiBOB,LiBOB,True,0.0,LiPDI,1.0819930683696648,1.0819930683696648
11154,LiBOB,LiBOB,True,0.0,LiPDI,1.0819930683696648,1.0819930683696648
11155,LiBOB,LiBOB,True,0.0,LiPDI,1.0819930683696648,1.0819930683696648
11156,LiBOB,LiBOB,True,0.0,LiPDI,1.0819930683696648,1.0819930683696648
11157,LiBOB,LiBOB,True,0.0,LiPDI,1.0819930683696648,1.0819930683696648
11158,LiBOB,LiBOB,True,0.0,LiPDI,1.0819930683696648,1.0819930683696648
11159,LiBOB,LiBOB,True,0.0,LiPDI,1.0819930683696648,1.0819930683696648
11160,LiBOB,LiBOB,True,0.0,LiPDI,1.0819930683696648,1.0819930683696648
11161,LiBOB,LiBOB,True,0.0,LiPDI,1.0819930683696648,1.0819930683696648
11162,LiBOB,LiBOB,True,0.0,LiPDI,1.0819930683696648,1.0819930683696648
11163,LiBOB,LiBOB,True,0.0,LiPDI,1.0819930683696648,1.0819930683696648
11164,LiBOB,LiBOB,True,0.0,LiPDI,1.0819930683696648,1.0819930683696648
11165,LiBOB,LiBOB,True,0.0,LiPDI,1.0819930683696648,1.0819930683696648
11166,LiBOB,LiBOB,True,0.0,LiPDI,1.0819930683696648,1.0819930683696648
11167,LiBOB,LiBOB,True,0.0,LiPDI,1.0819930683696648,1.0819930683696648
11168,LiBOB,LiBOB,True,0.0,LiPDI,1.0819930683696648,1.0819930683696648
11169,LiBOB,LiBOB,True,0.0,LiPDI,1.0819930683696648,1.0819930683696648
11170,LiBOB,LiBOB,True,0.0,LiPDI,1.0819930683696648,1.0819930683696648
11171,LiBOB,LiBOB,True,0.0,LiPDI,1.0819930683696648,1.0819930683696648
11172,LiBOB,LiBOB,True,0.0,LiPDI,1.0819930683696648,1.0819930683696648
11173,LiBOB,LiBOB,True,0.0,LiPDI,1.0819930683696648,1.0819930683696648
11174,LiBOB,LiBOB,True,0.0,LiPDI,1.0819930683696648,1.0819930683696648
11175,LiBOB,LiBOB,True,0.0,LiPDI,1.0819930683696648,1.0819930683696648
11176,LiBOB,LiBOB,True,0.0,LiPDI,1.0819930683696648,1.0819930683696648
11177,LiBOB,LiBOB,True,0.0,LiPDI,1.0819930683696648,1.0819930683696648
11178,LiBOB,LiBOB,True,0.0,LiPDI,1.0819930683696648,1.0819930683696648
11179,LiBOB,LiBOB,True,0.0,LiPDI,1.0819930683696648,1.0819930683696648
11180,LiBOB,LiBOB,True,0.0,LiPDI,1.0819930683696648,1.0819930683696648
11181,LiBOB,LiBOB,True,0.0,LiPDI,1.0819930683696648,1.0819930683696648
11182,LiBOB,LiBOB,True,0.0,LiPDI,1.0819930683696648,1.0819930683696648
11183,LiBOB,LiBOB,True,0.0,LiPDI,1.0819930683696648,1.0819930683696648
11184,LiBOB,LiBOB,True,0.0,LiPDI,1.0819930683696648,1.0819930683696648
11185,LiBOB,LiBOB,True,0.0,LiPDI,1.0819930683696648,1.0819930683696648
11186,LiBOB,LiBOB,True,0.0,LiPDI,1.0819930683696648,1.0819930683696648
11187,LiBOB,LiBOB,True,0.0,LiPDI,1.0819930683696648,1.0819930683696648
11188,LiBOB,LiBOB,True,0.0,LiPDI,1.0819930683696648,1.0819930683696648
11189,LiBOB,LiBOB,True,0.0,LiPDI,1.0819930683696648,1.0819930683696648
11190,LiBOB,LiBOB,True,0.0,LiPDI,1.0819930683696648,1.0819930683696648
11191,LiBOB,LiBOB,True,0.0,LiPDI,1.0819930683696648,1.0819930683696648
11192,LiBOB,LiBOB,True,0.0,LiPDI,1.0819930683696648,1.0819930683696648
11193,LiBOB,LiBOB,True,0.0,LiPDI,1.0819930683696648,1.0819930683696648
11194,LiBOB,LiBOB,True,0.0,LiPDI,1.0819930683696648,1.0819930683696648
11195,LiBOB,LiBOB,True,0.0,LiPDI,1.0819930683696648,1.0819930683696648
11196,LiBOB,LiBOB,True,0.0,LiPDI,1.0819930683696648,1.0819930683696648
11197,LiBOB,LiBOB,True,0.0,LiPDI,1.0819930683696648,1.0819930683696648
11198,LiBOB,LiBOB,True,0.0,LiPDI,1.0819930683696648,1.0819930683696648
11199,LiBOB,LiBOB,True,0.0,LiPDI,1.0819930683696648,1.0819930683696648
11200,LiBOB,LiBOB,True,0.0,LiPDI,1.0819930683696648,1.0819930683696648
11201,LiBOB,LiBOB,True,0.0,LiPDI,1.0819930683696648,1.0819930683696648
11202,LiBOB,LiBOB,True,0.0,LiPDI,1.0819930683696648,1.0819930683696648
11203,LiBOB,LiBOB,True,0.0,LiPDI,1.0819930683696648,1.0819930683696648
11204,LiBOB,LiBOB,True,0.0,LiPDI,1.0819930683696648,1.0819930683696648
11205,LiBOB,LiBOB,True,0.0,LiPDI,1.0819930683696648,1.0819930683696648
11206,LiBOB,LiBOB,True,0.0,LiPDI,1.0819930683696648,1.0819930683696648
11207,LiBOB,LiBOB,True,0.0,LiPDI,1.0819930683696648,1.0819930683696648
11208,LiBOB,LiBOB,True,0.0,LiPDI,1.0819930683696648,1.0819930683696648
11209,LiBOB,LiBOB,True,0.0,LiPDI,1.0819930683696648,1.0819930683696648
11210,LiBOB,LiBOB,True,0.0,LiPDI,1.0819930683696648,1.0819930683696648
11211,LiBOB,LiBOB,True,0.0,LiPDI,1.0819930683696648,1.0819930683696648
11212,LiBOB,LiBOB,True,0.0,LiPDI,1.0819930683696648,1.0819930683696648
11213,LiBOB,LiBOB,True,0.0,LiPDI,1.0819930683696648,1.0819930683696648
11214,LiBOB,LiBOB,True,0.0,LiPDI,1.0819930683696648,1.0819930683696648
11215,LiBOB,LiBOB,True,0.0,LiPDI,1.0819930683696648,1.0819930683696648
11216,LiBOB,LiBOB,True,0.0,LiPDI,1.0819930683696648,1.0819930683696648
11217,LiBOB,LiBOB,True,0.0,LiPDI,1.0819930683696648,1.0819930683696648
11218,LiBOB,LiBOB,True,0.0,LiPDI,1.0819930683696648,1.0819930683696648
11219,LiBOB,LiBOB,True,0.0,LiPDI,1.0819930683696648,1.0819930683696648
11220,LiBOB,LiBOB,True,0.0,LiPDI,1.0819930683696648,1.0819930683696648
11221,LiBOB,LiBOB,True,0.0,LiPDI,1.0819930683696648,1.0819930683696648
11222,LiBOB,LiBOB,True,0.0,LiPDI,1.0819930683696648,1.0819930683696648
11223,LiBOB,LiBOB,True,0.0,LiPDI,1.0819930683696648,1.0819930683696648
11224,LiBOB,LiBOB,True,0.0,LiPDI,1.0819930683696648,1.0819930683696648
11225,LiBOB,LiBOB,True,0.0,LiPDI,1.0819930683696648,1.0819930683696648
11226,LiBOB,LiBOB,True,0.0,LiPDI,1.0819930683696648,1.0819930683696648
11227,LiBOB,LiBOB,True,0.0,LiPDI,1.0819930683696648,1.0819930683696648
11228,LiBOB,LiBOB,True,0.0,LiPDI,1.0819930683696648,1.0819930683696648
11229,LiBOB,LiBOB,True,0.0,LiPDI,1.0819930683696648,1.0819930683696648
11230,LiBOB,LiBOB,True,0.0,LiPDI,1.0819930683696648,1.0819930683696648
11231,LiBOB,LiBOB,True,0.0,LiPDI,1.0819930683696648,1.0819930683696648
11232,LiBOB,LiBOB,True,0.0,LiPDI,1.0819930683696648,1.0819930683696648
11233,LiBOB,LiBOB,True,0.0,LiPDI,1.0819930683696648,1.0819930683696648
11234,LiBOB,LiBOB,True,0.0,LiPDI,1.0819930683696648,1.0819930683696648
11235,LiBOB,LiBOB,True,0.0,LiPDI,1.0819930683696648,1.0819930683696648
11236,LiBOB,LiBOB,True,0.0,LiPDI,1.0819930683696648,1.0819930683696648
11237,LiBOB,LiBOB,True,0.0,LiPDI,1.0819930683696648,1.0819930683696648
11238,LiBOB,LiBOB,True,0.0,LiPDI,1.0819930683696648,1.0819930683696648
11239,LiBOB,LiBOB,True,0.0,LiPDI,1.0819930683696648,1.0819930683696648
11240,LiBOB,LiBOB,True,0.0,LiPDI,1.0819930683696648,1.0819930683696648
11241,LiBOB,LiBOB,True,0.0,LiPDI,1.0819930683696648,1.0819930683696648
11242,LiBOB,LiBOB,True,0.0,LiPDI,1.0819930683696648,1.0819930683696648
11243,LiBOB,LiBOB,True,0.0,LiPDI,1.0819930683696648,1.0819930683696648
11244,LiBOB,LiBOB,True,0.0,LiPDI,1.0819930683696648,1.0819930683696648
11245,LiBOB,LiBOB,True,0.0,LiPDI,1.0819930683696648,1.0819930683696648
11246,LiBOB,LiBOB,True,0.0,LiPDI,1.0819930683696648,1.0819930683696648
11247,LiBOB,LiBOB,True,0.0,LiPDI,1.0819930683696648,1.0819930683696648
11248,LiBOB,LiBOB,True,0.0,LiPDI,1.0819930683696648,1.0819930683696648
11249,LiBOB,LiBOB,True,0.0,LiPDI,1.0819930683696648,1.0819930683696648
11250,LiBOB,LiBOB,True,0.0,LiPDI,1.0819930683696648,1.0819930683696648
11251,LiBOB,LiBOB,True,0.0,LiPDI,1.0819930683696648,1.0819930683696648
11252,LiBOB,LiBOB,True,0.0,LiPDI,1.0819930683696648,1.0819930683696648
11253,LiBOB,LiBOB,True,0.0,LiPDI,1.0819930683696648,1.0819930683696648
11254,LiBOB,LiBOB,True,0.0,LiPDI,1.0819930683696648,1.0819930683696648
11255,LiBOB,LiBOB,True,0.0,LiPDI,1.0819930683696648,1.0819930683696648
11256,LiBOB,LiBOB,True,0.0,LiPDI,1.0819930683696648,1.0819930683696648
11257,LiBOB,LiBOB,True,0.0,LiPDI,1.0819930683696648,1.0819930683696648
11258,LiBOB,LiBOB,True,0.0,LiPDI,1.0819930683696648,1.0819930683696648
11259,LiBOB,LiBOB,True,0.0,LiPDI,1.0819930683696648,1.0819930683696648
11260,LiBOB,LiBOB,True,0.0,LiPDI,1.0819930683696648,1.0819930683696648
11261,LiBOB,LiBOB,True,0.0,LiPDI,1.0819930683696648,1.0819930683696648
11262,LiBOB,LiBOB,True,0.0,LiPDI,1.0819930683696648,1.0819930683696648
11263,LiBOB,LiBOB,True,0.0,LiPDI,1.0819930683696648,1.0819930683696648
11264,LiBOB,LiBOB,True,0.0,LiPDI,1.0819930683696648,1.0819930683696648
11265,LiBOB,LiBOB,True,0.0,LiPDI,1.0819930683696648,1.0819930683696648
11266,LiBOB,LiBOB,True,0.0,LiPDI,1.0819930683696648,1.0819930683696648
11267,LiBOB,LiBOB,True,0.0,LiPDI,1.0819930683696648,1.0819930683696648
11268,LiBOB,LiBOB,True,0.0,LiPDI,1.0819930683696648,1.0819930683696648
11269,LiBOB,LiBOB,True,0.0,LiPDI,1.0819930683696648,1.0819930683696648
11270,LiBOB,LiBOB,True,0.0,LiPDI,1.0819930683696648,1.0819930683696648
11271,LiBOB,LiBOB,True,0.0,LiPDI,1.0819930683696648,1.0819930683696648
11272,LiBOB,LiBOB,True,0.0,LiPDI,1.0819930683696648,1.0819930683696648
11273,LiBOB,LiBOB,True,0.0,LiPDI,1.0819930683696648,1.0819930683696648
11274,LiBOB,LiBOB,True,0.0,LiPDI,1.0819930683696648,1.0819930683696648
11275,LiBOB,LiBOB,True,0.0,LiPDI,1.0819930683696648,1.0819930683696648
11276,LiBOB,LiBOB,True,0.0,LiPDI,1.0819930683696648,1.0819930683696648
11277,LiBOB,LiBOB,True,0.0,LiPDI,1.0819930683696648,1.0819930683696648
11278,LiBOB,LiBOB,True,0.0,LiPDI,1.0819930683696648,1.0819930683696648
11279,LiBOB,LiBOB,True,0.0,LiPDI,1.0819930683696648,1.0819930683696648
11280,LiBOB,LiBOB,True,0.0,LiPDI,1.0819930683696648,1.0819930683696648
11281,LiBOB,LiBOB,True,0.0,LiPDI,1.0819930683696648,1.0819930683696648
11282,LiBOB,LiBOB,True,0.0,LiPDI,1.0819930683696648,1.0819930683696648
11283,LiBOB,LiBOB,True,0.0,LiPDI,1.0819930683696648,1.0819930683696648
11284,LiBOB,LiBOB,True,0.0,LiPDI,1.0819930683696648,1.0819930683696648
11285,LiBOB,LiBOB,True,0.0,LiPDI,1.0819930683696648,1.0819930683696648
11286,LiBOB,LiBOB,True,0.0,LiPDI,1.0819930683696648,1.0819930683696648
11287,LiBOB,LiBOB,True,0.0,LiPDI,1.0819930683696648,1.0819930683696648
11288,LiBOB,LiBOB,True,0.0,LiPDI,1.0819930683696648,1.0819930683696648
11289,LiBOB,LiBOB,True,0.0,LiPDI,1.0819930683696648,1.0819930683696648
11290,LiBOB,LiBOB,True,0.0,LiPDI,1.0819930683696648,1.0819930683696648
11291,LiBOB,LiBOB,True,0.0,LiPDI,1.0819930683696648,1.0819930683696648
11292,LiBOB,LiBOB,True,0.0,LiPDI,1.0819930683696648,1.0819930683696648
11293,LiBOB,LiBOB,True,0.0,LiPDI,1.0819930683696648,1.0819930683696648
11294,LiBOB,LiBOB,True,0.0,LiPDI,1.0819930683696648,1.0819930683696648
11295,LiBOB,LiBOB,True,0.0,LiPDI,1.0819930683696648,1.0819930683696648
11296,LiBOB,LiBOB,True,0.0,LiPDI,1.0819930683696648,1.0819930683696648
11297,LiBOB,LiBOB,True,0.0,LiPDI,1.0819930683696648,1.0819930683696648
11298,LiBOB,LiBOB,True,0.0,LiPDI,1.0819930683696648,1.0819930683696648
11299,LiBOB,LiBOB,True,0.0,LiPDI,1.0819930683696648,1.0819930683696648
11300,LiBOB,LiBOB,True,0.0,LiPDI,1.0819930683696648,1.0819930683696648
11301,LiBOB,LiBOB,True,0.0,LiPDI,1.0819930683696648,1.0819930683696648
11302,LiBOB,LiBOB,True,0.0,LiPDI,1.0819930683696648,1.0819930683696648
11303,LiBOB,LiBOB,True,0.0,LiPDI,1.0819930683696648,1.0819930683696648
11304,LiBOB,LiBOB,True,0.0,LiPDI,1.0819930683696648,1.0819930683696648
11305,LiBOB,LiBOB,True,0.0,LiPDI,1.0819930683696648,1.0819930683696648
11306,LiBOB,LiBOB,True,0.0,LiPDI,1.0819930683696648,1.0819930683696648
11307,LiBOB,LiBOB,True,0.0,LiPDI,1.0819930683696648,1.0819930683696648
11308,LiBOB,LiBOB,True,0.0,LiPDI,1.0819930683696648,1.0819930683696648
11309,LiBOB,LiBOB,True,0.0,LiPDI,1.0819930683696648,1.0819930683696648
11310,LiBOB,LiBOB,True,0.0,LiPDI,1.0819930683696648,1.0819930683696648
11311,LiBOB,LiBOB,True,0.0,LiPDI,1.0819930683696648,1.0819930683696648
11312,LiBOB,LiBOB,True,0.0,LiPDI,1.0819930683696648,1.0819930683696648
11313,LiBOB,LiBOB,True,0.0,LiPDI,1.0819930683696648,1.0819930683696648
11314,LiBOB,LiBOB,True,0.0,LiPDI,1.0819930683696648,1.0819930683696648
11315,LiBOB,LiBOB,True,0.0,LiPDI,1.0819930683696648,1.0819930683696648
11316,LiBOB,LiBOB,True,0.0,LiPDI,1.0819930683696648,1.0819930683696648
11317,LiBOB,LiBOB,True,0.0,LiPDI,1.0819930683696648,1.0819930683696648
11318,LiBOB,LiBOB,True,0.0,LiPDI,1.0819930683696648,1.0819930683696648
11319,LiBOB,LiBOB,True,0.0,LiPDI,1.0819930683696648,1.0819930683696648
11320,LiBOB,LiBOB,True,0.0,LiPDI,1.0819930683696648,1.0819930683696648
11321,LiBOB,LiBOB,True,0.0,LiPDI,1.0819930683696648,1.0819930683696648
11322,LiBOB,LiBOB,True,0.0,LiPDI,1.0819930683696648,1.0819930683696648
11323,LiBOB,LiBOB,True,0.0,LiPDI,1.0819930683696648,1.0819930683696648
11324,LiBOB,LiBOB,True,0.0,LiPDI,1.0819930683696648,1.0819930683696648
11325,LiBOB,LiBOB,True,0.0,LiPDI,1.0819930683696648,1.0819930683696648
11326,LiBOB,LiBOB,True,0.0,LiPDI,1.0819930683696648,1.0819930683696648
11327,LiBOB,LiBOB,True,0.0,LiPDI,1.0819930683696648,1.0819930683696648
11328,LiBOB,LiBOB,True,0.0,LiPDI,1.0819930683696648,1.0819930683696648
11329,LiBOB,LiBOB,True,0.0,LiPDI,1.0819930683696648,1.0819930683696648
11330,LiBOB,LiBOB,True,0.0,LiPDI,1.0819930683696648,1.0819930683696648
11331,LiBOB,LiBOB,True,0.0,LiPDI,1.0819930683696648,1.0819930683696648
11332,LiBOB,LiBOB,True,0.0,LiPDI,1.0819930683696648,1.0819930683696648
11333,LiBOB,LiBOB,True,0.0,LiPDI,1.0819930683696648,1.0819930683696648
11334,LiBOB,LiBOB,True,0.0,LiPDI,1.0819930683696648,1.0819930683696648
11335,LiBOB,LiBOB,True,0.0,LiPDI,1.0819930683696648,1.0819930683696648
11336,LiBOB,LiBOB,True,0.0,LiPDI,1.0819930683696648,1.0819930683696648
11337,LiBOB,LiBOB,True,0.0,LiPDI,1.0819930683696648,1.0819930683696648
11338,LiBOB,LiBOB,True,0.0,LiPDI,1.0819930683696648,1.0819930683696648
11339,LiBOB,LiBOB,True,0.0,LiPDI,1.0819930683696648,1.0819930683696648
11340,LiBOB,LiBOB,True,0.0,LiPDI,1.0819930683696648,1.0819930683696648
11341,LiBOB,LiBOB,True,0.0,LiPDI,1.0819930683696648,1.0819930683696648
11342,LiBOB,LiBOB,True,0.0,LiPDI,1.0819930683696648,1.0819930683696648
11343,LiBOB,LiBOB,True,0.0,LiPDI,1.0819930683696648,1.0819930683696648
11344,LiBOB,LiBOB,True,0.0,LiPDI,1.0819930683696648,1.0819930683696648
11345,LiBOB,LiBOB,True,0.0,LiPDI,1.0819930683696648,1.0819930683696648
11346,LiBOB,LiBOB,True,0.0,LiPDI,1.0819930683696648,1.0819930683696648
11347,LiBOB,LiBOB,True,0.0,LiPDI,1.0819930683696648,1.0819930683696648
11348,LiBOB,LiBOB,True,0.0,LiPDI,1.0819930683696648,1.0819930683696648
11349,LiBOB,LiBOB,True,0.0,LiPDI,1.0819930683696648,1.0819930683696648
11350,LiBOB,LiBOB,True,0.0,LiPDI,1.0819930683696648,1.0819930683696648
11351,LiBOB,LiBOB,True,0.0,LiPDI,1.0819930683696648,1.0819930683696648
11352,LiBOB,LiBOB,True,0.0,LiPDI,1.0819930683696648,1.0819930683696648
11353,LiBOB,LiBOB,True,0.0,LiPDI,1.0819930683696648,1.0819930683696648
11354,LiBOB,LiBOB,True,0.0,LiPDI,1.0819930683696648,1.0819930683696648
11355,LiBOB,LiBOB,True,0.0,LiPDI,1.0819930683696648,1.0819930683696648
11356,LiBOB,LiBOB,True,0.0,LiPDI,1.0819930683696648,1.0819930683696648
11357,LiBOB,LiBOB,True,0.0,LiPDI,1.0819930683696648,1.0819930683696648
11358,LiBOB,LiBOB,True,0.0,LiPDI,1.0819930683696648,1.0819930683696648
11359,LiBOB,LiBOB,True,0.0,LiPDI,1.0819930683696648,1.0819930683696648
11360,LiBOB,LiBOB,True,0.0,LiPDI,1.0819930683696648,1.0819930683696648
11361,LiBOB,LiBOB,True,0.0,LiPDI,1.0819930683696648,1.0819930683696648
11362,LiBOB,LiBOB,True,0.0,LiPDI,1.0819930683696648,1.0819930683696648
11363,LiBOB,LiBOB,True,0.0,LiPDI,1.0819930683696648,1.0819930683696648
11364,LiBOB,LiBOB,True,0.0,LiPDI,1.0819930683696648,1.0819930683696648
11365,LiBOB,LiBOB,True,0.0,LiPDI,1.0819930683696648,1.0819930683696648
11366,LiBOB,LiBOB,True,0.0,LiPDI,1.0819930683696648,1.0819930683696648
11367,LiBOB,LiBOB,True,0.0,LiPDI,1.0819930683696648,1.0819930683696648
11368,LiBOB,LiBOB,True,0.0,LiPDI,1.0819930683696648,1.0819930683696648
11369,LiBOB,LiBOB,True,0.0,LiPDI,1.0819930683696648,1.0819930683696648
11370,LiBOB,LiBOB,True,0.0,LiPDI,1.0819930683696648,1.0819930683696648
11371,LiBOB,LiBOB,True,0.0,LiPDI,1.0819930683696648,1.0819930683696648
11372,LiBOB,LiBOB,True,0.0,LiPDI,1.0819930683696648,1.0819930683696648
11373,LiBOB,LiBOB,True,0.0,LiPDI,1.0819930683696648,1.0819930683696648
11374,LiBOB,LiBOB,True,0.0,LiPDI,1.0819930683696648,1.0819930683696648
11375,LiBOB,LiBOB,True,0.0,LiPDI,1.0819930683696648,1.0819930683696648
11376,LiBOB,LiBOB,True,0.0,LiPDI,1.0819930683696648,1.0819930683696648
11377,LiBOB,LiBOB,True,0.0,LiPDI,1.0819930683696648,1.0819930683696648
11378,LiBOB,LiBOB,True,0.0,LiPDI,1.0819930683696648,1.0819930683696648
11379,LiBOB,LiBOB,True,0.0,LiPDI,1.0819930683696648,1.0819930683696648
11380,LiBOB,LiBOB,True,0.0,LiPDI,1.0819930683696648,1.0819930683696648
11381,LiBOB,LiBOB,True,0.0,LiPDI,1.0819930683696648,1.0819930683696648
11382,LiBOB,LiBOB,True,0.0,LiPDI,1.0819930683696648,1.0819930683696648
11383,LiBOB,LiBOB,True,0.0,LiPDI,1.0819930683696648,1.0819930683696648
11384,LiBOB,LiBOB,True,0.0,LiPDI,1.0819930683696648,1.0819930683696648
11385,LiBOB,LiBOB,True,0.0,LiPDI,1.0819930683696648,1.0819930683696648
11386,LiBOB,LiBOB,True,0.0,LiPDI,1.0819930683696648,1.0819930683696648
11387,LiBOB,LiBOB,True,0.0,LiPDI,1.0819930683696648,1.0819930683696648
11388,LiBOB,LiBOB,True,0.0,LiPDI,1.0819930683696648,1.0819930683696648
11389,LiBOB,LiBOB,True,0.0,LiPDI,1.0819930683696648,1.0819930683696648
11390,LiBOB,LiBOB,True,0.0,LiPDI,1.0819930683696648,1.0819930683696648
11391,LiBOB,LiBOB,True,0.0,LiPDI,1.0819930683696648,1.0819930683696648
11392,LiBOB,LiBOB,True,0.0,LiPDI,1.0819930683696648,1.0819930683696648
11393,LiBOB,LiBOB,True,0.0,LiPDI,1.0819930683696648,1.0819930683696648
11394,LiBOB,LiBOB,True,0.0,LiPDI,1.0819930683696648,1.0819930683696648
11395,LiBOB,LiBOB,True,0.0,LiPDI,1.0819930683696648,1.0819930683696648
11396,LiBOB,LiBOB,True,0.0,LiPDI,1.0819930683696648,1.0819930683696648
11397,LiBOB,LiBOB,True,0.0,LiPDI,1.0819930683696648,1.0819930683696648
11398,LiBOB,LiBOB,True,0.0,LiPDI,1.0819930683696648,1.0819930683696648
11399,LiBOB,LiBOB,True,0.0,LiPDI,1.0819930683696648,1.0819930683696648
11400,LiBOB,LiBOB,True,0.0,LiPDI,1.0819930683696648,1.0819930683696648
11401,LiBOB,LiBOB,True,0.0,LiPDI,1.0819930683696648,1.0819930683696648
11402,LiBOB,LiBOB,True,0.0,LiPDI,1.0819930683696648,1.0819930683696648
11403,LiBOB,LiBOB,True,0.0,LiPDI,1.0819930683696648,1.0819930683696648
11404,LiBOB,LiBOB,True,0.0,LiPDI,1.0819930683696648,1.0819930683696648
11405,LiBOB,LiBOB,True,0.0,LiPDI,1.0819930683696648,1.0819930683696648
11406,LiBOB,LiBOB,True,0.0,LiPDI,1.0819930683696648,1.0819930683696648
11407,LiBOB,LiBOB,True,0.0,LiPDI,1.0819930683696648,1.0819930683696648
11408,LiBOB,LiBOB,True,0.0,LiPDI,1.0819930683696648,1.0819930683696648
11409,LiBOB,LiBOB,True,0.0,LiPDI,1.0819930683696648,1.0819930683696648
11410,LiBOB,LiBOB,True,0.0,LiPDI,1.0819930683696648,1.0819930683696648
11411,LiBOB,LiBOB,True,0.0,LiPDI,1.0819930683696648,1.0819930683696648
11412,LiBOB,LiBOB,True,0.0,LiPDI,1.0819930683696648,1.0819930683696648
11413,LiBOB,LiBOB,True,0.0,LiPDI,1.0819930683696648,1.0819930683696648
11414,LiBOB,LiBOB,True,0.0,LiPDI,1.0819930683696648,1.0819930683696648
11415,LiBOB,LiBOB,True,0.0,LiPDI,1.0819930683696648,1.0819930683696648
11416,LiBOB,LiBOB,True,0.0,LiPDI,1.0819930683696648,1.0819930683696648
11417,LiBOB,LiBOB,True,0.0,LiPDI,1.0819930683696648,1.0819930683696648
11418,LiBOB,LiBOB,True,0.0,LiPDI,1.0819930683696648,1.0819930683696648
11419,LiBOB,LiBOB,True,0.0,LiPDI,1.0819930683696648,1.0819930683696648
11420,LiBOB,LiBOB,True,0.0,LiPDI,1.0819930683696648,1.0819930683696648
11421,LiBOB,LiBOB,True,0.0,LiPDI,1.0819930683696648,1.0819930683696648
11422,LiBOB,LiBOB,True,0.0,LiPDI,1.0819930683696648,1.0819930683696648
11423,LiBOB,LiBOB,True,0.0,LiPDI,1.0819930683696648,1.0819930683696648
11424,LiBOB,LiBOB,True,0.0,LiPDI,1.0819930683696648,1.0819930683696648
11425,LiBOB,LiBOB,True,0.0,LiPDI,1.0819930683696648,1.0819930683696648
11426,LiBOB,LiBOB,True,0.0,LiPDI,1.0819930683696648,1.0819930683696648
11427,LiBOB,LiBOB,True,0.0,LiPDI,1.0819930683696648,1.0819930683696648
11428,LiBOB,LiBOB,True,0.0,LiPDI,1.0819930683696648,1.0819930683696648
11429,LiBOB,LiBOB,True,0.0,LiPDI,1.0819930683696648,1.0819930683696648
11430,LiBOB,LiBOB,True,0.0,LiPDI,1.0819930683696648,1.0819930683696648
11431,LiBOB,LiBOB,True,0.0,LiPDI,1.0819930683696648,1.0819930683696648
11432,LiBOB,LiBOB,True,0.0,LiPDI,1.0819930683696648,1.0819930683696648
11433,LiBOB,LiBOB,True,0.0,LiPDI,1.0819930683696648,1.0819930683696648
11434,LiBOB,LiBOB,True,0.0,LiPDI,1.0819930683696648,1.0819930683696648
11435,LiBOB,LiBOB,True,0.0,LiPDI,1.0819930683696648,1.0819930683696648
11436,LiBOB,LiBOB,True,0.0,LiPDI,1.0819930683696648,1.0819930683696648
11437,LiBOB,LiBOB,True,0.0,LiPDI,1.0819930683696648,1.0819930683696648
11438,LiBOB,LiBOB,True,0.0,LiPDI,1.0819930683696648,1.0819930683696648
11439,LiBOB,LiBOB,True,0.0,LiPDI,1.0819930683696648,1.0819930683696648
11440,LiBOB,LiBOB,True,0.0,LiPDI,1.0819930683696648,1.0819930683696648
11441,LiBOB,LiBOB,True,0.0,LiPDI,1.0819930683696648,1.0819930683696648
11442,LiBOB,LiBOB,True,0.0,LiPDI,1.0819930683696648,1.0819930683696648
11443,LiBOB,LiBOB,True,0.0,LiPDI,1.0819930683696648,1.0819930683696648
11444,LiBOB,LiBOB,True,0.0,LiPDI,1.0819930683696648,1.0819930683696648
11445,LiBOB,LiBOB,True,0.0,LiPDI,1.0819930683696648,1.0819930683696648
11446,LiBOB,LiBOB,True,0.0,LiPDI,1.0819930683696648,1.0819930683696648
11447,LiBOB,LiBOB,True,0.0,LiPDI,1.0819930683696648,1.0819930683696648
11448,LiBOB,LiBOB,True,0.0,LiPDI,1.0819930683696648,1.0819930683696648
11449,LiBOB,LiBOB,True,0.0,LiPDI,1.0819930683696648,1.0819930683696648
11450,LiBOB,LiBOB,True,0.0,LiPDI,1.0819930683696648,1.0819930683696648
11451,LiBOB,LiBOB,True,0.0,LiPDI,1.0819930683696648,1.0819930683696648
11452,LiBOB,LiBOB,True,0.0,LiPDI,1.0819930683696648,1.0819930683696648
11453,LiBOB,LiBOB,True,0.0,LiPDI,1.0819930683696648,1.0819930683696648
11454,LiBOB,LiBOB,True,0.0,LiPDI,1.0819930683696648,1.0819930683696648
11455,LiBOB,LiBOB,True,0.0,LiPDI,1.0819930683696648,1.0819930683696648
11456,LiBOB,LiBOB,True,0.0,LiPDI,1.0819930683696648,1.0819930683696648
11457,LiBOB,LiBOB,True,0.0,LiPDI,1.0819930683696648,1.0819930683696648
11458,LiBOB,LiBOB,True,0.0,LiPDI,1.0819930683696648,1.0819930683696648
11459,LiBOB,LiBOB,True,0.0,LiPDI,1.0819930683696648,1.0819930683696648
11460,LiBOB,LiBOB,True,0.0,LiPDI,1.0819930683696648,1.0819930683696648
11461,LiBOB,LiBOB,True,0.0,LiPDI,1.0819930683696648,1.0819930683696648
11462,LiBOB,LiBOB,True,0.0,LiPDI,1.0819930683696648,1.0819930683696648
11463,LiBOB,LiBOB,True,0.0,LiPDI,1.0819930683696648,1.0819930683696648
11464,LiBOB,LiBOB,True,0.0,LiPDI,1.0819930683696648,1.0819930683696648
11465,LiBOB,LiBOB,True,0.0,LiPDI,1.0819930683696648,1.0819930683696648
11466,LiBOB,LiBOB,True,0.0,LiPDI,1.0819930683696648,1.0819930683696648
11467,LiBOB,LiBOB,True,0.0,LiPDI,1.0819930683696648,1.0819930683696648
11468,LiBOB,LiBOB,True,0.0,LiPDI,1.0819930683696648,1.0819930683696648
11469,LiBOB,LiBOB,True,0.0,LiPDI,1.0819930683696648,1.0819930683696648
11470,LiBOB,LiBOB,True,0.0,LiPDI,1.0819930683696648,1.0819930683696648
11471,LiBOB,LiBOB,True,0.0,LiPDI,1.0819930683696648,1.0819930683696648
11472,LiBOB,LiBOB,True,0.0,LiPDI,1.0819930683696648,1.0819930683696648
11473,LiBOB,LiBOB,True,0.0,LiPDI,1.0819930683696648,1.0819930683696648
11474,LiBOB,LiBOB,True,0.0,LiPDI,1.0819930683696648,1.0819930683696648
11475,LiBOB,LiBOB,True,0.0,LiPDI,1.0819930683696648,1.0819930683696648
11476,LiBOB,LiBOB,True,0.0,LiPDI,1.0819930683696648,1.0819930683696648
11477,LiBOB,LiBOB,True,0.0,LiPDI,1.0819930683696648,1.0819930683696648
11478,LiBOB,LiBOB,True,0.0,LiPDI,1.0819930683696648,1.0819930683696648
11479,LiBOB,LiBOB,True,0.0,LiPDI,1.0819930683696648,1.0819930683696648
11480,LiBOB,LiBOB,True,0.0,LiPDI,1.0819930683696648,1.0819930683696648
11481,LiBOB,LiBOB,True,0.0,LiPDI,1.0819930683696648,1.0819930683696648
11482,LiBOB,LiBOB,True,0.0,LiPDI,1.0819930683696648,1.0819930683696648
11483,LiBOB,LiBOB,True,0.0,LiPDI,1.0819930683696648,1.0819930683696648
11484,LiBOB,LiBOB,True,0.0,LiPDI,1.0819930683696648,1.0819930683696648
11485,LiBOB,LiBOB,True,0.0,LiPDI,1.0819930683696648,1.0819930683696648
11486,LiBOB,LiBOB,True,0.0,LiPDI,1.0819930683696648,1.0819930683696648
11487,LiBOB,LiBOB,True,0.0,LiPDI,1.0819930683696648,1.0819930683696648
11488,LiBOB,LiBOB,True,0.0,LiPDI,1.0819930683696648,1.0819930683696648
11489,LiBOB,LiBOB,True,0.0,LiPDI,1.0819930683696648,1.0819930683696648
11490,LiBOB,LiBOB,True,0.0,LiPDI,1.0819930683696648,1.0819930683696648
11491,LiBOB,LiBOB,True,0.0,LiPDI,1.0819930683696648,1.0819930683696648
11492,LiBOB,LiBOB,True,0.0,LiPDI,1.0819930683696648,1.0819930683696648
11493,LiBOB,LiBOB,True,0.0,LiPDI,1.0819930683696648,1.0819930683696648
11494,LiBOB,LiBOB,True,0.0,LiPDI,1.0819930683696648,1.0819930683696648
11495,LiBOB,LiBOB,True,0.0,LiPDI,1.0819930683696648,1.0819930683696648
11496,LiBOB,LiBOB,True,0.0,LiPDI,1.0819930683696648,1.0819930683696648
11497,LiBOB,LiBOB,True,0.0,LiPDI,1.0819930683696648,1.0819930683696648
11498,LiBOB,LiBOB,True,0.0,LiPDI,1.0819930683696648,1.0819930683696648
11499,LiBOB,LiBOB,True,0.0,LiPDI,1.0819930683696648,1.0819930683696648
11500,LiBOB,LiBOB,True,0.0,LiPDI,1.0819930683696648,1.0819930683696648
11501,LiBOB,LiBOB,True,0.0,LiPDI,1.0819930683696648,1.0819930683696648
11502,LiBOB,LiBOB,True,0.0,LiPDI,1.0819930683696648,1.0819930683696648
11503,LiBOB,LiBOB,True,0.0,LiPDI,1.0819930683696648,1.0819930683696648
11504,LiBOB,LiBOB,True,0.0,LiPDI,1.0819930683696648,1.0819930683696648
11505,LiBOB,LiBOB,True,0.0,LiPDI,1.0819930683696648,1.0819930683696648
11506,LiBOB,LiBOB,True,0.0,LiPDI,1.0819930683696648,1.0819930683696648
11507,LiBOB,LiBOB,True,0.0,LiPDI,1.0819930683696648,1.0819930683696648
11508,LiBOB,LiBOB,True,0.0,LiPDI,1.0819930683696648,1.0819930683696648
11509,LiBOB,LiBOB,True,0.0,LiPDI,1.0819930683696648,1.0819930683696648
11510,LiBOB,LiBOB,True,0.0,LiPDI,1.0819930683696648,1.0819930683696648
11511,LiBOB,LiBOB,True,0.0,LiPDI,1.0819930683696648,1.0819930683696648
11512,LiBOB,LiBOB,True,0.0,LiPDI,1.0819930683696648,1.0819930683696648
11513,LiBOB,LiBOB,True,0.0,LiPDI,1.0819930683696648,1.0819930683696648
11514,LiBOB,LiBOB,True,0.0,LiPDI,1.0819930683696648,1.0819930683696648
11515,LiBOB,LiBOB,True,0.0,LiPDI,1.0819930683696648,1.0819930683696648
11516,LiBOB,LiBOB,True,0.0,LiPDI,1.0819930683696648,1.0819930683696648
11517,LiBOB,LiBOB,True,0.0,LiPDI,1.0819930683696648,1.0819930683696648
11518,LiBOB,LiBOB,True,0.0,LiPDI,1.0819930683696648,1.0819930683696648
11519,LiBOB,LiBOB,True,0.0,LiPDI,1.0819930683696648,1.0819930683696648
11520,LiBOB,LiBOB,True,0.0,LiPDI,1.0819930683696648,1.0819930683696648
11521,LiBOB,LiBOB,True,0.0,LiPDI,1.0819930683696648,1.0819930683696648
11522,LiBOB,LiBOB,True,0.0,LiPDI,1.0819930683696648,1.0819930683696648
11523,LiBOB,LiBOB,True,0.0,LiPDI,1.0819930683696648,1.0819930683696648
11524,LiBOB,LiBOB,True,0.0,LiPDI,1.0819930683696648,1.0819930683696648
11525,LiBOB,LiBOB,True,0.0,LiPDI,1.0819930683696648,1.0819930683696648
11526,LiBOB,LiBOB,True,0.0,LiPDI,1.0819930683696648,1.0819930683696648
11527,LiBOB,LiBOB,True,0.0,LiPDI,1.0819930683696648,1.0819930683696648
11528,LiBOB,LiBOB,True,0.0,LiPDI,1.0819930683696648,1.0819930683696648
11529,LiBOB,LiBOB,True,0.0,LiPDI,1.0819930683696648,1.0819930683696648
11530,LiBOB,LiBOB,True,0.0,LiPDI,1.0819930683696648,1.0819930683696648
11531,LiBOB,LiBOB,True,0.0,LiPDI,1.0819930683696648,1.0819930683696648
11532,LiBOB,LiBOB,True,0.0,LiPDI,1.0819930683696648,1.0819930683696648
11533,LiBOB,LiBOB,True,0.0,LiPDI,1.0819930683696648,1.0819930683696648
11534,LiBOB,LiBOB,True,0.0,LiPDI,1.0819930683696648,1.0819930683696648
11535,LiBOB,LiBOB,True,0.0,LiPDI,1.0819930683696648,1.0819930683696648
11536,LiBOB,LiBOB,True,0.0,LiPDI,1.0819930683696648,1.0819930683696648
11537,LiBOB,LiBOB,True,0.0,LiPDI,1.0819930683696648,1.0819930683696648
11538,LiBOB,LiBOB,True,0.0,LiPDI,1.0819930683696648,1.0819930683696648
11539,LiBOB,LiBOB,True,0.0,LiPDI,1.0819930683696648,1.0819930683696648
11540,LiBOB,LiBOB,True,0.0,LiPDI,1.0819930683696648,1.0819930683696648
11541,LiBOB,LiBOB,True,0.0,LiPDI,1.0819930683696648,1.0819930683696648
11542,LiBOB,LiBOB,True,0.0,LiPDI,1.0819930683696648,1.0819930683696648
11543,LiBOB,LiBOB,True,0.0,LiPDI,1.0819930683696648,1.0819930683696648
11544,LiBOB,LiBOB,True,0.0,LiPDI,1.0819930683696648,1.0819930683696648
11545,LiBOB,LiBOB,True,0.0,LiPDI,1.0819930683696648,1.0819930683696648
11546,LiBOB,LiBOB,True,0.0,LiPDI,1.0819930683696648,1.0819930683696648
11547,LiBOB,LiBOB,True,0.0,LiPDI,1.0819930683696648,1.0819930683696648
11548,LiBOB,LiBOB,True,0.0,LiPDI,1.0819930683696648,1.0819930683696648
11549,LiBOB,LiBOB,True,0.0,LiPDI,1.0819930683696648,1.0819930683696648
11550,LiBOB,LiBOB,True,0.0,LiPDI,1.0819930683696648,1.0819930683696648
11551,LiBOB,LiBOB,True,0.0,LiPDI,1.0819930683696648,1.0819930683696648
11552,LiBOB,LiBOB,True,0.0,LiPDI,1.0819930683696648,1.0819930683696648
11553,LiBOB,LiBOB,True,0.0,LiPDI,1.0819930683696648,1.0819930683696648
11554,LiBOB,LiBOB,True,0.0,LiPDI,1.0819930683696648,1.0819930683696648
11555,LiBOB,LiBOB,True,0.0,LiPDI,1.0819930683696648,1.0819930683696648
11556,LiBOB,LiBOB,True,0.0,LiPDI,1.0819930683696648,1.0819930683696648
11557,LiBOB,LiBOB,True,0.0,LiPDI,1.0819930683696648,1.0819930683696648
11558,LiBOB,LiBOB,True,0.0,LiPDI,1.0819930683696648,1.0819930683696648
11559,LiBOB,LiBOB,True,0.0,LiPDI,1.0819930683696648,1.0819930683696648
11560,LiBOB,LiBOB,True,0.0,LiPDI,1.0819930683696648,1.0819930683696648
11561,LiBOB,LiBOB,True,0.0,LiPDI,1.0819930683696648,1.0819930683696648
11562,LiBOB,LiBOB,True,0.0,LiPDI,1.0819930683696648,1.0819930683696648
11563,LiBOB,LiBOB,True,0.0,LiPDI,1.0819930683696648,1.0819930683696648
11564,LiBOB,LiBOB,True,0.0,LiPDI,1.0819930683696648,1.0819930683696648
11565,LiBOB,LiBOB,True,0.0,LiPDI,1.0819930683696648,1.0819930683696648
11566,LiBOB,LiBOB,True,0.0,LiPDI,1.0819930683696648,1.0819930683696648
11567,LiBOB,LiBOB,True,0.0,LiPDI,1.0819930683696648,1.0819930683696648
11568,LiBOB,LiBOB,True,0.0,LiPDI,1.0819930683696648,1.0819930683696648
11569,LiBOB,LiBOB,True,0.0,LiPDI,1.0819930683696648,1.0819930683696648
11570,LiBOB,LiBOB,True,0.0,LiPDI,1.0819930683696648,1.0819930683696648
11571,LiBOB,LiBOB,True,0.0,LiPDI,1.0819930683696648,1.0819930683696648
11572,LiBOB,LiBOB,True,0.0,LiPDI,1.0819930683696648,1.0819930683696648
11573,LiBOB,LiBOB,True,0.0,LiPDI,1.0819930683696648,1.0819930683696648
11574,LiBOB,LiBOB,True,0.0,LiPDI,1.0819930683696648,1.0819930683696648
11575,LiBOB,LiBOB,True,0.0,LiPDI,1.0819930683696648,1.0819930683696648
11576,LiBOB,LiBOB,True,0.0,LiPDI,1.0819930683696648,1.0819930683696648
11577,LiBOB,LiBOB,True,0.0,LiPDI,1.0819930683696648,1.0819930683696648
11578,LiBOB,LiBOB,True,0.0,LiPDI,1.0819930683696648,1.0819930683696648
11579,LiBOB,LiBOB,True,0.0,LiPDI,1.0819930683696648,1.0819930683696648
11580,LiBOB,LiBOB,True,0.0,LiPDI,1.0819930683696648,1.0819930683696648
11581,LiBOB,LiBOB,True,0.0,LiPDI,1.0819930683696648,1.0819930683696648
11582,LiBOB,LiBOB,True,0.0,LiPDI,1.0819930683696648,1.0819930683696648
11583,LiBOB,LiBOB,True,0.0,LiPDI,1.0819930683696648,1.0819930683696648
11584,LiBOB,LiBOB,True,0.0,LiPDI,1.0819930683696648,1.0819930683696648
11585,LiBOB,LiBOB,True,0.0,LiPDI,1.0819930683696648,1.0819930683696648
11586,LiBOB,LiBOB,True,0.0,LiPDI,1.0819930683696648,1.0819930683696648
11587,LiBOB,LiBOB,True,0.0,LiPDI,1.0819930683696648,1.0819930683696648
11588,LiBOB,LiBOB,True,0.0,LiPDI,1.0819930683696648,1.0819930683696648
11589,LiBOB,LiBOB,True,0.0,LiPDI,1.0819930683696648,1.0819930683696648
11590,LiBOB,LiBOB,True,0.0,LiPDI,1.0819930683696648,1.0819930683696648
11591,LiBOB,LiBOB,True,0.0,LiPDI,1.0819930683696648,1.0819930683696648
11592,LiBOB,LiBOB,True,0.0,LiPDI,1.0819930683696648,1.0819930683696648
11593,LiBOB,LiBOB,True,0.0,LiPDI,1.0819930683696648,1.0819930683696648
11594,LiBOB,LiBOB,True,0.0,LiPDI,1.0819930683696648,1.0819930683696648
11595,LiBOB,LiBOB,True,0.0,LiPDI,1.0819930683696648,1.0819930683696648
11596,LiBOB,LiBOB,True,0.0,LiPDI,1.0819930683696648,1.0819930683696648
11597,LiBOB,LiBOB,True,0.0,LiPDI,1.0819930683696648,1.0819930683696648
11598,LiBOB,LiBOB,True,0.0,LiPDI,1.0819930683696648,1.0819930683696648
11599,LiBOB,LiBOB,True,0.0,LiPDI,1.0819930683696648,1.0819930683696648
11600,LiBOB,LiBOB,True,0.0,LiPDI,1.0819930683696648,1.0819930683696648
11601,LiBOB,LiBOB,True,0.0,LiPDI,1.0819930683696648,1.0819930683696648
11602,LiBOB,LiBOB,True,0.0,LiPDI,1.0819930683696648,1.0819930683696648
11603,LiBOB,LiBOB,True,0.0,LiPDI,1.0819930683696648,1.0819930683696648
11604,LiBOB,LiBOB,True,0.0,LiPDI,1.0819930683696648,1.0819930683696648
11605,LiBOB,LiBOB,True,0.0,LiPDI,1.0819930683696648,1.0819930683696648
11606,LiBOB,LiBOB,True,0.0,LiPDI,1.0819930683696648,1.0819930683696648
11607,LiBOB,LiBOB,True,0.0,LiPDI,1.0819930683696648,1.0819930683696648
11608,LiBOB,LiBOB,True,0.0,LiPDI,1.0819930683696648,1.0819930683696648
11609,LiBOB,LiBOB,True,0.0,LiPDI,1.0819930683696648,1.0819930683696648
11610,LiBOB,LiBOB,True,0.0,LiPDI,1.0819930683696648,1.0819930683696648
11611,LiBOB,LiBOB,True,0.0,LiPDI,1.0819930683696648,1.0819930683696648
11612,LiBOB,LiBOB,True,0.0,LiPDI,1.0819930683696648,1.0819930683696648
11613,LiBOB,LiBOB,True,0.0,LiPDI,1.0819930683696648,1.0819930683696648
11614,LiBOB,LiBOB,True,0.0,LiPDI,1.0819930683696648,1.0819930683696648
11615,LiBOB,LiBOB,True,0.0,LiPDI,1.0819930683696648,1.0819930683696648
11616,LiBOB,LiBOB,True,0.0,LiPDI,1.0819930683696648,1.0819930683696648
11617,LiBOB,LiBOB,True,0.0,LiPDI,1.0819930683696648,1.0819930683696648
11618,LiBOB,LiBOB,True,0.0,LiPDI,1.0819930683696648,1.0819930683696648
11619,LiBOB,LiBOB,True,0.0,LiPDI,1.0819930683696648,1.0819930683696648
11620,LiBOB,LiBOB,True,0.0,LiPDI,1.0819930683696648,1.0819930683696648
11621,LiBOB,LiBOB,True,0.0,LiPDI,1.0819930683696648,1.0819930683696648
11622,LiBOB,LiBOB,True,0.0,LiPDI,1.0819930683696648,1.0819930683696648
11623,LiBOB,LiBOB,True,0.0,LiPDI,1.0819930683696648,1.0819930683696648
11624,LiBOB,LiBOB,True,0.0,LiPDI,1.0819930683696648,1.0819930683696648
11625,LiBOB,LiBOB,True,0.0,LiPDI,1.0819930683696648,1.0819930683696648
11626,LiBOB,LiBOB,True,0.0,LiPDI,1.0819930683696648,1.0819930683696648
11627,LiBOB,LiBOB,True,0.0,LiPDI,1.0819930683696648,1.0819930683696648
11628,LiBOB,LiBOB,True,0.0,LiPDI,1.0819930683696648,1.0819930683696648
11629,LiBOB,LiBOB,True,0.0,LiPDI,1.0819930683696648,1.0819930683696648
11630,LiBOB,LiBOB,True,0.0,LiPDI,1.0819930683696648,1.0819930683696648
11631,LiBOB,LiBOB,True,0.0,LiPDI,1.0819930683696648,1.0819930683696648
11632,LiBOB,LiBOB,True,0.0,LiPDI,1.0819930683696648,1.0819930683696648
11633,LiBOB,LiBOB,True,0.0,LiPDI,1.0819930683696648,1.0819930683696648
11634,LiBOB,LiBOB,True,0.0,LiPDI,1.0819930683696648,1.0819930683696648
11635,LiBOB,LiBOB,True,0.0,LiPDI,1.0819930683696648,1.0819930683696648
11636,LiBOB,LiBOB,True,0.0,LiPDI,1.0819930683696648,1.0819930683696648
11637,LiBOB,LiBOB,True,0.0,LiPDI,1.0819930683696648,1.0819930683696648
11638,LiBOB,LiBOB,True,0.0,LiPDI,1.0819930683696648,1.0819930683696648
11639,LiBOB,LiBOB,True,0.0,LiPDI,1.0819930683696648,1.0819930683696648
11640,LiBOB,LiBOB,True,0.0,LiPDI,1.0819930683696648,1.0819930683696648
11641,LiBOB,LiBOB,True,0.0,LiPDI,1.0819930683696648,1.0819930683696648
11642,LiBOB,LiBOB,True,0.0,LiPDI,1.0819930683696648,1.0819930683696648
11643,LiBOB,LiBOB,True,0.0,LiPDI,1.0819930683696648,1.0819930683696648
11644,LiBOB,LiBOB,True,0.0,LiPDI,1.0819930683696648,1.0819930683696648
11645,LiBOB,LiBOB,True,0.0,LiPDI,1.0819930683696648,1.0819930683696648
11646,LiBOB,LiBOB,True,0.0,LiPDI,1.0819930683696648,1.0819930683696648
11647,LiBOB,LiBOB,True,0.0,LiPDI,1.0819930683696648,1.0819930683696648
11648,LiBOB,LiBOB,True,0.0,LiPDI,1.0819930683696648,1.0819930683696648
11649,LiBOB,LiBOB,True,0.0,LiPDI,1.0819930683696648,1.0819930683696648
11650,LiBOB,LiBOB,True,0.0,LiPDI,1.0819930683696648,1.0819930683696648
11651,LiBOB,LiBOB,True,0.0,LiPDI,1.0819930683696648,1.0819930683696648
11652,LiBOB,LiBOB,True,0.0,LiPDI,1.0819930683696648,1.0819930683696648
11653,LiBOB,LiBOB,True,0.0,LiPDI,1.0819930683696648,1.0819930683696648
11654,LiBOB,LiBOB,True,0.0,LiPDI,1.0819930683696648,1.0819930683696648
11655,LiBOB,LiBOB,True,0.0,LiPDI,1.0819930683696648,1.0819930683696648
11656,LiBOB,LiBOB,True,0.0,LiPDI,1.0819930683696648,1.0819930683696648
11657,LiBOB,LiBOB,True,0.0,LiPDI,1.0819930683696648,1.0819930683696648
11658,LiBOB,LiBOB,True,0.0,LiPDI,1.0819930683696648,1.0819930683696648
11659,LiBOB,LiBOB,True,0.0,LiPDI,1.0819930683696648,1.0819930683696648
11660,LiBOB,LiBOB,True,0.0,LiPDI,1.0819930683696648,1.0819930683696648
11661,LiBOB,LiBOB,True,0.0,LiPDI,1.0819930683696648,1.0819930683696648
11662,LiBOB,LiBOB,True,0.0,LiPDI,1.0819930683696648,1.0819930683696648
11663,LiPF6,LiPF6,True,0.0,LiCF3SO3,2.3030468948764367,2.3030468948764367
11664,LiPF6,LiPF6,True,0.0,LiCF3SO3,2.3030468948764367,2.3030468948764367
11665,LiPF6,LiPF6,True,0.0,LiCF3SO3,2.3030468948764367,2.3030468948764367
11666,LiPF6,LiPF6,True,0.0,LiCF3SO3,2.3030468948764367,2.3030468948764367
11667,LiPF6,LiPF6,True,0.0,LiCF3SO3,2.3030468948764367,2.3030468948764367
11668,LiPF6,LiPF6,True,0.0,LiCF3SO3,2.3030468948764367,2.3030468948764367
11669,LiPF6,LiPF6,True,0.0,LiCF3SO3,2.3030468948764367,2.3030468948764367
11670,LiPF6,LiPF6,True,0.0,LiCF3SO3,2.3030468948764367,2.3030468948764367
11671,LiPF6,LiPF6,True,0.0,LiCF3SO3,2.3030468948764367,2.3030468948764367
11672,LiPF6,LiPF6,True,0.0,LiCF3SO3,2.3030468948764367,2.3030468948764367
11673,LiPF6,LiPF6,True,0.0,LiCF3SO3,2.3030468948764367,2.3030468948764367
11674,LiPF6,LiPF6,True,0.0,LiCF3SO3,2.3030468948764367,2.3030468948764367
11675,LiPF6,LiPF6,True,0.0,LiCF3SO3,2.3030468948764367,2.3030468948764367
11676,LiPF6,LiPF6,True,0.0,LiCF3SO3,2.3030468948764367,2.3030468948764367
11677,LiPF6,LiPF6,True,0.0,LiCF3SO3,2.3030468948764367,2.3030468948764367
11678,LiPF6,LiPF6,True,0.0,LiCF3SO3,2.3030468948764367,2.3030468948764367
11679,LiPF6,LiPF6,True,0.0,LiCF3SO3,2.3030468948764367,2.3030468948764367
11680,LiPF6,LiPF6,True,0.0,LiCF3SO3,2.3030468948764367,2.3030468948764367
11681,LiPF6,LiPF6,True,0.0,LiCF3SO3,2.3030468948764367,2.3030468948764367
11682,LiPF6,LiPF6,True,0.0,LiCF3SO3,2.3030468948764367,2.3030468948764367
11683,LiPF6,LiPF6,True,0.0,LiCF3SO3,2.3030468948764367,2.3030468948764367
11684,LiPF6,LiPF6,True,0.0,LiCF3SO3,2.3030468948764367,2.3030468948764367
11685,LiPF6,LiPF6,True,0.0,LiCF3SO3,2.3030468948764367,2.3030468948764367
11686,LiPF6,LiPF6,True,0.0,LiCF3SO3,2.3030468948764367,2.3030468948764367
11687,LiPF6,LiPF6,True,0.0,LiCF3SO3,2.3030468948764367,2.3030468948764367
11688,LiPF6,LiPF6,True,0.0,LiCF3SO3,2.3030468948764367,2.3030468948764367
11689,LiPF6,LiPF6,True,0.0,LiCF3SO3,2.3030468948764367,2.3030468948764367
11690,LiPF6,LiPF6,True,0.0,LiCF3SO3,2.3030468948764367,2.3030468948764367
11691,LiPF6,LiPF6,True,0.0,LiCF3SO3,2.3030468948764367,2.3030468948764367
11692,LiPF6,LiPF6,True,0.0,LiCF3SO3,2.3030468948764367,2.3030468948764367
11693,LiPF6,LiPF6,True,0.0,LiCF3SO3,2.3030468948764367,2.3030468948764367
11694,LiPF6,LiPF6,True,0.0,LiCF3SO3,2.3030468948764367,2.3030468948764367
11695,LiPF6,LiPF6,True,0.0,LiCF3SO3,2.3030468948764367,2.3030468948764367
11696,LiPF6,LiPF6,True,0.0,LiCF3SO3,2.3030468948764367,2.3030468948764367
11697,LiPF6,LiPF6,True,0.0,LiCF3SO3,2.3030468948764367,2.3030468948764367
11698,LiPF6,LiPF6,True,0.0,LiCF3SO3,2.3030468948764367,2.3030468948764367
11699,LiPF6,LiPF6,True,0.0,LiCF3SO3,2.3030468948764367,2.3030468948764367
11700,LiPF6,LiPF6,True,0.0,LiCF3SO3,2.3030468948764367,2.3030468948764367
11701,LiPF6,LiPF6,True,0.0,LiCF3SO3,2.3030468948764367,2.3030468948764367
11702,LiPF6,LiPF6,True,0.0,LiCF3SO3,2.3030468948764367,2.3030468948764367
11703,LiPF6,LiPF6,True,0.0,LiCF3SO3,2.3030468948764367,2.3030468948764367
11704,LiPF6,LiPF6,True,0.0,LiCF3SO3,2.3030468948764367,2.3030468948764367
11705,LiPF6,LiPF6,True,0.0,LiCF3SO3,2.3030468948764367,2.3030468948764367
11706,LiPF6,LiPF6,True,0.0,LiCF3SO3,2.3030468948764367,2.3030468948764367
11707,LiPF6,LiPF6,True,0.0,LiCF3SO3,2.3030468948764367,2.3030468948764367
11708,LiPF6,LiPF6,True,0.0,LiCF3SO3,2.3030468948764367,2.3030468948764367
11709,LiPF6,LiPF6,True,0.0,LiCF3SO3,2.3030468948764367,2.3030468948764367
11710,LiPF6,LiPF6,True,0.0,LiCF3SO3,2.3030468948764367,2.3030468948764367
11711,LiPF6,LiPF6,True,0.0,LiCF3SO3,2.3030468948764367,2.3030468948764367
11712,LiPF6,LiPF6,True,0.0,LiCF3SO3,2.3030468948764367,2.3030468948764367
11713,LiPF6,LiPF6,True,0.0,LiCF3SO3,2.3030468948764367,2.3030468948764367
11714,LiPF6,LiPF6,True,0.0,LiCF3SO3,2.3030468948764367,2.3030468948764367
11715,LiPF6,LiPF6,True,0.0,LiCF3SO3,2.3030468948764367,2.3030468948764367
11716,LiPF6,LiPF6,True,0.0,LiCF3SO3,2.3030468948764367,2.3030468948764367
11717,LiPF6,LiPF6,True,0.0,LiCF3SO3,2.3030468948764367,2.3030468948764367
11718,LiPF6,LiPF6,True,0.0,LiCF3SO3,2.3030468948764367,2.3030468948764367
11719,LiPF6,LiPF6,True,0.0,LiCF3SO3,2.3030468948764367,2.3030468948764367
11720,LiPF6,LiPF6,True,0.0,LiCF3SO3,2.3030468948764367,2.3030468948764367
11721,LiPF6,LiPF6,True,0.0,LiCF3SO3,2.3030468948764367,2.3030468948764367
11722,LiPF6,LiPF6,True,0.0,LiCF3SO3,2.3030468948764367,2.3030468948764367
11723,LiPF6,LiPF6,True,0.0,LiCF3SO3,2.3030468948764367,2.3030468948764367
11724,LiPF6,LiPF6,True,0.0,LiCF3SO3,2.3030468948764367,2.3030468948764367
11725,LiPF6,LiPF6,True,0.0,LiCF3SO3,2.3030468948764367,2.3030468948764367
11726,LiPF6,LiPF6,True,0.0,LiCF3SO3,2.3030468948764367,2.3030468948764367
11727,LiPF6,LiPF6,True,0.0,LiCF3SO3,2.3030468948764367,2.3030468948764367
11728,LiPF6,LiPF6,True,0.0,LiCF3SO3,2.3030468948764367,2.3030468948764367
11729,LiPF6,LiPF6,True,0.0,LiCF3SO3,2.3030468948764367,2.3030468948764367
11730,LiPF6,LiPF6,True,0.0,LiCF3SO3,2.3030468948764367,2.3030468948764367
11731,LiPF6,LiPF6,True,0.0,LiCF3SO3,2.3030468948764367,2.3030468948764367
11732,LiPF6,LiPF6,True,0.0,LiCF3SO3,2.3030468948764367,2.3030468948764367
11733,LiPF6,LiPF6,True,0.0,LiCF3SO3,2.3030468948764367,2.3030468948764367
11734,LiPF6,LiPF6,True,0.0,LiCF3SO3,2.3030468948764367,2.3030468948764367
11735,LiPF6,LiPF6,True,0.0,LiCF3SO3,2.3030468948764367,2.3030468948764367
11736,LiPF6,LiPF6,True,0.0,LiCF3SO3,2.3030468948764367,2.3030468948764367
11737,LiPF6,LiPF6,True,0.0,LiCF3SO3,2.3030468948764367,2.3030468948764367
11738,LiPF6,LiPF6,True,0.0,LiCF3SO3,2.3030468948764367,2.3030468948764367
11739,LiPF6,LiPF6,True,0.0,LiCF3SO3,2.3030468948764367,2.3030468948764367
11740,LiPF6,LiPF6,True,0.0,LiCF3SO3,2.3030468948764367,2.3030468948764367
11741,LiPF6,LiPF6,True,0.0,LiCF3SO3,2.3030468948764367,2.3030468948764367
11742,LiPF6,LiPF6,True,0.0,LiCF3SO3,2.3030468948764367,2.3030468948764367
11743,LiPF6,LiPF6,True,0.0,LiCF3SO3,2.3030468948764367,2.3030468948764367
11744,LiPF6,LiPF6,True,0.0,LiCF3SO3,2.3030468948764367,2.3030468948764367
11745,LiPF6,LiPF6,True,0.0,LiCF3SO3,2.3030468948764367,2.3030468948764367
11746,LiPF6,LiPF6,True,0.0,LiCF3SO3,2.3030468948764367,2.3030468948764367
11747,LiPF6,LiPF6,True,0.0,LiCF3SO3,2.3030468948764367,2.3030468948764367
11748,LiPF6,LiPF6,True,0.0,LiCF3SO3,2.3030468948764367,2.3030468948764367
11749,LiPF6,LiPF6,True,0.0,LiCF3SO3,2.3030468948764367,2.3030468948764367
11750,LiPF6,LiPF6,True,0.0,LiCF3SO3,2.3030468948764367,2.3030468948764367
11751,LiPF6,LiPF6,True,0.0,LiCF3SO3,2.3030468948764367,2.3030468948764367
11752,LiPF6,LiPF6,True,0.0,LiCF3SO3,2.3030468948764367,2.3030468948764367
11753,LiPF6,LiPF6,True,0.0,LiCF3SO3,2.3030468948764367,2.3030468948764367
11754,LiPF6,LiPF6,True,0.0,LiCF3SO3,2.3030468948764367,2.3030468948764367
11755,LiPF6,LiPF6,True,0.0,LiCF3SO3,2.3030468948764367,2.3030468948764367
11756,LiPF6,LiPF6,True,0.0,LiCF3SO3,2.3030468948764367,2.3030468948764367
11757,LiPF6,LiPF6,True,0.0,LiCF3SO3,2.3030468948764367,2.3030468948764367
11758,LiPF6,LiPF6,True,0.0,LiCF3SO3,2.3030468948764367,2.3030468948764367
11759,LiPF6,LiPF6,True,0.0,LiCF3SO3,2.3030468948764367,2.3030468948764367
11760,LiPF6,LiPF6,True,0.0,LiCF3SO3,2.3030468948764367,2.3030468948764367
11761,LiPF6,LiPF6,True,0.0,LiCF3SO3,2.3030468948764367,2.3030468948764367
11762,LiPF6,LiPF6,True,0.0,LiCF3SO3,2.3030468948764367,2.3030468948764367
11763,LiPF6,LiPF6,True,0.0,LiCF3SO3,2.3030468948764367,2.3030468948764367
11764,LiPF6,LiPF6,True,0.0,LiCF3SO3,2.3030468948764367,2.3030468948764367
11765,LiPF6,LiPF6,True,0.0,LiCF3SO3,2.3030468948764367,2.3030468948764367
11766,LiPF6,LiPF6,True,0.0,LiCF3SO3,2.3030468948764367,2.3030468948764367
11767,LiPF6,LiPF6,True,0.0,LiCF3SO3,2.3030468948764367,2.3030468948764367
11768,LiPF6,LiPF6,True,0.0,LiCF3SO3,2.3030468948764367,2.3030468948764367
11769,LiPF6,LiPF6,True,0.0,LiCF3SO3,2.3030468948764367,2.3030468948764367
11770,LiPF6,LiPF6,True,0.0,LiCF3SO3,2.3030468948764367,2.3030468948764367
11771,LiPF6,LiPF6,True,0.0,LiCF3SO3,2.3030468948764367,2.3030468948764367
11772,LiPF6,LiPF6,True,0.0,LiCF3SO3,2.3030468948764367,2.3030468948764367
11773,LiPF6,LiPF6,True,0.0,LiCF3SO3,2.3030468948764367,2.3030468948764367
11774,LiPF6,LiPF6,True,0.0,LiCF3SO3,2.3030468948764367,2.3030468948764367
11775,LiPF6,LiPF6,True,0.0,LiCF3SO3,2.3030468948764367,2.3030468948764367
11776,LiPF6,LiPF6,True,0.0,LiCF3SO3,2.3030468948764367,2.3030468948764367
11777,LiPF6,LiPF6,True,0.0,LiCF3SO3,2.3030468948764367,2.3030468948764367
11778,LiPF6,LiPF6,True,0.0,LiCF3SO3,2.3030468948764367,2.3030468948764367
11779,LiPF6,LiPF6,True,0.0,LiCF3SO3,2.3030468948764367,2.3030468948764367
11780,LiPF6,LiPF6,True,0.0,LiCF3SO3,2.3030468948764367,2.3030468948764367
11781,LiPF6,LiPF6,True,0.0,LiCF3SO3,2.3030468948764367,2.3030468948764367
11782,LiPF6,LiPF6,True,0.0,LiCF3SO3,2.3030468948764367,2.3030468948764367
11783,LiPF6,LiPF6,True,0.0,LiCF3SO3,2.3030468948764367,2.3030468948764367
11784,LiPF6,LiPF6,True,0.0,LiCF3SO3,2.3030468948764367,2.3030468948764367
11785,LiPF6,LiPF6,True,0.0,LiCF3SO3,2.3030468948764367,2.3030468948764367
11786,LiPF6,LiPF6,True,0.0,LiCF3SO3,2.3030468948764367,2.3030468948764367
11787,LiPF6,LiPF6,True,0.0,LiCF3SO3,2.3030468948764367,2.3030468948764367
11788,LiPF6,LiPF6,True,0.0,LiCF3SO3,2.3030468948764367,2.3030468948764367
11789,LiPF6,LiPF6,True,0.0,LiCF3SO3,2.3030468948764367,2.3030468948764367
11790,LiPF6,LiPF6,True,0.0,LiCF3SO3,2.3030468948764367,2.3030468948764367
11791,LiPF6,LiPF6,True,0.0,LiCF3SO3,2.3030468948764367,2.3030468948764367
11792,LiPF6,LiPF6,True,0.0,LiCF3SO3,2.3030468948764367,2.3030468948764367
11793,LiPF6,LiPF6,True,0.0,LiCF3SO3,2.3030468948764367,2.3030468948764367
11794,LiPF6,LiPF6,True,0.0,LiCF3SO3,2.3030468948764367,2.3030468948764367
11795,LiPF6,LiPF6,True,0.0,LiCF3SO3,2.3030468948764367,2.3030468948764367
11796,LiPF6,LiPF6,True,0.0,LiCF3SO3,2.3030468948764367,2.3030468948764367
11797,LiPF6,LiPF6,True,0.0,LiCF3SO3,2.3030468948764367,2.3030468948764367
11798,LiPF6,LiPF6,True,0.0,LiCF3SO3,2.3030468948764367,2.3030468948764367
11799,LiPF6,LiPF6,True,0.0,LiCF3SO3,2.3030468948764367,2.3030468948764367
11800,LiPF6,LiPF6,True,0.0,LiCF3SO3,2.3030468948764367,2.3030468948764367
11801,LiPF6,LiPF6,True,0.0,LiCF3SO3,2.3030468948764367,2.3030468948764367
11802,LiPF6,LiPF6,True,0.0,LiCF3SO3,2.3030468948764367,2.3030468948764367
11803,LiPF6,LiPF6,True,0.0,LiCF3SO3,2.3030468948764367,2.3030468948764367
11804,LiPF6,LiPF6,True,0.0,LiCF3SO3,2.3030468948764367,2.3030468948764367
11805,LiPF6,LiPF6,True,0.0,LiCF3SO3,2.3030468948764367,2.3030468948764367
11806,LiPF6,LiPF6,True,0.0,LiCF3SO3,2.3030468948764367,2.3030468948764367
11807,LiPF6,LiPF6,True,0.0,LiCF3SO3,2.3030468948764367,2.3030468948764367
11808,LiPF6,LiPF6,True,0.0,LiCF3SO3,2.3030468948764367,2.3030468948764367
11809,LiPF6,LiPF6,True,0.0,LiCF3SO3,2.3030468948764367,2.3030468948764367
11810,LiPF6,LiPF6,True,0.0,LiCF3SO3,2.3030468948764367,2.3030468948764367
11811,LiPF6,LiPF6,True,0.0,LiCF3SO3,2.3030468948764367,2.3030468948764367
11812,LiPF6,LiPF6,True,0.0,LiCF3SO3,2.3030468948764367,2.3030468948764367
11813,LiPF6,LiPF6,True,0.0,LiCF3SO3,2.3030468948764367,2.3030468948764367
11814,LiPF6,LiPF6,True,0.0,LiCF3SO3,2.3030468948764367,2.3030468948764367
11815,LiPF6,LiPF6,True,0.0,LiCF3SO3,2.3030468948764367,2.3030468948764367
11816,LiPF6,LiPF6,True,0.0,LiCF3SO3,2.3030468948764367,2.3030468948764367
11817,LiPF6,LiPF6,True,0.0,LiCF3SO3,2.3030468948764367,2.3030468948764367
11818,LiPF6,LiPF6,True,0.0,LiCF3SO3,2.3030468948764367,2.3030468948764367
11819,LiPF6,LiPF6,True,0.0,LiCF3SO3,2.3030468948764367,2.3030468948764367
11820,LiPF6,LiPF6,True,0.0,LiCF3SO3,2.3030468948764367,2.3030468948764367
11821,LiPF6,LiPF6,True,0.0,LiCF3SO3,2.3030468948764367,2.3030468948764367
11822,LiPF6,LiPF6,True,0.0,LiCF3SO3,2.3030468948764367,2.3030468948764367
11823,LiPF6,LiPF6,True,0.0,LiCF3SO3,2.3030468948764367,2.3030468948764367
11824,LiPF6,LiPF6,True,0.0,LiCF3SO3,2.3030468948764367,2.3030468948764367
11825,LiPF6,LiPF6,True,0.0,LiCF3SO3,2.3030468948764367,2.3030468948764367
11826,LiPF6,LiPF6,True,0.0,LiCF3SO3,2.3030468948764367,2.3030468948764367
11827,LiPF6,LiPF6,True,0.0,LiCF3SO3,2.3030468948764367,2.3030468948764367
11828,LiPF6,LiPF6,True,0.0,LiCF3SO3,2.3030468948764367,2.3030468948764367
11829,LiPF6,LiPF6,True,0.0,LiCF3SO3,2.3030468948764367,2.3030468948764367
11830,LiPF6,LiPF6,True,0.0,LiCF3SO3,2.3030468948764367,2.3030468948764367
11831,LiPF6,LiPF6,True,0.0,LiCF3SO3,2.3030468948764367,2.3030468948764367
11832,LiPF6,LiPF6,True,0.0,LiCF3SO3,2.3030468948764367,2.3030468948764367
11833,LiPF6,LiPF6,True,0.0,LiCF3SO3,2.3030468948764367,2.3030468948764367
11834,LiPF6,LiPF6,True,0.0,LiCF3SO3,2.3030468948764367,2.3030468948764367
11835,LiPF6,LiPF6,True,0.0,LiCF3SO3,2.3030468948764367,2.3030468948764367
11836,LiPF6,LiPF6,True,0.0,LiCF3SO3,2.3030468948764367,2.3030468948764367
11837,LiPF6,LiPF6,True,0.0,LiCF3SO3,2.3030468948764367,2.3030468948764367
11838,LiPF6,LiPF6,True,0.0,LiCF3SO3,2.3030468948764367,2.3030468948764367
11839,LiPF6,LiPF6,True,0.0,LiCF3SO3,2.3030468948764367,2.3030468948764367
11840,LiPF6,LiPF6,True,0.0,LiCF3SO3,2.3030468948764367,2.3030468948764367
11841,LiPF6,LiPF6,True,0.0,LiCF3SO3,2.3030468948764367,2.3030468948764367
11842,LiPF6,LiPF6,True,0.0,LiCF3SO3,2.3030468948764367,2.3030468948764367
11843,LiPF6,LiPF6,True,0.0,LiCF3SO3,2.3030468948764367,2.3030468948764367
11844,LiPF6,LiPF6,True,0.0,LiCF3SO3,2.3030468948764367,2.3030468948764367
11845,LiPF6,LiPF6,True,0.0,LiCF3SO3,2.3030468948764367,2.3030468948764367
11846,LiPF6,LiPF6,True,0.0,LiCF3SO3,2.3030468948764367,2.3030468948764367
11847,LiPF6,LiPF6,True,0.0,LiCF3SO3,2.3030468948764367,2.3030468948764367
11848,LiPF6,LiPF6,True,0.0,LiCF3SO3,2.3030468948764367,2.3030468948764367
11849,LiPF6,LiPF6,True,0.0,LiCF3SO3,2.3030468948764367,2.3030468948764367
11850,LiPF6,LiPF6,True,0.0,LiCF3SO3,2.3030468948764367,2.3030468948764367
11851,LiPF6,LiPF6,True,0.0,LiCF3SO3,2.3030468948764367,2.3030468948764367
11852,LiPF6,LiPF6,True,0.0,LiCF3SO3,2.3030468948764367,2.3030468948764367
11853,LiPF6,LiPF6,True,0.0,LiCF3SO3,2.3030468948764367,2.3030468948764367
11854,LiPF6,LiPF6,True,0.0,LiCF3SO3,2.3030468948764367,2.3030468948764367
11855,LiPF6,LiPF6,True,0.0,LiCF3SO3,2.3030468948764367,2.3030468948764367
11856,LiPF6,LiPF6,True,0.0,LiCF3SO3,2.3030468948764367,2.3030468948764367
11857,LiPF6,LiPF6,True,0.0,LiCF3SO3,2.3030468948764367,2.3030468948764367
11858,LiPF6,LiPF6,True,0.0,LiCF3SO3,2.3030468948764367,2.3030468948764367
11859,LiPF6,LiPF6,True,0.0,LiCF3SO3,2.3030468948764367,2.3030468948764367
11860,LiPF6,LiPF6,True,0.0,LiCF3SO3,2.3030468948764367,2.3030468948764367
11861,LiPF6,LiPF6,True,0.0,LiCF3SO3,2.3030468948764367,2.3030468948764367
11862,LiPF6,LiPF6,True,0.0,LiCF3SO3,2.3030468948764367,2.3030468948764367
11863,LiPF6,LiPF6,True,0.0,LiCF3SO3,2.3030468948764367,2.3030468948764367
11864,LiPF6,LiPF6,True,0.0,LiCF3SO3,2.3030468948764367,2.3030468948764367
11865,LiPF6,LiPF6,True,0.0,LiCF3SO3,2.3030468948764367,2.3030468948764367
11866,LiPF6,LiPF6,True,0.0,LiCF3SO3,2.3030468948764367,2.3030468948764367
11867,LiPF6,LiPF6,True,0.0,LiCF3SO3,2.3030468948764367,2.3030468948764367
11868,LiPF6,LiPF6,True,0.0,LiCF3SO3,2.3030468948764367,2.3030468948764367
11869,LiPF6,LiPF6,True,0.0,LiCF3SO3,2.3030468948764367,2.3030468948764367
11870,LiPF6,LiPF6,True,0.0,LiCF3SO3,2.3030468948764367,2.3030468948764367
11871,LiPF6,LiPF6,True,0.0,LiCF3SO3,2.3030468948764367,2.3030468948764367
11872,LiPF6,LiPF6,True,0.0,LiCF3SO3,2.3030468948764367,2.3030468948764367
11873,LiPF6,LiPF6,True,0.0,LiCF3SO3,2.3030468948764367,2.3030468948764367
11874,LiPF6,LiPF6,True,0.0,LiCF3SO3,2.3030468948764367,2.3030468948764367
11875,LiPF6,LiPF6,True,0.0,LiCF3SO3,2.3030468948764367,2.3030468948764367
11876,LiPF6,LiPF6,True,0.0,LiCF3SO3,2.3030468948764367,2.3030468948764367
11877,LiPF6,LiPF6,True,0.0,LiCF3SO3,2.3030468948764367,2.3030468948764367
11878,LiPF6,LiPF6,True,0.0,LiCF3SO3,2.3030468948764367,2.3030468948764367
11879,LiPF6,LiPF6,True,0.0,LiCF3SO3,2.3030468948764367,2.3030468948764367
11880,LiPF6,LiPF6,True,0.0,LiCF3SO3,2.3030468948764367,2.3030468948764367
11881,LiPF6,LiPF6,True,0.0,LiCF3SO3,2.3030468948764367,2.3030468948764367
11882,LiPF6,LiPF6,True,0.0,LiCF3SO3,2.3030468948764367,2.3030468948764367
11883,LiPF6,LiPF6,True,0.0,LiCF3SO3,2.3030468948764367,2.3030468948764367
11884,LiPF6,LiPF6,True,0.0,LiCF3SO3,2.3030468948764367,2.3030468948764367
11885,LiPF6,LiPF6,True,0.0,LiCF3SO3,2.3030468948764367,2.3030468948764367
11886,LiPF6,LiPF6,True,0.0,LiCF3SO3,2.3030468948764367,2.3030468948764367
11887,LiPF6,LiPF6,True,0.0,LiCF3SO3,2.3030468948764367,2.3030468948764367
11888,LiPF6,LiPF6,True,0.0,LiCF3SO3,2.3030468948764367,2.3030468948764367
11889,LiPF6,LiPF6,True,0.0,LiCF3SO3,2.3030468948764367,2.3030468948764367
11890,LiPF6,LiPF6,True,0.0,LiCF3SO3,2.3030468948764367,2.3030468948764367
11891,LiPF6,LiPF6,True,0.0,LiCF3SO3,2.3030468948764367,2.3030468948764367
11892,LiPF6,LiPF6,True,0.0,LiCF3SO3,2.3030468948764367,2.3030468948764367
11893,LiPF6,LiPF6,True,0.0,LiCF3SO3,2.3030468948764367,2.3030468948764367
11894,LiPF6,LiPF6,True,0.0,LiCF3SO3,2.3030468948764367,2.3030468948764367
11895,LiPF6,LiPF6,True,0.0,LiCF3SO3,2.3030468948764367,2.3030468948764367
11896,LiPF6,LiPF6,True,0.0,LiCF3SO3,2.3030468948764367,2.3030468948764367
11897,LiPF6,LiPF6,True,0.0,LiCF3SO3,2.3030468948764367,2.3030468948764367
11898,LiPF6,LiPF6,True,0.0,LiCF3SO3,2.3030468948764367,2.3030468948764367
11899,LiPF6,LiPF6,True,0.0,LiCF3SO3,2.3030468948764367,2.3030468948764367
11900,LiPF6,LiPF6,True,0.0,LiCF3SO3,2.3030468948764367,2.3030468948764367
11901,LiPF6,LiPF6,True,0.0,LiCF3SO3,2.3030468948764367,2.3030468948764367
11902,LiPF6,LiPF6,True,0.0,LiCF3SO3,2.3030468948764367,2.3030468948764367
11903,LiPF6,LiPF6,True,0.0,LiCF3SO3,2.3030468948764367,2.3030468948764367
11904,LiPF6,LiPF6,True,0.0,LiCF3SO3,2.3030468948764367,2.3030468948764367
11905,LiPF6,LiPF6,True,0.0,LiCF3SO3,2.3030468948764367,2.3030468948764367
11906,LiPF6,LiPF6,True,0.0,LiCF3SO3,2.3030468948764367,2.3030468948764367
11907,LiPF6,LiPF6,True,0.0,LiCF3SO3,2.3030468948764367,2.3030468948764367
11908,LiPF6,LiPF6,True,0.0,LiCF3SO3,2.3030468948764367,2.3030468948764367
11909,LiPF6,LiPF6,True,0.0,LiCF3SO3,2.3030468948764367,2.3030468948764367
11910,LiPF6,LiPF6,True,0.0,LiCF3SO3,2.3030468948764367,2.3030468948764367
11911,LiPF6,LiPF6,True,0.0,LiCF3SO3,2.3030468948764367,2.3030468948764367
11912,LiPF6,LiPF6,True,0.0,LiCF3SO3,2.3030468948764367,2.3030468948764367
11913,LiPF6,LiPF6,True,0.0,LiCF3SO3,2.3030468948764367,2.3030468948764367
11914,LiPF6,LiPF6,True,0.0,LiCF3SO3,2.3030468948764367,2.3030468948764367
11915,LiPF6,LiPF6,True,0.0,LiCF3SO3,2.3030468948764367,2.3030468948764367
11916,LiPF6,LiPF6,True,0.0,LiCF3SO3,2.3030468948764367,2.3030468948764367
11917,LiPF6,LiPF6,True,0.0,LiCF3SO3,2.3030468948764367,2.3030468948764367
11918,LiPF6,LiPF6,True,0.0,LiCF3SO3,2.3030468948764367,2.3030468948764367
11919,LiPF6,LiPF6,True,0.0,LiCF3SO3,2.3030468948764367,2.3030468948764367
11920,LiPF6,LiPF6,True,0.0,LiCF3SO3,2.3030468948764367,2.3030468948764367
11921,LiPF6,LiPF6,True,0.0,LiCF3SO3,2.3030468948764367,2.3030468948764367
11922,LiPF6,LiPF6,True,0.0,LiCF3SO3,2.3030468948764367,2.3030468948764367
11923,LiPF6,LiPF6,True,0.0,LiCF3SO3,2.3030468948764367,2.3030468948764367
11924,LiPF6,LiPF6,True,0.0,LiCF3SO3,2.3030468948764367,2.3030468948764367
11925,LiPF6,LiPF6,True,0.0,LiCF3SO3,2.3030468948764367,2.3030468948764367
11926,LiPF6,LiPF6,True,0.0,LiCF3SO3,2.3030468948764367,2.3030468948764367
11927,LiPF6,LiPF6,True,0.0,LiCF3SO3,2.3030468948764367,2.3030468948764367
11928,LiPF6,LiPF6,True,0.0,LiCF3SO3,2.3030468948764367,2.3030468948764367
11929,LiPF6,LiPF6,True,0.0,LiCF3SO3,2.3030468948764367,2.3030468948764367
11930,LiPF6,LiPF6,True,0.0,LiCF3SO3,2.3030468948764367,2.3030468948764367
11931,LiPF6,LiPF6,True,0.0,LiCF3SO3,2.3030468948764367,2.3030468948764367
11932,LiPF6,LiPF6,True,0.0,LiCF3SO3,2.3030468948764367,2.3030468948764367
11933,LiPF6,LiPF6,True,0.0,LiCF3SO3,2.3030468948764367,2.3030468948764367
11934,LiPF6,LiPF6,True,0.0,LiCF3SO3,2.3030468948764367,2.3030468948764367
11935,LiPF6,LiPF6,True,0.0,LiCF3SO3,2.3030468948764367,2.3030468948764367
11936,LiPF6,LiPF6,True,0.0,LiCF3SO3,2.3030468948764367,2.3030468948764367
11937,LiPF6,LiPF6,True,0.0,LiCF3SO3,2.3030468948764367,2.3030468948764367
11938,LiPF6,LiPF6,True,0.0,LiCF3SO3,2.3030468948764367,2.3030468948764367
11939,LiPF6,LiPF6,True,0.0,LiCF3SO3,2.3030468948764367,2.3030468948764367
11940,LiPF6,LiPF6,True,0.0,LiCF3SO3,2.3030468948764367,2.3030468948764367
11941,LiPF6,LiPF6,True,0.0,LiCF3SO3,2.3030468948764367,2.3030468948764367
11942,LiPF6,LiPF6,True,0.0,LiCF3SO3,2.3030468948764367,2.3030468948764367
11943,LiPF6,LiPF6,True,0.0,LiCF3SO3,2.3030468948764367,2.3030468948764367
11944,LiPF6,LiPF6,True,0.0,LiCF3SO3,2.3030468948764367,2.3030468948764367
11945,LiPF6,LiPF6,True,0.0,LiCF3SO3,2.3030468948764367,2.3030468948764367
11946,LiPF6,LiPF6,True,0.0,LiCF3SO3,2.3030468948764367,2.3030468948764367
11947,LiPF6,LiPF6,True,0.0,LiCF3SO3,2.3030468948764367,2.3030468948764367
11948,LiPF6,LiPF6,True,0.0,LiCF3SO3,2.3030468948764367,2.3030468948764367
11949,LiPF6,LiPF6,True,0.0,LiCF3SO3,2.3030468948764367,2.3030468948764367
11950,LiPF6,LiPF6,True,0.0,LiCF3SO3,2.3030468948764367,2.3030468948764367
11951,LiPF6,LiPF6,True,0.0,LiCF3SO3,2.3030468948764367,2.3030468948764367
11952,LiPF6,LiPF6,True,0.0,LiCF3SO3,2.3030468948764367,2.3030468948764367
11953,LiPF6,LiPF6,True,0.0,LiCF3SO3,2.3030468948764367,2.3030468948764367
11954,LiPF6,LiPF6,True,0.0,LiCF3SO3,2.3030468948764367,2.3030468948764367
11955,LiPF6,LiPF6,True,0.0,LiCF3SO3,2.3030468948764367,2.3030468948764367
11956,LiPF6,LiPF6,True,0.0,LiCF3SO3,2.3030468948764367,2.3030468948764367
11957,LiPF6,LiPF6,True,0.0,LiCF3SO3,2.3030468948764367,2.3030468948764367
11958,LiPF6,LiPF6,True,0.0,LiCF3SO3,2.3030468948764367,2.3030468948764367
11959,LiPF6,LiPF6,True,0.0,LiCF3SO3,2.3030468948764367,2.3030468948764367
11960,LiPF6,LiPF6,True,0.0,LiCF3SO3,2.3030468948764367,2.3030468948764367
11961,LiPF6,LiPF6,True,0.0,LiCF3SO3,2.3030468948764367,2.3030468948764367
11962,LiPF6,LiPF6,True,0.0,LiCF3SO3,2.3030468948764367,2.3030468948764367
11963,LiPF6,LiPF6,True,0.0,LiCF3SO3,2.3030468948764367,2.3030468948764367
11964,LiPF6,LiPF6,True,0.0,LiCF3SO3,2.3030468948764367,2.3030468948764367
11965,LiPF6,LiPF6,True,0.0,LiCF3SO3,2.3030468948764367,2.3030468948764367
11966,LiCF3SO3,LiCF3SO3,True,0.0,LiPF6,2.3030468948764367,2.3030468948764367
11967,LiCF3SO3,LiCF3SO3,True,0.0,LiPF6,2.3030468948764367,2.3030468948764367
11968,LiCF3SO3,LiCF3SO3,True,0.0,LiPF6,2.3030468948764367,2.3030468948764367
11969,LiTFSI,LiTFSI,True,0.0,LiN(CF3SO2)2,0.08006247560491905,0.08006247560491905
11970,LiTFSI,LiTFSI,True,0.0,LiN(CF3SO2)2,0.08006247560491905,0.08006247560491905
11971,LiTFSI,LiTFSI,True,0.0,LiN(CF3SO2)2,0.08006247560491905,0.08006247560491905
11972,LiClO4,LiClO4,True,0.0,LiBMB,1.8499410801428244,1.8499410801428244
11973,LiClO4,LiClO4,True,0.0,LiBMB,1.8499410801428244,1.8499410801428244
11974,LiClO4,LiClO4,True,0.0,LiBMB,1.8499410801428244,1.8499410801428244
11975,LiCF3SO3,LiCF3SO3,True,0.0,LiPF6,2.3030468948764367,2.3030468948764367
11976,LiCF3SO3,LiCF3SO3,True,0.0,LiPF6,2.3030468948764367,2.3030468948764367
11977,LiCF3SO3,LiCF3SO3,True,0.0,LiPF6,2.3030468948764367,2.3030468948764367
11978,LiTFSI,LiTFSI,True,0.0,LiN(CF3SO2)2,0.08006247560491905,0.08006247560491905
11979,LiTFSI,LiTFSI,True,0.0,LiN(CF3SO2)2,0.08006247560491905,0.08006247560491905
11980,LiTFSI,LiTFSI,True,0.0,LiN(CF3SO2)2,0.08006247560491905,0.08006247560491905
11981,LiClO4,LiClO4,True,0.0,LiBMB,1.8499410801428244,1.8499410801428244
11982,LiClO4,LiClO4,True,0.0,LiBMB,1.8499410801428244,1.8499410801428244
11983,LiClO4,LiClO4,True,0.0,LiBMB,1.8499410801428244,1.8499410801428244
11984,LiPF6,LiPF6,True,0.0,LiCF3SO3,2.3030468948764367,2.3030468948764367
11985,LiPF6,LiPF6,True,0.0,LiCF3SO3,2.3030468948764367,2.3030468948764367
11986,LiPF6,LiPF6,True,0.0,LiCF3SO3,2.3030468948764367,2.3030468948764367
11987,LiPF6,LiPF6,True,0.0,LiCF3SO3,2.3030468948764367,2.3030468948764367
11988,LiPF6,LiPF6,True,0.0,LiCF3SO3,2.3030468948764367,2.3030468948764367
11989,LiPF6,LiPF6,True,0.0,LiCF3SO3,2.3030468948764367,2.3030468948764367
11990,LiPF6,LiPF6,True,0.0,LiCF3SO3,2.3030468948764367,2.3030468948764367
11991,LiPF6,LiPF6,True,0.0,LiCF3SO3,2.3030468948764367,2.3030468948764367
11992,LiPF6,LiPF6,True,0.0,LiCF3SO3,2.3030468948764367,2.3030468948764367
11993,LiPF6,LiPF6,True,0.0,LiCF3SO3,2.3030468948764367,2.3030468948764367
11994,LiPF6,LiPF6,True,0.0,LiCF3SO3,2.3030468948764367,2.3030468948764367
11995,LiPF6,LiPF6,True,0.0,LiCF3SO3,2.3030468948764367,2.3030468948764367
11996,LiPF6,LiPF6,True,0.0,LiCF3SO3,2.3030468948764367,2.3030468948764367
11997,LiPF6,LiPF6,True,0.0,LiCF3SO3,2.3030468948764367,2.3030468948764367
11998,LiPF6,LiPF6,True,0.0,LiCF3SO3,2.3030468948764367,2.3030468948764367
11999,LiPF6,LiPF6,True,0.0,LiCF3SO3,2.3030468948764367,2.3030468948764367
12000,LiPF6,LiPF6,True,0.0,LiCF3SO3,2.3030468948764367,2.3030468948764367
12001,LiPF6,LiPF6,True,0.0,LiCF3SO3,2.3030468948764367,2.3030468948764367
12002,LiPF6,LiPF6,True,0.0,LiCF3SO3,2.3030468948764367,2.3030468948764367
12003,LiPF6,LiPF6,True,0.0,LiCF3SO3,2.3030468948764367,2.3030468948764367
12004,LiPF6,LiPF6,True,0.0,LiCF3SO3,2.3030468948764367,2.3030468948764367
12005,LiPF6,LiPF6,True,0.0,LiCF3SO3,2.3030468948764367,2.3030468948764367
12006,LiPF6,LiPF6,True,0.0,LiCF3SO3,2.3030468948764367,2.3030468948764367
12007,LiPF6,LiPF6,True,0.0,LiCF3SO3,2.3030468948764367,2.3030468948764367
12008,LiPF6,LiPF6,True,0.0,LiCF3SO3,2.3030468948764367,2.3030468948764367
12009,LiPF6,LiPF6,True,0.0,LiCF3SO3,2.3030468948764367,2.3030468948764367
12010,LiPF6,LiPF6,True,0.0,LiCF3SO3,2.3030468948764367,2.3030468948764367
12011,LiPF6,LiPF6,True,0.0,LiCF3SO3,2.3030468948764367,2.3030468948764367
12012,LiPF6,LiPF6,True,0.0,LiCF3SO3,2.3030468948764367,2.3030468948764367
12013,LiPF6,LiPF6,True,0.0,LiCF3SO3,2.3030468948764367,2.3030468948764367
12014,LiPF6,LiPF6,True,0.0,LiCF3SO3,2.3030468948764367,2.3030468948764367
12015,LiPF6,LiPF6,True,0.0,LiCF3SO3,2.3030468948764367,2.3030468948764367
12016,LiPF6,LiPF6,True,0.0,LiCF3SO3,2.3030468948764367,2.3030468948764367
12017,LiPF6,LiPF6,True,0.0,LiCF3SO3,2.3030468948764367,2.3030468948764367
12018,LiPF6,LiPF6,True,0.0,LiCF3SO3,2.3030468948764367,2.3030468948764367
12019,LiPF6,LiPF6,True,0.0,LiCF3SO3,2.3030468948764367,2.3030468948764367
12020,LiPF6,LiPF6,True,0.0,LiCF3SO3,2.3030468948764367,2.3030468948764367
12021,LiPF6,LiPF6,True,0.0,LiCF3SO3,2.3030468948764367,2.3030468948764367
12022,LiPF6,LiPF6,True,0.0,LiCF3SO3,2.3030468948764367,2.3030468948764367
12023,LiPF6,LiPF6,True,0.0,LiCF3SO3,2.3030468948764367,2.3030468948764367
12024,LiPF6,LiPF6,True,0.0,LiCF3SO3,2.3030468948764367,2.3030468948764367
12025,LiPF6,LiPF6,True,0.0,LiCF3SO3,2.3030468948764367,2.3030468948764367
12026,LiPF6,LiPF6,True,0.0,LiCF3SO3,2.3030468948764367,2.3030468948764367
12027,LiPF6,LiPF6,True,0.0,LiCF3SO3,2.3030468948764367,2.3030468948764367
12028,LiPF6,LiPF6,True,0.0,LiCF3SO3,2.3030468948764367,2.3030468948764367
12029,LiPF6,LiPF6,True,0.0,LiCF3SO3,2.3030468948764367,2.3030468948764367
12030,LiPF6,LiPF6,True,0.0,LiCF3SO3,2.3030468948764367,2.3030468948764367
12031,LiPF6,LiPF6,True,0.0,LiCF3SO3,2.3030468948764367,2.3030468948764367
12032,LiPF6,LiPF6,True,0.0,LiCF3SO3,2.3030468948764367,2.3030468948764367
12033,LiPF6,LiPF6,True,0.0,LiCF3SO3,2.3030468948764367,2.3030468948764367
12034,LiPF6,LiPF6,True,0.0,LiCF3SO3,2.3030468948764367,2.3030468948764367
12035,LiPF6,LiPF6,True,0.0,LiCF3SO3,2.3030468948764367,2.3030468948764367
12036,LiPF6,LiPF6,True,0.0,LiCF3SO3,2.3030468948764367,2.3030468948764367
12037,LiPF6,LiPF6,True,0.0,LiCF3SO3,2.3030468948764367,2.3030468948764367
12038,LiPF6,LiPF6,True,0.0,LiCF3SO3,2.3030468948764367,2.3030468948764367
12039,LiPF6,LiPF6,True,0.0,LiCF3SO3,2.3030468948764367,2.3030468948764367
12040,LiPF6,LiPF6,True,0.0,LiCF3SO3,2.3030468948764367,2.3030468948764367
12041,LiPF6,LiPF6,True,0.0,LiCF3SO3,2.3030468948764367,2.3030468948764367
12042,LiPF6,LiPF6,True,0.0,LiCF3SO3,2.3030468948764367,2.3030468948764367
12043,LiPF6,LiPF6,True,0.0,LiCF3SO3,2.3030468948764367,2.3030468948764367
12044,LiPF6,LiPF6,True,0.0,LiCF3SO3,2.3030468948764367,2.3030468948764367
12045,LiPF6,LiPF6,True,0.0,LiCF3SO3,2.3030468948764367,2.3030468948764367
12046,LiPF6,LiPF6,True,0.0,LiCF3SO3,2.3030468948764367,2.3030468948764367
12047,LiPF6,LiPF6,True,0.0,LiCF3SO3,2.3030468948764367,2.3030468948764367
12048,LiPF6,LiPF6,True,0.0,LiCF3SO3,2.3030468948764367,2.3030468948764367
12049,LiPF6,LiPF6,True,0.0,LiCF3SO3,2.3030468948764367,2.3030468948764367
12050,LiPF6,LiPF6,True,0.0,LiCF3SO3,2.3030468948764367,2.3030468948764367
12051,LiPF6,LiPF6,True,0.0,LiCF3SO3,2.3030468948764367,2.3030468948764367
12052,LiPF6,LiPF6,True,0.0,LiCF3SO3,2.3030468948764367,2.3030468948764367
12053,LiPF6,LiPF6,True,0.0,LiCF3SO3,2.3030468948764367,2.3030468948764367
12054,LiPF6,LiPF6,True,0.0,LiCF3SO3,2.3030468948764367,2.3030468948764367
12055,LiPF6,LiPF6,True,0.0,LiCF3SO3,2.3030468948764367,2.3030468948764367
12056,LiPF6,LiPF6,True,0.0,LiCF3SO3,2.3030468948764367,2.3030468948764367
12057,LiPF6,LiPF6,True,0.0,LiCF3SO3,2.3030468948764367,2.3030468948764367
12058,LiPF6,LiPF6,True,0.0,LiCF3SO3,2.3030468948764367,2.3030468948764367
12059,LiPF6,LiPF6,True,0.0,LiCF3SO3,2.3030468948764367,2.3030468948764367
12060,LiPF6,LiPF6,True,0.0,LiCF3SO3,2.3030468948764367,2.3030468948764367
12061,LiPF6,LiPF6,True,0.0,LiCF3SO3,2.3030468948764367,2.3030468948764367
12062,LiPF6,LiPF6,True,0.0,LiCF3SO3,2.3030468948764367,2.3030468948764367
12063,LiPF6,LiPF6,True,0.0,LiCF3SO3,2.3030468948764367,2.3030468948764367
12064,LiPF6,LiPF6,True,0.0,LiCF3SO3,2.3030468948764367,2.3030468948764367
12065,LiPF6,LiPF6,True,0.0,LiCF3SO3,2.3030468948764367,2.3030468948764367
12066,LiPF6,LiPF6,True,0.0,LiCF3SO3,2.3030468948764367,2.3030468948764367
12067,LiPF6,LiPF6,True,0.0,LiCF3SO3,2.3030468948764367,2.3030468948764367
12068,LiPF6,LiPF6,True,0.0,LiCF3SO3,2.3030468948764367,2.3030468948764367
12069,LiPF6,LiPF6,True,0.0,LiCF3SO3,2.3030468948764367,2.3030468948764367
12070,LiPF6,LiPF6,True,0.0,LiCF3SO3,2.3030468948764367,2.3030468948764367
12071,LiPF6,LiPF6,True,0.0,LiCF3SO3,2.3030468948764367,2.3030468948764367
12072,LiPF6,LiPF6,True,0.0,LiCF3SO3,2.3030468948764367,2.3030468948764367
12073,LiPF6,LiPF6,True,0.0,LiCF3SO3,2.3030468948764367,2.3030468948764367
12074,LiPF6,LiPF6,True,0.0,LiCF3SO3,2.3030468948764367,2.3030468948764367
12075,LiPF6,LiPF6,True,0.0,LiCF3SO3,2.3030468948764367,2.3030468948764367
12076,LiPF6,LiPF6,True,0.0,LiCF3SO3,2.3030468948764367,2.3030468948764367
12077,LiPF6,LiPF6,True,0.0,LiCF3SO3,2.3030468948764367,2.3030468948764367
12078,LiPF6,LiPF6,True,0.0,LiCF3SO3,2.3030468948764367,2.3030468948764367
12079,LiPF6,LiPF6,True,0.0,LiCF3SO3,2.3030468948764367,2.3030468948764367
12080,LiPF6,LiPF6,True,0.0,LiCF3SO3,2.3030468948764367,2.3030468948764367
12081,LiPF6,LiPF6,True,0.0,LiCF3SO3,2.3030468948764367,2.3030468948764367
12082,LiPF6,LiPF6,True,0.0,LiCF3SO3,2.3030468948764367,2.3030468948764367
12083,LiPF6,LiPF6,True,0.0,LiCF3SO3,2.3030468948764367,2.3030468948764367
12084,LiPF6,LiPF6,True,0.0,LiCF3SO3,2.3030468948764367,2.3030468948764367
12085,LiPF6,LiPF6,True,0.0,LiCF3SO3,2.3030468948764367,2.3030468948764367
12086,LiPF6,LiPF6,True,0.0,LiCF3SO3,2.3030468948764367,2.3030468948764367
12087,LiPF6,LiPF6,True,0.0,LiCF3SO3,2.3030468948764367,2.3030468948764367
12088,LiPF6,LiPF6,True,0.0,LiCF3SO3,2.3030468948764367,2.3030468948764367
12089,LiPF6,LiPF6,True,0.0,LiCF3SO3,2.3030468948764367,2.3030468948764367
12090,LiPF6,LiPF6,True,0.0,LiCF3SO3,2.3030468948764367,2.3030468948764367
12091,LiPF6,LiPF6,True,0.0,LiCF3SO3,2.3030468948764367,2.3030468948764367
12092,LiPF6,LiPF6,True,0.0,LiCF3SO3,2.3030468948764367,2.3030468948764367
12093,LiPF6,LiPF6,True,0.0,LiCF3SO3,2.3030468948764367,2.3030468948764367
12094,LiPF6,LiPF6,True,0.0,LiCF3SO3,2.3030468948764367,2.3030468948764367
12095,LiPF6,LiPF6,True,0.0,LiCF3SO3,2.3030468948764367,2.3030468948764367
12096,LiPF6,LiPF6,True,0.0,LiCF3SO3,2.3030468948764367,2.3030468948764367
12097,LiPF6,LiPF6,True,0.0,LiCF3SO3,2.3030468948764367,2.3030468948764367
12098,LiPF6,LiPF6,True,0.0,LiCF3SO3,2.3030468948764367,2.3030468948764367
12099,LiPF6,LiPF6,True,0.0,LiCF3SO3,2.3030468948764367,2.3030468948764367
12100,LiPF6,LiPF6,True,0.0,LiCF3SO3,2.3030468948764367,2.3030468948764367
12101,LiPF6,LiPF6,True,0.0,LiCF3SO3,2.3030468948764367,2.3030468948764367
12102,LiPF6,LiPF6,True,0.0,LiCF3SO3,2.3030468948764367,2.3030468948764367
12103,LiPF6,LiPF6,True,0.0,LiCF3SO3,2.3030468948764367,2.3030468948764367
12104,LiPF6,LiPF6,True,0.0,LiCF3SO3,2.3030468948764367,2.3030468948764367
12105,LiPF6,LiPF6,True,0.0,LiCF3SO3,2.3030468948764367,2.3030468948764367
12106,LiPF6,LiPF6,True,0.0,LiCF3SO3,2.3030468948764367,2.3030468948764367
12107,LiPF6,LiPF6,True,0.0,LiCF3SO3,2.3030468948764367,2.3030468948764367
12108,LiPF6,LiPF6,True,0.0,LiCF3SO3,2.3030468948764367,2.3030468948764367
12109,LiPF6,LiPF6,True,0.0,LiCF3SO3,2.3030468948764367,2.3030468948764367
12110,LiPF6,LiPF6,True,0.0,LiCF3SO3,2.3030468948764367,2.3030468948764367
12111,LiPF6,LiPF6,True,0.0,LiCF3SO3,2.3030468948764367,2.3030468948764367
12112,LiPF6,LiPF6,True,0.0,LiCF3SO3,2.3030468948764367,2.3030468948764367
12113,LiPF6,LiPF6,True,0.0,LiCF3SO3,2.3030468948764367,2.3030468948764367
12114,LiPF6,LiPF6,True,0.0,LiCF3SO3,2.3030468948764367,2.3030468948764367
12115,LiPF6,LiPF6,True,0.0,LiCF3SO3,2.3030468948764367,2.3030468948764367
12116,LiPF6,LiPF6,True,0.0,LiCF3SO3,2.3030468948764367,2.3030468948764367
12117,LiPF6,LiPF6,True,0.0,LiCF3SO3,2.3030468948764367,2.3030468948764367
12118,LiPF6,LiPF6,True,0.0,LiCF3SO3,2.3030468948764367,2.3030468948764367
12119,LiPF6,LiPF6,True,0.0,LiCF3SO3,2.3030468948764367,2.3030468948764367
12120,LiPF6,LiPF6,True,0.0,LiCF3SO3,2.3030468948764367,2.3030468948764367
12121,LiPF6,LiPF6,True,0.0,LiCF3SO3,2.3030468948764367,2.3030468948764367
12122,LiPF6,LiPF6,True,0.0,LiCF3SO3,2.3030468948764367,2.3030468948764367
12123,LiPF6,LiPF6,True,0.0,LiCF3SO3,2.3030468948764367,2.3030468948764367
12124,LiPF6,LiPF6,True,0.0,LiCF3SO3,2.3030468948764367,2.3030468948764367
12125,LiPF6,LiPF6,True,0.0,LiCF3SO3,2.3030468948764367,2.3030468948764367
12126,LiPF6,LiPF6,True,0.0,LiCF3SO3,2.3030468948764367,2.3030468948764367
12127,LiPF6,LiPF6,True,0.0,LiCF3SO3,2.3030468948764367,2.3030468948764367
12128,LiPF6,LiPF6,True,0.0,LiCF3SO3,2.3030468948764367,2.3030468948764367
12129,LiPF6,LiPF6,True,0.0,LiCF3SO3,2.3030468948764367,2.3030468948764367
12130,LiPF6,LiPF6,True,0.0,LiCF3SO3,2.3030468948764367,2.3030468948764367
12131,LiPF6,LiPF6,True,0.0,LiCF3SO3,2.3030468948764367,2.3030468948764367
12132,LiPF6,LiPF6,True,0.0,LiCF3SO3,2.3030468948764367,2.3030468948764367
12133,LiPF6,LiPF6,True,0.0,LiCF3SO3,2.3030468948764367,2.3030468948764367
12134,LiPF6,LiPF6,True,0.0,LiCF3SO3,2.3030468948764367,2.3030468948764367
12135,LiPF6,LiPF6,True,0.0,LiCF3SO3,2.3030468948764367,2.3030468948764367
12136,LiPF6,LiPF6,True,0.0,LiCF3SO3,2.3030468948764367,2.3030468948764367
12137,LiPF6,LiPF6,True,0.0,LiCF3SO3,2.3030468948764367,2.3030468948764367
12138,LiPF6,LiPF6,True,0.0,LiCF3SO3,2.3030468948764367,2.3030468948764367
12139,LiPF6,LiPF6,True,0.0,LiCF3SO3,2.3030468948764367,2.3030468948764367
12140,LiPF6,LiPF6,True,0.0,LiCF3SO3,2.3030468948764367,2.3030468948764367
12141,LiPF6,LiPF6,True,0.0,LiCF3SO3,2.3030468948764367,2.3030468948764367
12142,LiPF6,LiPF6,True,0.0,LiCF3SO3,2.3030468948764367,2.3030468948764367
12143,LiAsF6,LiAsF6,True,1.1920928955078125e-07,LiBPFPB,0.5910008460230971,0.5910007268138076
12144,LiAsF6,LiAsF6,True,1.1920928955078125e-07,LiBPFPB,0.5910008460230971,0.5910007268138076
12145,LiAsF6,LiAsF6,True,1.1920928955078125e-07,LiBPFPB,0.5910008460230971,0.5910007268138076
12146,LiAsF6,LiAsF6,True,1.1920928955078125e-07,LiBPFPB,0.5910008460230971,0.5910007268138076
12147,LiAsF6,LiAsF6,True,1.1920928955078125e-07,LiBPFPB,0.5910008460230971,0.5910007268138076
12148,LiAsF6,LiAsF6,True,1.1920928955078125e-07,LiBPFPB,0.5910008460230971,0.5910007268138076
12149,LiAsF6,LiAsF6,True,1.1920928955078125e-07,LiBPFPB,0.5910008460230971,0.5910007268138076
12150,LiAsF6,LiAsF6,True,1.1920928955078125e-07,LiBPFPB,0.5910008460230971,0.5910007268138076
12151,LiAsF6,LiAsF6,True,1.1920928955078125e-07,LiBPFPB,0.5910008460230971,0.5910007268138076
12152,LiAsF6,LiAsF6,True,1.1920928955078125e-07,LiBPFPB,0.5910008460230971,0.5910007268138076
12153,LiAsF6,LiAsF6,True,1.1920928955078125e-07,LiBPFPB,0.5910008460230971,0.5910007268138076
12154,LiAsF6,LiAsF6,True,1.1920928955078125e-07,LiBPFPB,0.5910008460230971,0.5910007268138076
12155,LiAsF6,LiAsF6,True,1.1920928955078125e-07,LiBPFPB,0.5910008460230971,0.5910007268138076
12156,LiAsF6,LiAsF6,True,1.1920928955078125e-07,LiBPFPB,0.5910008460230971,0.5910007268138076
12157,LiAsF6,LiAsF6,True,1.1920928955078125e-07,LiBPFPB,0.5910008460230971,0.5910007268138076
12158,LiAsF6,LiAsF6,True,1.1920928955078125e-07,LiBPFPB,0.5910008460230971,0.5910007268138076
12159,LiAsF6,LiAsF6,True,1.1920928955078125e-07,LiBPFPB,0.5910008460230971,0.5910007268138076
12160,LiAsF6,LiAsF6,True,1.1920928955078125e-07,LiBPFPB,0.5910008460230971,0.5910007268138076
12161,LiAsF6,LiAsF6,True,1.1920928955078125e-07,LiBPFPB,0.5910008460230971,0.5910007268138076
12162,LiAsF6,LiAsF6,True,1.1920928955078125e-07,LiBPFPB,0.5910008460230971,0.5910007268138076
12163,LiAsF6,LiAsF6,True,1.1920928955078125e-07,LiBPFPB,0.5910008460230971,0.5910007268138076
12164,LiAsF6,LiAsF6,True,1.1920928955078125e-07,LiBPFPB,0.5910008460230971,0.5910007268138076
12165,LiAsF6,LiAsF6,True,1.1920928955078125e-07,LiBPFPB,0.5910008460230971,0.5910007268138076
12166,LiAsF6,LiAsF6,True,1.1920928955078125e-07,LiBPFPB,0.5910008460230971,0.5910007268138076
12167,LiAsF6,LiAsF6,True,1.1920928955078125e-07,LiBPFPB,0.5910008460230971,0.5910007268138076
12168,LiAsF6,LiAsF6,True,1.1920928955078125e-07,LiBPFPB,0.5910008460230971,0.5910007268138076
12169,LiAsF6,LiAsF6,True,1.1920928955078125e-07,LiBPFPB,0.5910008460230971,0.5910007268138076
12170,LiAsF6,LiAsF6,True,1.1920928955078125e-07,LiBPFPB,0.5910008460230971,0.5910007268138076
12171,LiAsF6,LiAsF6,True,1.1920928955078125e-07,LiBPFPB,0.5910008460230971,0.5910007268138076
12172,LiAsF6,LiAsF6,True,1.1920928955078125e-07,LiBPFPB,0.5910008460230971,0.5910007268138076
12173,LiAsF6,LiAsF6,True,1.1920928955078125e-07,LiBPFPB,0.5910008460230971,0.5910007268138076
12174,LiAsF6,LiAsF6,True,1.1920928955078125e-07,LiBPFPB,0.5910008460230971,0.5910007268138076
12175,LiAsF6,LiAsF6,True,1.1920928955078125e-07,LiBPFPB,0.5910008460230971,0.5910007268138076
12176,LiAsF6,LiAsF6,True,1.1920928955078125e-07,LiBPFPB,0.5910008460230971,0.5910007268138076
12177,LiAsF6,LiAsF6,True,1.1920928955078125e-07,LiBPFPB,0.5910008460230971,0.5910007268138076
12178,LiAsF6,LiAsF6,True,1.1920928955078125e-07,LiBPFPB,0.5910008460230971,0.5910007268138076
12179,LiAsF6,LiAsF6,True,1.1920928955078125e-07,LiBPFPB,0.5910008460230971,0.5910007268138076
12180,LiAsF6,LiAsF6,True,1.1920928955078125e-07,LiBPFPB,0.5910008460230971,0.5910007268138076
12181,LiAsF6,LiAsF6,True,1.1920928955078125e-07,LiBPFPB,0.5910008460230971,0.5910007268138076
12182,LiAsF6,LiAsF6,True,1.1920928955078125e-07,LiBPFPB,0.5910008460230971,0.5910007268138076
12183,LiAsF6,LiAsF6,True,1.1920928955078125e-07,LiBPFPB,0.5910008460230971,0.5910007268138076
12184,LiAsF6,LiAsF6,True,1.1920928955078125e-07,LiBPFPB,0.5910008460230971,0.5910007268138076
12185,LiAsF6,LiAsF6,True,1.1920928955078125e-07,LiBPFPB,0.5910008460230971,0.5910007268138076
12186,LiAsF6,LiAsF6,True,1.1920928955078125e-07,LiBPFPB,0.5910008460230971,0.5910007268138076
12187,LiAsF6,LiAsF6,True,1.1920928955078125e-07,LiBPFPB,0.5910008460230971,0.5910007268138076
12188,LiAsF6,LiAsF6,True,1.1920928955078125e-07,LiBPFPB,0.5910008460230971,0.5910007268138076
12189,LiAsF6,LiAsF6,True,1.1920928955078125e-07,LiBPFPB,0.5910008460230971,0.5910007268138076
12190,LiAsF6,LiAsF6,True,1.1920928955078125e-07,LiBPFPB,0.5910008460230971,0.5910007268138076
12191,LiAsF6,LiAsF6,True,1.1920928955078125e-07,LiBPFPB,0.5910008460230971,0.5910007268138076
12192,LiAsF6,LiAsF6,True,1.1920928955078125e-07,LiBPFPB,0.5910008460230971,0.5910007268138076
12193,LiAsF6,LiAsF6,True,1.1920928955078125e-07,LiBPFPB,0.5910008460230971,0.5910007268138076
12194,LiAsF6,LiAsF6,True,1.1920928955078125e-07,LiBPFPB,0.5910008460230971,0.5910007268138076
12195,LiAsF6,LiAsF6,True,1.1920928955078125e-07,LiBPFPB,0.5910008460230971,0.5910007268138076
12196,LiAsF6,LiAsF6,True,1.1920928955078125e-07,LiBPFPB,0.5910008460230971,0.5910007268138076
12197,LiAsF6,LiAsF6,True,1.1920928955078125e-07,LiBPFPB,0.5910008460230971,0.5910007268138076
12198,LiAsF6,LiAsF6,True,1.1920928955078125e-07,LiBPFPB,0.5910008460230971,0.5910007268138076
12199,LiAsF6,LiAsF6,True,1.1920928955078125e-07,LiBPFPB,0.5910008460230971,0.5910007268138076
12200,LiAsF6,LiAsF6,True,1.1920928955078125e-07,LiBPFPB,0.5910008460230971,0.5910007268138076
12201,LiAsF6,LiAsF6,True,1.1920928955078125e-07,LiBPFPB,0.5910008460230971,0.5910007268138076
12202,LiAsF6,LiAsF6,True,1.1920928955078125e-07,LiBPFPB,0.5910008460230971,0.5910007268138076
12203,LiAsF6,LiAsF6,True,1.1920928955078125e-07,LiBPFPB,0.5910008460230971,0.5910007268138076
12204,LiAsF6,LiAsF6,True,1.1920928955078125e-07,LiBPFPB,0.5910008460230971,0.5910007268138076
12205,LiAsF6,LiAsF6,True,1.1920928955078125e-07,LiBPFPB,0.5910008460230971,0.5910007268138076
12206,LiAsF6,LiAsF6,True,1.1920928955078125e-07,LiBPFPB,0.5910008460230971,0.5910007268138076
12207,LiAsF6,LiAsF6,True,1.1920928955078125e-07,LiBPFPB,0.5910008460230971,0.5910007268138076
12208,LiAsF6,LiAsF6,True,1.1920928955078125e-07,LiBPFPB,0.5910008460230971,0.5910007268138076
12209,LiAsF6,LiAsF6,True,1.1920928955078125e-07,LiBPFPB,0.5910008460230971,0.5910007268138076
12210,LiAsF6,LiAsF6,True,1.1920928955078125e-07,LiBPFPB,0.5910008460230971,0.5910007268138076
12211,LiAsF6,LiAsF6,True,1.1920928955078125e-07,LiBPFPB,0.5910008460230971,0.5910007268138076
12212,LiAsF6,LiAsF6,True,1.1920928955078125e-07,LiBPFPB,0.5910008460230971,0.5910007268138076
12213,LiAsF6,LiAsF6,True,1.1920928955078125e-07,LiBPFPB,0.5910008460230971,0.5910007268138076
12214,LiAsF6,LiAsF6,True,1.1920928955078125e-07,LiBPFPB,0.5910008460230971,0.5910007268138076
12215,LiAsF6,LiAsF6,True,1.1920928955078125e-07,LiBPFPB,0.5910008460230971,0.5910007268138076
12216,LiAsF6,LiAsF6,True,1.1920928955078125e-07,LiBPFPB,0.5910008460230971,0.5910007268138076
12217,LiAsF6,LiAsF6,True,1.1920928955078125e-07,LiBPFPB,0.5910008460230971,0.5910007268138076
12218,LiAsF6,LiAsF6,True,1.1920928955078125e-07,LiBPFPB,0.5910008460230971,0.5910007268138076
12219,LiAsF6,LiAsF6,True,1.1920928955078125e-07,LiBPFPB,0.5910008460230971,0.5910007268138076
12220,LiAsF6,LiAsF6,True,1.1920928955078125e-07,LiBPFPB,0.5910008460230971,0.5910007268138076
12221,LiAsF6,LiAsF6,True,1.1920928955078125e-07,LiBPFPB,0.5910008460230971,0.5910007268138076
12222,LiAsF6,LiAsF6,True,1.1920928955078125e-07,LiBPFPB,0.5910008460230971,0.5910007268138076
12223,LiAsF6,LiAsF6,True,1.1920928955078125e-07,LiBPFPB,0.5910008460230971,0.5910007268138076
12224,LiAsF6,LiAsF6,True,1.1920928955078125e-07,LiBPFPB,0.5910008460230971,0.5910007268138076
12225,LiAsF6,LiAsF6,True,1.1920928955078125e-07,LiBPFPB,0.5910008460230971,0.5910007268138076
12226,LiAsF6,LiAsF6,True,1.1920928955078125e-07,LiBPFPB,0.5910008460230971,0.5910007268138076
12227,LiAsF6,LiAsF6,True,1.1920928955078125e-07,LiBPFPB,0.5910008460230971,0.5910007268138076
12228,LiAsF6,LiAsF6,True,1.1920928955078125e-07,LiBPFPB,0.5910008460230971,0.5910007268138076
12229,LiAsF6,LiAsF6,True,1.1920928955078125e-07,LiBPFPB,0.5910008460230971,0.5910007268138076
12230,LiAsF6,LiAsF6,True,1.1920928955078125e-07,LiBPFPB,0.5910008460230971,0.5910007268138076
12231,LiAsF6,LiAsF6,True,1.1920928955078125e-07,LiBPFPB,0.5910008460230971,0.5910007268138076
12232,LiAsF6,LiAsF6,True,1.1920928955078125e-07,LiBPFPB,0.5910008460230971,0.5910007268138076
12233,LiAsF6,LiAsF6,True,1.1920928955078125e-07,LiBPFPB,0.5910008460230971,0.5910007268138076
12234,LiAsF6,LiAsF6,True,1.1920928955078125e-07,LiBPFPB,0.5910008460230971,0.5910007268138076
12235,LiAsF6,LiAsF6,True,1.1920928955078125e-07,LiBPFPB,0.5910008460230971,0.5910007268138076
12236,LiAsF6,LiAsF6,True,1.1920928955078125e-07,LiBPFPB,0.5910008460230971,0.5910007268138076
12237,LiAsF6,LiAsF6,True,1.1920928955078125e-07,LiBPFPB,0.5910008460230971,0.5910007268138076
12238,LiAsF6,LiAsF6,True,1.1920928955078125e-07,LiBPFPB,0.5910008460230971,0.5910007268138076
12239,LiAsF6,LiAsF6,True,1.1920928955078125e-07,LiBPFPB,0.5910008460230971,0.5910007268138076
12240,LiAsF6,LiAsF6,True,1.1920928955078125e-07,LiBPFPB,0.5910008460230971,0.5910007268138076
12241,LiAsF6,LiAsF6,True,1.1920928955078125e-07,LiBPFPB,0.5910008460230971,0.5910007268138076
12242,LiAsF6,LiAsF6,True,1.1920928955078125e-07,LiBPFPB,0.5910008460230971,0.5910007268138076
12243,LiAsF6,LiAsF6,True,1.1920928955078125e-07,LiBPFPB,0.5910008460230971,0.5910007268138076
12244,LiAsF6,LiAsF6,True,1.1920928955078125e-07,LiBPFPB,0.5910008460230971,0.5910007268138076
12245,LiAsF6,LiAsF6,True,1.1920928955078125e-07,LiBPFPB,0.5910008460230971,0.5910007268138076
12246,LiAsF6,LiAsF6,True,1.1920928955078125e-07,LiBPFPB,0.5910008460230971,0.5910007268138076
12247,LiAsF6,LiAsF6,True,1.1920928955078125e-07,LiBPFPB,0.5910008460230971,0.5910007268138076
12248,LiAsF6,LiAsF6,True,1.1920928955078125e-07,LiBPFPB,0.5910008460230971,0.5910007268138076
12249,LiAsF6,LiAsF6,True,1.1920928955078125e-07,LiBPFPB,0.5910008460230971,0.5910007268138076
12250,LiAsF6,LiAsF6,True,1.1920928955078125e-07,LiBPFPB,0.5910008460230971,0.5910007268138076
12251,LiAsF6,LiAsF6,True,1.1920928955078125e-07,LiBPFPB,0.5910008460230971,0.5910007268138076
12252,LiAsF6,LiAsF6,True,1.1920928955078125e-07,LiBPFPB,0.5910008460230971,0.5910007268138076
12253,LiAsF6,LiAsF6,True,1.1920928955078125e-07,LiBPFPB,0.5910008460230971,0.5910007268138076
12254,LiAsF6,LiAsF6,True,1.1920928955078125e-07,LiBPFPB,0.5910008460230971,0.5910007268138076
12255,LiAsF6,LiAsF6,True,1.1920928955078125e-07,LiBPFPB,0.5910008460230971,0.5910007268138076
12256,LiAsF6,LiAsF6,True,1.1920928955078125e-07,LiBPFPB,0.5910008460230971,0.5910007268138076
12257,LiAsF6,LiAsF6,True,1.1920928955078125e-07,LiBPFPB,0.5910008460230971,0.5910007268138076
12258,LiAsF6,LiAsF6,True,1.1920928955078125e-07,LiBPFPB,0.5910008460230971,0.5910007268138076
12259,LiAsF6,LiAsF6,True,1.1920928955078125e-07,LiBPFPB,0.5910008460230971,0.5910007268138076
12260,LiAsF6,LiAsF6,True,1.1920928955078125e-07,LiBPFPB,0.5910008460230971,0.5910007268138076
12261,LiAsF6,LiAsF6,True,1.1920928955078125e-07,LiBPFPB,0.5910008460230971,0.5910007268138076
12262,LiAsF6,LiAsF6,True,1.1920928955078125e-07,LiBPFPB,0.5910008460230971,0.5910007268138076
12263,LiAsF6,LiAsF6,True,1.1920928955078125e-07,LiBPFPB,0.5910008460230971,0.5910007268138076
12264,LiAsF6,LiAsF6,True,1.1920928955078125e-07,LiBPFPB,0.5910008460230971,0.5910007268138076
12265,LiAsF6,LiAsF6,True,1.1920928955078125e-07,LiBPFPB,0.5910008460230971,0.5910007268138076
12266,LiAsF6,LiAsF6,True,1.1920928955078125e-07,LiBPFPB,0.5910008460230971,0.5910007268138076
12267,LiAsF6,LiAsF6,True,1.1920928955078125e-07,LiBPFPB,0.5910008460230971,0.5910007268138076
12268,LiAsF6,LiAsF6,True,1.1920928955078125e-07,LiBPFPB,0.5910008460230971,0.5910007268138076
12269,LiAsF6,LiAsF6,True,1.1920928955078125e-07,LiBPFPB,0.5910008460230971,0.5910007268138076
12270,LiAsF6,LiAsF6,True,1.1920928955078125e-07,LiBPFPB,0.5910008460230971,0.5910007268138076
12271,LiAsF6,LiAsF6,True,1.1920928955078125e-07,LiBPFPB,0.5910008460230971,0.5910007268138076
12272,LiAsF6,LiAsF6,True,1.1920928955078125e-07,LiBPFPB,0.5910008460230971,0.5910007268138076
12273,LiAsF6,LiAsF6,True,1.1920928955078125e-07,LiBPFPB,0.5910008460230971,0.5910007268138076
12274,LiAsF6,LiAsF6,True,1.1920928955078125e-07,LiBPFPB,0.5910008460230971,0.5910007268138076
12275,LiAsF6,LiAsF6,True,1.1920928955078125e-07,LiBPFPB,0.5910008460230971,0.5910007268138076
12276,LiAsF6,LiAsF6,True,1.1920928955078125e-07,LiBPFPB,0.5910008460230971,0.5910007268138076
12277,LiAsF6,LiAsF6,True,1.1920928955078125e-07,LiBPFPB,0.5910008460230971,0.5910007268138076
12278,LiAsF6,LiAsF6,True,1.1920928955078125e-07,LiBPFPB,0.5910008460230971,0.5910007268138076
12279,LiAsF6,LiAsF6,True,1.1920928955078125e-07,LiBPFPB,0.5910008460230971,0.5910007268138076
12280,LiAsF6,LiAsF6,True,1.1920928955078125e-07,LiBPFPB,0.5910008460230971,0.5910007268138076
12281,LiAsF6,LiAsF6,True,1.1920928955078125e-07,LiBPFPB,0.5910008460230971,0.5910007268138076
12282,LiAsF6,LiAsF6,True,1.1920928955078125e-07,LiBPFPB,0.5910008460230971,0.5910007268138076
12283,LiAsF6,LiAsF6,True,1.1920928955078125e-07,LiBPFPB,0.5910008460230971,0.5910007268138076
12284,LiAsF6,LiAsF6,True,1.1920928955078125e-07,LiBPFPB,0.5910008460230971,0.5910007268138076
12285,LiAsF6,LiAsF6,True,1.1920928955078125e-07,LiBPFPB,0.5910008460230971,0.5910007268138076
12286,LiAsF6,LiAsF6,True,1.1920928955078125e-07,LiBPFPB,0.5910008460230971,0.5910007268138076
12287,LiAsF6,LiAsF6,True,1.1920928955078125e-07,LiBPFPB,0.5910008460230971,0.5910007268138076
12288,LiAsF6,LiAsF6,True,1.1920928955078125e-07,LiBPFPB,0.5910008460230971,0.5910007268138076
12289,LiAsF6,LiAsF6,True,1.1920928955078125e-07,LiBPFPB,0.5910008460230971,0.5910007268138076
12290,LiAsF6,LiAsF6,True,1.1920928955078125e-07,LiBPFPB,0.5910008460230971,0.5910007268138076
12291,LiAsF6,LiAsF6,True,1.1920928955078125e-07,LiBPFPB,0.5910008460230971,0.5910007268138076
12292,LiAsF6,LiAsF6,True,1.1920928955078125e-07,LiBPFPB,0.5910008460230971,0.5910007268138076
12293,LiAsF6,LiAsF6,True,1.1920928955078125e-07,LiBPFPB,0.5910008460230971,0.5910007268138076
12294,LiAsF6,LiAsF6,True,1.1920928955078125e-07,LiBPFPB,0.5910008460230971,0.5910007268138076
12295,LiAsF6,LiAsF6,True,1.1920928955078125e-07,LiBPFPB,0.5910008460230971,0.5910007268138076
12296,LiAsF6,LiAsF6,True,1.1920928955078125e-07,LiBPFPB,0.5910008460230971,0.5910007268138076
12297,LiAsF6,LiAsF6,True,1.1920928955078125e-07,LiBPFPB,0.5910008460230971,0.5910007268138076
12298,LiAsF6,LiAsF6,True,1.1920928955078125e-07,LiBPFPB,0.5910008460230971,0.5910007268138076
12299,LiAsF6,LiAsF6,True,1.1920928955078125e-07,LiBPFPB,0.5910008460230971,0.5910007268138076
12300,LiAsF6,LiAsF6,True,1.1920928955078125e-07,LiBPFPB,0.5910008460230971,0.5910007268138076
12301,LiAsF6,LiAsF6,True,1.1920928955078125e-07,LiBPFPB,0.5910008460230971,0.5910007268138076
12302,LiAsF6,LiAsF6,True,1.1920928955078125e-07,LiBPFPB,0.5910008460230971,0.5910007268138076
12303,LiAsF6,LiAsF6,True,1.1920928955078125e-07,LiBPFPB,0.5910008460230971,0.5910007268138076
12304,LiAsF6,LiAsF6,True,1.1920928955078125e-07,LiBPFPB,0.5910008460230971,0.5910007268138076
12305,LiAsF6,LiAsF6,True,1.1920928955078125e-07,LiBPFPB,0.5910008460230971,0.5910007268138076
12306,LiAsF6,LiAsF6,True,1.1920928955078125e-07,LiBPFPB,0.5910008460230971,0.5910007268138076
12307,LiAsF6,LiAsF6,True,1.1920928955078125e-07,LiBPFPB,0.5910008460230971,0.5910007268138076
12308,LiAsF6,LiAsF6,True,1.1920928955078125e-07,LiBPFPB,0.5910008460230971,0.5910007268138076
12309,LiAsF6,LiAsF6,True,1.1920928955078125e-07,LiBPFPB,0.5910008460230971,0.5910007268138076
12310,LiAsF6,LiAsF6,True,1.1920928955078125e-07,LiBPFPB,0.5910008460230971,0.5910007268138076
12311,LiAsF6,LiAsF6,True,1.1920928955078125e-07,LiBPFPB,0.5910008460230971,0.5910007268138076
12312,LiAsF6,LiAsF6,True,1.1920928955078125e-07,LiBPFPB,0.5910008460230971,0.5910007268138076
12313,LiAsF6,LiAsF6,True,1.1920928955078125e-07,LiBPFPB,0.5910008460230971,0.5910007268138076
12314,LiAsF6,LiAsF6,True,1.1920928955078125e-07,LiBPFPB,0.5910008460230971,0.5910007268138076
12315,LiAsF6,LiAsF6,True,1.1920928955078125e-07,LiBPFPB,0.5910008460230971,0.5910007268138076
12316,LiAsF6,LiAsF6,True,1.1920928955078125e-07,LiBPFPB,0.5910008460230971,0.5910007268138076
12317,LiAsF6,LiAsF6,True,1.1920928955078125e-07,LiBPFPB,0.5910008460230971,0.5910007268138076
12318,LiAsF6,LiAsF6,True,1.1920928955078125e-07,LiBPFPB,0.5910008460230971,0.5910007268138076
12319,LiAsF6,LiAsF6,True,1.1920928955078125e-07,LiBPFPB,0.5910008460230971,0.5910007268138076
12320,LiAsF6,LiAsF6,True,1.1920928955078125e-07,LiBPFPB,0.5910008460230971,0.5910007268138076
12321,LiAsF6,LiAsF6,True,1.1920928955078125e-07,LiBPFPB,0.5910008460230971,0.5910007268138076
12322,LiAsF6,LiAsF6,True,1.1920928955078125e-07,LiBPFPB,0.5910008460230971,0.5910007268138076
12323,LiAsF6,LiAsF6,True,1.1920928955078125e-07,LiBPFPB,0.5910008460230971,0.5910007268138076
12324,LiAsF6,LiAsF6,True,1.1920928955078125e-07,LiBPFPB,0.5910008460230971,0.5910007268138076
12325,LiAsF6,LiAsF6,True,1.1920928955078125e-07,LiBPFPB,0.5910008460230971,0.5910007268138076
12326,LiAsF6,LiAsF6,True,1.1920928955078125e-07,LiBPFPB,0.5910008460230971,0.5910007268138076
12327,LiAsF6,LiAsF6,True,1.1920928955078125e-07,LiBPFPB,0.5910008460230971,0.5910007268138076
12328,LiAsF6,LiAsF6,True,1.1920928955078125e-07,LiBPFPB,0.5910008460230971,0.5910007268138076
12329,LiAsF6,LiAsF6,True,1.1920928955078125e-07,LiBPFPB,0.5910008460230971,0.5910007268138076
12330,LiAsF6,LiAsF6,True,1.1920928955078125e-07,LiBPFPB,0.5910008460230971,0.5910007268138076
12331,LiAsF6,LiAsF6,True,1.1920928955078125e-07,LiBPFPB,0.5910008460230971,0.5910007268138076
12332,LiAsF6,LiAsF6,True,1.1920928955078125e-07,LiBPFPB,0.5910008460230971,0.5910007268138076
12333,LiAsF6,LiAsF6,True,1.1920928955078125e-07,LiBPFPB,0.5910008460230971,0.5910007268138076
12334,LiAsF6,LiAsF6,True,1.1920928955078125e-07,LiBPFPB,0.5910008460230971,0.5910007268138076
12335,LiAsF6,LiAsF6,True,1.1920928955078125e-07,LiBPFPB,0.5910008460230971,0.5910007268138076
12336,LiAsF6,LiAsF6,True,1.1920928955078125e-07,LiBPFPB,0.5910008460230971,0.5910007268138076
12337,LiAsF6,LiAsF6,True,1.1920928955078125e-07,LiBPFPB,0.5910008460230971,0.5910007268138076
12338,LiAsF6,LiAsF6,True,1.1920928955078125e-07,LiBPFPB,0.5910008460230971,0.5910007268138076
12339,LiAsF6,LiAsF6,True,1.1920928955078125e-07,LiBPFPB,0.5910008460230971,0.5910007268138076
12340,LiAsF6,LiAsF6,True,1.1920928955078125e-07,LiBPFPB,0.5910008460230971,0.5910007268138076
12341,LiAsF6,LiAsF6,True,1.1920928955078125e-07,LiBPFPB,0.5910008460230971,0.5910007268138076
12342,LiAsF6,LiAsF6,True,1.1920928955078125e-07,LiBPFPB,0.5910008460230971,0.5910007268138076
12343,LiAsF6,LiAsF6,True,1.1920928955078125e-07,LiBPFPB,0.5910008460230971,0.5910007268138076
12344,LiAsF6,LiAsF6,True,1.1920928955078125e-07,LiBPFPB,0.5910008460230971,0.5910007268138076
12345,LiAsF6,LiAsF6,True,1.1920928955078125e-07,LiBPFPB,0.5910008460230971,0.5910007268138076
12346,LiAsF6,LiAsF6,True,1.1920928955078125e-07,LiBPFPB,0.5910008460230971,0.5910007268138076
12347,LiAsF6,LiAsF6,True,1.1920928955078125e-07,LiBPFPB,0.5910008460230971,0.5910007268138076
12348,LiAsF6,LiAsF6,True,1.1920928955078125e-07,LiBPFPB,0.5910008460230971,0.5910007268138076
12349,LiAsF6,LiAsF6,True,1.1920928955078125e-07,LiBPFPB,0.5910008460230971,0.5910007268138076
12350,LiAsF6,LiAsF6,True,1.1920928955078125e-07,LiBPFPB,0.5910008460230971,0.5910007268138076
12351,LiAsF6,LiAsF6,True,1.1920928955078125e-07,LiBPFPB,0.5910008460230971,0.5910007268138076
12352,LiAsF6,LiAsF6,True,1.1920928955078125e-07,LiBPFPB,0.5910008460230971,0.5910007268138076
12353,LiAsF6,LiAsF6,True,1.1920928955078125e-07,LiBPFPB,0.5910008460230971,0.5910007268138076
12354,LiAsF6,LiAsF6,True,1.1920928955078125e-07,LiBPFPB,0.5910008460230971,0.5910007268138076
12355,LiAsF6,LiAsF6,True,1.1920928955078125e-07,LiBPFPB,0.5910008460230971,0.5910007268138076
12356,LiAsF6,LiAsF6,True,1.1920928955078125e-07,LiBPFPB,0.5910008460230971,0.5910007268138076
12357,LiAsF6,LiAsF6,True,1.1920928955078125e-07,LiBPFPB,0.5910008460230971,0.5910007268138076
12358,LiAsF6,LiAsF6,True,1.1920928955078125e-07,LiBPFPB,0.5910008460230971,0.5910007268138076
12359,LiAsF6,LiAsF6,True,1.1920928955078125e-07,LiBPFPB,0.5910008460230971,0.5910007268138076
12360,LiAsF6,LiAsF6,True,1.1920928955078125e-07,LiBPFPB,0.5910008460230971,0.5910007268138076
12361,LiAsF6,LiAsF6,True,1.1920928955078125e-07,LiBPFPB,0.5910008460230971,0.5910007268138076
12362,LiAsF6,LiAsF6,True,1.1920928955078125e-07,LiBPFPB,0.5910008460230971,0.5910007268138076
12363,LiAsF6,LiAsF6,True,1.1920928955078125e-07,LiBPFPB,0.5910008460230971,0.5910007268138076
12364,LiAsF6,LiAsF6,True,1.1920928955078125e-07,LiBPFPB,0.5910008460230971,0.5910007268138076
12365,LiAsF6,LiAsF6,True,1.1920928955078125e-07,LiBPFPB,0.5910008460230971,0.5910007268138076
12366,LiAsF6,LiAsF6,True,1.1920928955078125e-07,LiBPFPB,0.5910008460230971,0.5910007268138076
12367,LiAsF6,LiAsF6,True,1.1920928955078125e-07,LiBPFPB,0.5910008460230971,0.5910007268138076
12368,LiAsF6,LiAsF6,True,1.1920928955078125e-07,LiBPFPB,0.5910008460230971,0.5910007268138076
12369,LiAsF6,LiAsF6,True,1.1920928955078125e-07,LiBPFPB,0.5910008460230971,0.5910007268138076
12370,LiAsF6,LiAsF6,True,1.1920928955078125e-07,LiBPFPB,0.5910008460230971,0.5910007268138076
12371,LiAsF6,LiAsF6,True,1.1920928955078125e-07,LiBPFPB,0.5910008460230971,0.5910007268138076
12372,LiAsF6,LiAsF6,True,1.1920928955078125e-07,LiBPFPB,0.5910008460230971,0.5910007268138076
12373,LiAsF6,LiAsF6,True,1.1920928955078125e-07,LiBPFPB,0.5910008460230971,0.5910007268138076
12374,LiAsF6,LiAsF6,True,1.1920928955078125e-07,LiBPFPB,0.5910008460230971,0.5910007268138076
12375,LiAsF6,LiAsF6,True,1.1920928955078125e-07,LiBPFPB,0.5910008460230971,0.5910007268138076
12376,LiAsF6,LiAsF6,True,1.1920928955078125e-07,LiBPFPB,0.5910008460230971,0.5910007268138076
12377,LiAsF6,LiAsF6,True,1.1920928955078125e-07,LiBPFPB,0.5910008460230971,0.5910007268138076
12378,LiAsF6,LiAsF6,True,1.1920928955078125e-07,LiBPFPB,0.5910008460230971,0.5910007268138076
12379,LiAsF6,LiAsF6,True,1.1920928955078125e-07,LiBPFPB,0.5910008460230971,0.5910007268138076
12380,LiAsF6,LiAsF6,True,1.1920928955078125e-07,LiBPFPB,0.5910008460230971,0.5910007268138076
12381,LiAsF6,LiAsF6,True,1.1920928955078125e-07,LiBPFPB,0.5910008460230971,0.5910007268138076
12382,LiAsF6,LiAsF6,True,1.1920928955078125e-07,LiBPFPB,0.5910008460230971,0.5910007268138076
12383,LiAsF6,LiAsF6,True,1.1920928955078125e-07,LiBPFPB,0.5910008460230971,0.5910007268138076
12384,LiAsF6,LiAsF6,True,1.1920928955078125e-07,LiBPFPB,0.5910008460230971,0.5910007268138076
12385,LiAsF6,LiAsF6,True,1.1920928955078125e-07,LiBPFPB,0.5910008460230971,0.5910007268138076
12386,LiAsF6,LiAsF6,True,1.1920928955078125e-07,LiBPFPB,0.5910008460230971,0.5910007268138076
12387,LiAsF6,LiAsF6,True,1.1920928955078125e-07,LiBPFPB,0.5910008460230971,0.5910007268138076
12388,LiAsF6,LiAsF6,True,1.1920928955078125e-07,LiBPFPB,0.5910008460230971,0.5910007268138076
12389,LiAsF6,LiAsF6,True,1.1920928955078125e-07,LiBPFPB,0.5910008460230971,0.5910007268138076
12390,LiAsF6,LiAsF6,True,1.1920928955078125e-07,LiBPFPB,0.5910008460230971,0.5910007268138076
12391,LiAsF6,LiAsF6,True,1.1920928955078125e-07,LiBPFPB,0.5910008460230971,0.5910007268138076
12392,LiAsF6,LiAsF6,True,1.1920928955078125e-07,LiBPFPB,0.5910008460230971,0.5910007268138076
12393,LiAsF6,LiAsF6,True,1.1920928955078125e-07,LiBPFPB,0.5910008460230971,0.5910007268138076
12394,LiAsF6,LiAsF6,True,1.1920928955078125e-07,LiBPFPB,0.5910008460230971,0.5910007268138076
12395,LiAsF6,LiAsF6,True,1.1920928955078125e-07,LiBPFPB,0.5910008460230971,0.5910007268138076
12396,LiAsF6,LiAsF6,True,1.1920928955078125e-07,LiBPFPB,0.5910008460230971,0.5910007268138076
12397,LiAsF6,LiAsF6,True,1.1920928955078125e-07,LiBPFPB,0.5910008460230971,0.5910007268138076
12398,LiAsF6,LiAsF6,True,1.1920928955078125e-07,LiBPFPB,0.5910008460230971,0.5910007268138076
12399,LiAsF6,LiAsF6,True,1.1920928955078125e-07,LiBPFPB,0.5910008460230971,0.5910007268138076
12400,LiAsF6,LiAsF6,True,1.1920928955078125e-07,LiBPFPB,0.5910008460230971,0.5910007268138076
12401,LiAsF6,LiAsF6,True,1.1920928955078125e-07,LiBPFPB,0.5910008460230971,0.5910007268138076
12402,LiAsF6,LiAsF6,True,1.1920928955078125e-07,LiBPFPB,0.5910008460230971,0.5910007268138076
12403,LiAsF6,LiAsF6,True,1.1920928955078125e-07,LiBPFPB,0.5910008460230971,0.5910007268138076
12404,LiAsF6,LiAsF6,True,1.1920928955078125e-07,LiBPFPB,0.5910008460230971,0.5910007268138076
12405,LiAsF6,LiAsF6,True,1.1920928955078125e-07,LiBPFPB,0.5910008460230971,0.5910007268138076
12406,LiAsF6,LiAsF6,True,1.1920928955078125e-07,LiBPFPB,0.5910008460230971,0.5910007268138076
12407,LiAsF6,LiAsF6,True,1.1920928955078125e-07,LiBPFPB,0.5910008460230971,0.5910007268138076
12408,LiAsF6,LiAsF6,True,1.1920928955078125e-07,LiBPFPB,0.5910008460230971,0.5910007268138076
12409,LiAsF6,LiAsF6,True,1.1920928955078125e-07,LiBPFPB,0.5910008460230971,0.5910007268138076
12410,LiAsF6,LiAsF6,True,1.1920928955078125e-07,LiBPFPB,0.5910008460230971,0.5910007268138076
12411,LiAsF6,LiAsF6,True,1.1920928955078125e-07,LiBPFPB,0.5910008460230971,0.5910007268138076
12412,LiAsF6,LiAsF6,True,1.1920928955078125e-07,LiBPFPB,0.5910008460230971,0.5910007268138076
12413,LiAsF6,LiAsF6,True,1.1920928955078125e-07,LiBPFPB,0.5910008460230971,0.5910007268138076
12414,LiAsF6,LiAsF6,True,1.1920928955078125e-07,LiBPFPB,0.5910008460230971,0.5910007268138076
12415,LiAsF6,LiAsF6,True,1.1920928955078125e-07,LiBPFPB,0.5910008460230971,0.5910007268138076
12416,LiAsF6,LiAsF6,True,1.1920928955078125e-07,LiBPFPB,0.5910008460230971,0.5910007268138076
12417,LiAsF6,LiAsF6,True,1.1920928955078125e-07,LiBPFPB,0.5910008460230971,0.5910007268138076
12418,LiAsF6,LiAsF6,True,1.1920928955078125e-07,LiBPFPB,0.5910008460230971,0.5910007268138076
12419,LiAsF6,LiAsF6,True,1.1920928955078125e-07,LiBPFPB,0.5910008460230971,0.5910007268138076
12420,LiAsF6,LiAsF6,True,1.1920928955078125e-07,LiBPFPB,0.5910008460230971,0.5910007268138076
12421,LiAsF6,LiAsF6,True,1.1920928955078125e-07,LiBPFPB,0.5910008460230971,0.5910007268138076
12422,LiAsF6,LiAsF6,True,1.1920928955078125e-07,LiBPFPB,0.5910008460230971,0.5910007268138076
12423,LiAsF6,LiAsF6,True,1.1920928955078125e-07,LiBPFPB,0.5910008460230971,0.5910007268138076
12424,LiAsF6,LiAsF6,True,1.1920928955078125e-07,LiBPFPB,0.5910008460230971,0.5910007268138076
12425,LiAsF6,LiAsF6,True,1.1920928955078125e-07,LiBPFPB,0.5910008460230971,0.5910007268138076
12426,LiAsF6,LiAsF6,True,1.1920928955078125e-07,LiBPFPB,0.5910008460230971,0.5910007268138076
12427,LiAsF6,LiAsF6,True,1.1920928955078125e-07,LiBPFPB,0.5910008460230971,0.5910007268138076
12428,LiAsF6,LiAsF6,True,1.1920928955078125e-07,LiBPFPB,0.5910008460230971,0.5910007268138076
12429,LiAsF6,LiAsF6,True,1.1920928955078125e-07,LiBPFPB,0.5910008460230971,0.5910007268138076
12430,LiAsF6,LiAsF6,True,1.1920928955078125e-07,LiBPFPB,0.5910008460230971,0.5910007268138076
12431,LiAsF6,LiAsF6,True,1.1920928955078125e-07,LiBPFPB,0.5910008460230971,0.5910007268138076
12432,LiAsF6,LiAsF6,True,1.1920928955078125e-07,LiBPFPB,0.5910008460230971,0.5910007268138076
12433,LiAsF6,LiAsF6,True,1.1920928955078125e-07,LiBPFPB,0.5910008460230971,0.5910007268138076
12434,LiAsF6,LiAsF6,True,1.1920928955078125e-07,LiBPFPB,0.5910008460230971,0.5910007268138076
12435,LiAsF6,LiAsF6,True,1.1920928955078125e-07,LiBPFPB,0.5910008460230971,0.5910007268138076
12436,LiAsF6,LiAsF6,True,1.1920928955078125e-07,LiBPFPB,0.5910008460230971,0.5910007268138076
12437,LiAsF6,LiAsF6,True,1.1920928955078125e-07,LiBPFPB,0.5910008460230971,0.5910007268138076
12438,LiAsF6,LiAsF6,True,1.1920928955078125e-07,LiBPFPB,0.5910008460230971,0.5910007268138076
12439,LiAsF6,LiAsF6,True,1.1920928955078125e-07,LiBPFPB,0.5910008460230971,0.5910007268138076
12440,LiAsF6,LiAsF6,True,1.1920928955078125e-07,LiBPFPB,0.5910008460230971,0.5910007268138076
12441,LiAsF6,LiAsF6,True,1.1920928955078125e-07,LiBPFPB,0.5910008460230971,0.5910007268138076
12442,LiAsF6,LiAsF6,True,1.1920928955078125e-07,LiBPFPB,0.5910008460230971,0.5910007268138076
12443,LiAsF6,LiAsF6,True,1.1920928955078125e-07,LiBPFPB,0.5910008460230971,0.5910007268138076
12444,LiAsF6,LiAsF6,True,1.1920928955078125e-07,LiBPFPB,0.5910008460230971,0.5910007268138076
12445,LiAsF6,LiAsF6,True,1.1920928955078125e-07,LiBPFPB,0.5910008460230971,0.5910007268138076
12446,LiAsF6,LiAsF6,True,1.1920928955078125e-07,LiBPFPB,0.5910008460230971,0.5910007268138076
12447,LiAsF6,LiAsF6,True,1.1920928955078125e-07,LiBPFPB,0.5910008460230971,0.5910007268138076
12448,LiAsF6,LiAsF6,True,1.1920928955078125e-07,LiBPFPB,0.5910008460230971,0.5910007268138076
12449,LiAsF6,LiAsF6,True,1.1920928955078125e-07,LiBPFPB,0.5910008460230971,0.5910007268138076
12450,LiAsF6,LiAsF6,True,1.1920928955078125e-07,LiBPFPB,0.5910008460230971,0.5910007268138076
12451,LiAsF6,LiAsF6,True,1.1920928955078125e-07,LiBPFPB,0.5910008460230971,0.5910007268138076
12452,LiAsF6,LiAsF6,True,1.1920928955078125e-07,LiBPFPB,0.5910008460230971,0.5910007268138076
12453,LiAsF6,LiAsF6,True,1.1920928955078125e-07,LiBPFPB,0.5910008460230971,0.5910007268138076
12454,LiAsF6,LiAsF6,True,1.1920928955078125e-07,LiBPFPB,0.5910008460230971,0.5910007268138076
12455,LiAsF6,LiAsF6,True,1.1920928955078125e-07,LiBPFPB,0.5910008460230971,0.5910007268138076
12456,LiAsF6,LiAsF6,True,1.1920928955078125e-07,LiBPFPB,0.5910008460230971,0.5910007268138076
12457,LiAsF6,LiAsF6,True,1.1920928955078125e-07,LiBPFPB,0.5910008460230971,0.5910007268138076
12458,LiAsF6,LiAsF6,True,1.1920928955078125e-07,LiBPFPB,0.5910008460230971,0.5910007268138076
12459,LiAsF6,LiAsF6,True,1.1920928955078125e-07,LiBPFPB,0.5910008460230971,0.5910007268138076
12460,LiAsF6,LiAsF6,True,1.1920928955078125e-07,LiBPFPB,0.5910008460230971,0.5910007268138076
12461,LiAsF6,LiAsF6,True,1.1920928955078125e-07,LiBPFPB,0.5910008460230971,0.5910007268138076
12462,LiAsF6,LiAsF6,True,1.1920928955078125e-07,LiBPFPB,0.5910008460230971,0.5910007268138076
12463,LiAsF6,LiAsF6,True,1.1920928955078125e-07,LiBPFPB,0.5910008460230971,0.5910007268138076
12464,LiAsF6,LiAsF6,True,1.1920928955078125e-07,LiBPFPB,0.5910008460230971,0.5910007268138076
12465,LiAsF6,LiAsF6,True,1.1920928955078125e-07,LiBPFPB,0.5910008460230971,0.5910007268138076
12466,LiAsF6,LiAsF6,True,1.1920928955078125e-07,LiBPFPB,0.5910008460230971,0.5910007268138076
12467,LiAsF6,LiAsF6,True,1.1920928955078125e-07,LiBPFPB,0.5910008460230971,0.5910007268138076
12468,LiAsF6,LiAsF6,True,1.1920928955078125e-07,LiBPFPB,0.5910008460230971,0.5910007268138076
12469,LiAsF6,LiAsF6,True,1.1920928955078125e-07,LiBPFPB,0.5910008460230971,0.5910007268138076
12470,LiAsF6,LiAsF6,True,1.1920928955078125e-07,LiBPFPB,0.5910008460230971,0.5910007268138076
12471,LiAsF6,LiAsF6,True,1.1920928955078125e-07,LiBPFPB,0.5910008460230971,0.5910007268138076
12472,LiAsF6,LiAsF6,True,1.1920928955078125e-07,LiBPFPB,0.5910008460230971,0.5910007268138076
12473,LiAsF6,LiAsF6,True,1.1920928955078125e-07,LiBPFPB,0.5910008460230971,0.5910007268138076
12474,LiAsF6,LiAsF6,True,1.1920928955078125e-07,LiBPFPB,0.5910008460230971,0.5910007268138076
12475,LiAsF6,LiAsF6,True,1.1920928955078125e-07,LiBPFPB,0.5910008460230971,0.5910007268138076
12476,LiAsF6,LiAsF6,True,1.1920928955078125e-07,LiBPFPB,0.5910008460230971,0.5910007268138076
12477,LiAsF6,LiAsF6,True,1.1920928955078125e-07,LiBPFPB,0.5910008460230971,0.5910007268138076
12478,LiAsF6,LiAsF6,True,1.1920928955078125e-07,LiBPFPB,0.5910008460230971,0.5910007268138076
12479,LiAsF6,LiAsF6,True,1.1920928955078125e-07,LiBPFPB,0.5910008460230971,0.5910007268138076
12480,LiAsF6,LiAsF6,True,1.1920928955078125e-07,LiBPFPB,0.5910008460230971,0.5910007268138076
12481,LiAsF6,LiAsF6,True,1.1920928955078125e-07,LiBPFPB,0.5910008460230971,0.5910007268138076
12482,LiAsF6,LiAsF6,True,1.1920928955078125e-07,LiBPFPB,0.5910008460230971,0.5910007268138076
12483,LiAsF6,LiAsF6,True,1.1920928955078125e-07,LiBPFPB,0.5910008460230971,0.5910007268138076
12484,LiAsF6,LiAsF6,True,1.1920928955078125e-07,LiBPFPB,0.5910008460230971,0.5910007268138076
12485,LiAsF6,LiAsF6,True,1.1920928955078125e-07,LiBPFPB,0.5910008460230971,0.5910007268138076
12486,LiAsF6,LiAsF6,True,1.1920928955078125e-07,LiBPFPB,0.5910008460230971,0.5910007268138076
12487,LiAsF6,LiAsF6,True,1.1920928955078125e-07,LiBPFPB,0.5910008460230971,0.5910007268138076
12488,LiAsF6,LiAsF6,True,1.1920928955078125e-07,LiBPFPB,0.5910008460230971,0.5910007268138076
12489,LiAsF6,LiAsF6,True,1.1920928955078125e-07,LiBPFPB,0.5910008460230971,0.5910007268138076
12490,LiAsF6,LiAsF6,True,1.1920928955078125e-07,LiBPFPB,0.5910008460230971,0.5910007268138076
12491,LiAsF6,LiAsF6,True,1.1920928955078125e-07,LiBPFPB,0.5910008460230971,0.5910007268138076
12492,LiAsF6,LiAsF6,True,1.1920928955078125e-07,LiBPFPB,0.5910008460230971,0.5910007268138076
12493,LiAsF6,LiAsF6,True,1.1920928955078125e-07,LiBPFPB,0.5910008460230971,0.5910007268138076
12494,LiAsF6,LiAsF6,True,1.1920928955078125e-07,LiBPFPB,0.5910008460230971,0.5910007268138076
12495,LiAsF6,LiAsF6,True,1.1920928955078125e-07,LiBPFPB,0.5910008460230971,0.5910007268138076
12496,LiAsF6,LiAsF6,True,1.1920928955078125e-07,LiBPFPB,0.5910008460230971,0.5910007268138076
12497,LiAsF6,LiAsF6,True,1.1920928955078125e-07,LiBPFPB,0.5910008460230971,0.5910007268138076
12498,LiAsF6,LiAsF6,True,1.1920928955078125e-07,LiBPFPB,0.5910008460230971,0.5910007268138076
12499,LiAsF6,LiAsF6,True,1.1920928955078125e-07,LiBPFPB,0.5910008460230971,0.5910007268138076
12500,LiAsF6,LiAsF6,True,1.1920928955078125e-07,LiBPFPB,0.5910008460230971,0.5910007268138076
12501,LiAsF6,LiAsF6,True,1.1920928955078125e-07,LiBPFPB,0.5910008460230971,0.5910007268138076
12502,LiAsF6,LiAsF6,True,1.1920928955078125e-07,LiBPFPB,0.5910008460230971,0.5910007268138076
12503,LiAsF6,LiAsF6,True,1.1920928955078125e-07,LiBPFPB,0.5910008460230971,0.5910007268138076
12504,LiAsF6,LiAsF6,True,1.1920928955078125e-07,LiBPFPB,0.5910008460230971,0.5910007268138076
12505,LiAsF6,LiAsF6,True,1.1920928955078125e-07,LiBPFPB,0.5910008460230971,0.5910007268138076
12506,LiAsF6,LiAsF6,True,1.1920928955078125e-07,LiBPFPB,0.5910008460230971,0.5910007268138076
12507,LiAsF6,LiAsF6,True,1.1920928955078125e-07,LiBPFPB,0.5910008460230971,0.5910007268138076
12508,LiAsF6,LiAsF6,True,1.1920928955078125e-07,LiBPFPB,0.5910008460230971,0.5910007268138076
12509,LiAsF6,LiAsF6,True,1.1920928955078125e-07,LiBPFPB,0.5910008460230971,0.5910007268138076
12510,LiAsF6,LiAsF6,True,1.1920928955078125e-07,LiBPFPB,0.5910008460230971,0.5910007268138076
12511,LiAsF6,LiAsF6,True,1.1920928955078125e-07,LiBPFPB,0.5910008460230971,0.5910007268138076
12512,LiAsF6,LiAsF6,True,1.1920928955078125e-07,LiBPFPB,0.5910008460230971,0.5910007268138076
12513,LiAsF6,LiAsF6,True,1.1920928955078125e-07,LiBPFPB,0.5910008460230971,0.5910007268138076
12514,LiAsF6,LiAsF6,True,1.1920928955078125e-07,LiBPFPB,0.5910008460230971,0.5910007268138076
12515,LiAsF6,LiAsF6,True,1.1920928955078125e-07,LiBPFPB,0.5910008460230971,0.5910007268138076
12516,LiAsF6,LiAsF6,True,1.1920928955078125e-07,LiBPFPB,0.5910008460230971,0.5910007268138076
12517,LiAsF6,LiAsF6,True,1.1920928955078125e-07,LiBPFPB,0.5910008460230971,0.5910007268138076
12518,LiAsF6,LiAsF6,True,1.1920928955078125e-07,LiBPFPB,0.5910008460230971,0.5910007268138076
12519,LiAsF6,LiAsF6,True,1.1920928955078125e-07,LiBPFPB,0.5910008460230971,0.5910007268138076
12520,LiAsF6,LiAsF6,True,1.1920928955078125e-07,LiBPFPB,0.5910008460230971,0.5910007268138076
12521,LiAsF6,LiAsF6,True,1.1920928955078125e-07,LiBPFPB,0.5910008460230971,0.5910007268138076
12522,LiAsF6,LiAsF6,True,1.1920928955078125e-07,LiBPFPB,0.5910008460230971,0.5910007268138076
12523,LiAsF6,LiAsF6,True,1.1920928955078125e-07,LiBPFPB,0.5910008460230971,0.5910007268138076
12524,LiAsF6,LiAsF6,True,1.1920928955078125e-07,LiBPFPB,0.5910008460230971,0.5910007268138076
12525,LiAsF6,LiAsF6,True,1.1920928955078125e-07,LiBPFPB,0.5910008460230971,0.5910007268138076
12526,LiAsF6,LiAsF6,True,1.1920928955078125e-07,LiBPFPB,0.5910008460230971,0.5910007268138076
12527,LiAsF6,LiAsF6,True,1.1920928955078125e-07,LiBPFPB,0.5910008460230971,0.5910007268138076
12528,LiAsF6,LiAsF6,True,1.1920928955078125e-07,LiBPFPB,0.5910008460230971,0.5910007268138076
12529,LiAsF6,LiAsF6,True,1.1920928955078125e-07,LiBPFPB,0.5910008460230971,0.5910007268138076
12530,LiAsF6,LiAsF6,True,1.1920928955078125e-07,LiBPFPB,0.5910008460230971,0.5910007268138076
12531,LiAsF6,LiAsF6,True,1.1920928955078125e-07,LiBPFPB,0.5910008460230971,0.5910007268138076
12532,LiAsF6,LiAsF6,True,1.1920928955078125e-07,LiBPFPB,0.5910008460230971,0.5910007268138076
12533,LiAsF6,LiAsF6,True,1.1920928955078125e-07,LiBPFPB,0.5910008460230971,0.5910007268138076
12534,LiAsF6,LiAsF6,True,1.1920928955078125e-07,LiBPFPB,0.5910008460230971,0.5910007268138076
12535,LiAsF6,LiAsF6,True,1.1920928955078125e-07,LiBPFPB,0.5910008460230971,0.5910007268138076
12536,LiAsF6,LiAsF6,True,1.1920928955078125e-07,LiBPFPB,0.5910008460230971,0.5910007268138076
12537,LiAsF6,LiAsF6,True,1.1920928955078125e-07,LiBPFPB,0.5910008460230971,0.5910007268138076
12538,LiAsF6,LiAsF6,True,1.1920928955078125e-07,LiBPFPB,0.5910008460230971,0.5910007268138076
12539,LiAsF6,LiAsF6,True,1.1920928955078125e-07,LiBPFPB,0.5910008460230971,0.5910007268138076
12540,LiAsF6,LiAsF6,True,1.1920928955078125e-07,LiBPFPB,0.5910008460230971,0.5910007268138076
12541,LiAsF6,LiAsF6,True,1.1920928955078125e-07,LiBPFPB,0.5910008460230971,0.5910007268138076
12542,LiAsF6,LiAsF6,True,1.1920928955078125e-07,LiBPFPB,0.5910008460230971,0.5910007268138076
12543,LiAsF6,LiAsF6,True,1.1920928955078125e-07,LiBPFPB,0.5910008460230971,0.5910007268138076
12544,LiAsF6,LiAsF6,True,1.1920928955078125e-07,LiBPFPB,0.5910008460230971,0.5910007268138076
12545,LiAsF6,LiAsF6,True,1.1920928955078125e-07,LiBPFPB,0.5910008460230971,0.5910007268138076
12546,LiAsF6,LiAsF6,True,1.1920928955078125e-07,LiBPFPB,0.5910008460230971,0.5910007268138076
12547,LiAsF6,LiAsF6,True,1.1920928955078125e-07,LiBPFPB,0.5910008460230971,0.5910007268138076
12548,LiAsF6,LiAsF6,True,1.1920928955078125e-07,LiBPFPB,0.5910008460230971,0.5910007268138076
12549,LiAsF6,LiAsF6,True,1.1920928955078125e-07,LiBPFPB,0.5910008460230971,0.5910007268138076
12550,LiAsF6,LiAsF6,True,1.1920928955078125e-07,LiBPFPB,0.5910008460230971,0.5910007268138076
12551,LiAsF6,LiAsF6,True,1.1920928955078125e-07,LiBPFPB,0.5910008460230971,0.5910007268138076
12552,LiAsF6,LiAsF6,True,1.1920928955078125e-07,LiBPFPB,0.5910008460230971,0.5910007268138076
12553,LiAsF6,LiAsF6,True,1.1920928955078125e-07,LiBPFPB,0.5910008460230971,0.5910007268138076
12554,LiAsF6,LiAsF6,True,1.1920928955078125e-07,LiBPFPB,0.5910008460230971,0.5910007268138076
12555,LiAsF6,LiAsF6,True,1.1920928955078125e-07,LiBPFPB,0.5910008460230971,0.5910007268138076
12556,LiAsF6,LiAsF6,True,1.1920928955078125e-07,LiBPFPB,0.5910008460230971,0.5910007268138076
12557,LiAsF6,LiAsF6,True,1.1920928955078125e-07,LiBPFPB,0.5910008460230971,0.5910007268138076
12558,LiAsF6,LiAsF6,True,1.1920928955078125e-07,LiBPFPB,0.5910008460230971,0.5910007268138076
12559,LiAsF6,LiAsF6,True,1.1920928955078125e-07,LiBPFPB,0.5910008460230971,0.5910007268138076
12560,LiAsF6,LiAsF6,True,1.1920928955078125e-07,LiBPFPB,0.5910008460230971,0.5910007268138076
12561,LiAsF6,LiAsF6,True,1.1920928955078125e-07,LiBPFPB,0.5910008460230971,0.5910007268138076
12562,LiAsF6,LiAsF6,True,1.1920928955078125e-07,LiBPFPB,0.5910008460230971,0.5910007268138076
12563,LiAsF6,LiAsF6,True,1.1920928955078125e-07,LiBPFPB,0.5910008460230971,0.5910007268138076
12564,LiAsF6,LiAsF6,True,1.1920928955078125e-07,LiBPFPB,0.5910008460230971,0.5910007268138076
12565,LiAsF6,LiAsF6,True,1.1920928955078125e-07,LiBPFPB,0.5910008460230971,0.5910007268138076
12566,LiAsF6,LiAsF6,True,1.1920928955078125e-07,LiBPFPB,0.5910008460230971,0.5910007268138076
12567,LiAsF6,LiAsF6,True,1.1920928955078125e-07,LiBPFPB,0.5910008460230971,0.5910007268138076
12568,LiAsF6,LiAsF6,True,1.1920928955078125e-07,LiBPFPB,0.5910008460230971,0.5910007268138076
12569,LiAsF6,LiAsF6,True,1.1920928955078125e-07,LiBPFPB,0.5910008460230971,0.5910007268138076
12570,LiAsF6,LiAsF6,True,1.1920928955078125e-07,LiBPFPB,0.5910008460230971,0.5910007268138076
12571,LiAsF6,LiAsF6,True,1.1920928955078125e-07,LiBPFPB,0.5910008460230971,0.5910007268138076
12572,LiAsF6,LiAsF6,True,1.1920928955078125e-07,LiBPFPB,0.5910008460230971,0.5910007268138076
12573,LiAsF6,LiAsF6,True,1.1920928955078125e-07,LiBPFPB,0.5910008460230971,0.5910007268138076
12574,LiAsF6,LiAsF6,True,1.1920928955078125e-07,LiBPFPB,0.5910008460230971,0.5910007268138076
12575,LiAsF6,LiAsF6,True,1.1920928955078125e-07,LiBPFPB,0.5910008460230971,0.5910007268138076
12576,LiAsF6,LiAsF6,True,1.1920928955078125e-07,LiBPFPB,0.5910008460230971,0.5910007268138076
12577,LiAsF6,LiAsF6,True,1.1920928955078125e-07,LiBPFPB,0.5910008460230971,0.5910007268138076
12578,LiAsF6,LiAsF6,True,1.1920928955078125e-07,LiBPFPB,0.5910008460230971,0.5910007268138076
12579,LiAsF6,LiAsF6,True,1.1920928955078125e-07,LiBPFPB,0.5910008460230971,0.5910007268138076
12580,LiAsF6,LiAsF6,True,1.1920928955078125e-07,LiBPFPB,0.5910008460230971,0.5910007268138076
12581,LiAsF6,LiAsF6,True,1.1920928955078125e-07,LiBPFPB,0.5910008460230971,0.5910007268138076
12582,LiAsF6,LiAsF6,True,1.1920928955078125e-07,LiBPFPB,0.5910008460230971,0.5910007268138076
12583,LiAsF6,LiAsF6,True,1.1920928955078125e-07,LiBPFPB,0.5910008460230971,0.5910007268138076
12584,LiAsF6,LiAsF6,True,1.1920928955078125e-07,LiBPFPB,0.5910008460230971,0.5910007268138076
12585,LiAsF6,LiAsF6,True,1.1920928955078125e-07,LiBPFPB,0.5910008460230971,0.5910007268138076
12586,LiAsF6,LiAsF6,True,1.1920928955078125e-07,LiBPFPB,0.5910008460230971,0.5910007268138076
12587,LiAsF6,LiAsF6,True,1.1920928955078125e-07,LiBPFPB,0.5910008460230971,0.5910007268138076
12588,LiAsF6,LiAsF6,True,1.1920928955078125e-07,LiBPFPB,0.5910008460230971,0.5910007268138076
12589,LiAsF6,LiAsF6,True,1.1920928955078125e-07,LiBPFPB,0.5910008460230971,0.5910007268138076
12590,LiAsF6,LiAsF6,True,1.1920928955078125e-07,LiBPFPB,0.5910008460230971,0.5910007268138076
12591,LiAsF6,LiAsF6,True,1.1920928955078125e-07,LiBPFPB,0.5910008460230971,0.5910007268138076
12592,LiAsF6,LiAsF6,True,1.1920928955078125e-07,LiBPFPB,0.5910008460230971,0.5910007268138076
12593,LiAsF6,LiAsF6,True,1.1920928955078125e-07,LiBPFPB,0.5910008460230971,0.5910007268138076
12594,LiAsF6,LiAsF6,True,1.1920928955078125e-07,LiBPFPB,0.5910008460230971,0.5910007268138076
12595,LiAsF6,LiAsF6,True,1.1920928955078125e-07,LiBPFPB,0.5910008460230971,0.5910007268138076
12596,LiAsF6,LiAsF6,True,1.1920928955078125e-07,LiBPFPB,0.5910008460230971,0.5910007268138076
12597,LiAsF6,LiAsF6,True,1.1920928955078125e-07,LiBPFPB,0.5910008460230971,0.5910007268138076
12598,LiAsF6,LiAsF6,True,1.1920928955078125e-07,LiBPFPB,0.5910008460230971,0.5910007268138076
12599,LiAsF6,LiAsF6,True,1.1920928955078125e-07,LiBPFPB,0.5910008460230971,0.5910007268138076
12600,LiAsF6,LiAsF6,True,1.1920928955078125e-07,LiBPFPB,0.5910008460230971,0.5910007268138076
12601,LiAsF6,LiAsF6,True,1.1920928955078125e-07,LiBPFPB,0.5910008460230971,0.5910007268138076
12602,LiAsF6,LiAsF6,True,1.1920928955078125e-07,LiBPFPB,0.5910008460230971,0.5910007268138076
12603,LiAsF6,LiAsF6,True,1.1920928955078125e-07,LiBPFPB,0.5910008460230971,0.5910007268138076
12604,LiAsF6,LiAsF6,True,1.1920928955078125e-07,LiBPFPB,0.5910008460230971,0.5910007268138076
12605,LiAsF6,LiAsF6,True,1.1920928955078125e-07,LiBPFPB,0.5910008460230971,0.5910007268138076
12606,LiAsF6,LiAsF6,True,1.1920928955078125e-07,LiBPFPB,0.5910008460230971,0.5910007268138076
12607,LiAsF6,LiAsF6,True,1.1920928955078125e-07,LiBPFPB,0.5910008460230971,0.5910007268138076
12608,LiAsF6,LiAsF6,True,1.1920928955078125e-07,LiBPFPB,0.5910008460230971,0.5910007268138076
12609,LiAsF6,LiAsF6,True,1.1920928955078125e-07,LiBPFPB,0.5910008460230971,0.5910007268138076
12610,LiAsF6,LiAsF6,True,1.1920928955078125e-07,LiBPFPB,0.5910008460230971,0.5910007268138076
12611,LiAsF6,LiAsF6,True,1.1920928955078125e-07,LiBPFPB,0.5910008460230971,0.5910007268138076
12612,LiAsF6,LiAsF6,True,1.1920928955078125e-07,LiBPFPB,0.5910008460230971,0.5910007268138076
12613,LiAsF6,LiAsF6,True,1.1920928955078125e-07,LiBPFPB,0.5910008460230971,0.5910007268138076
12614,LiAsF6,LiAsF6,True,1.1920928955078125e-07,LiBPFPB,0.5910008460230971,0.5910007268138076
12615,LiAsF6,LiAsF6,True,1.1920928955078125e-07,LiBPFPB,0.5910008460230971,0.5910007268138076
12616,LiAsF6,LiAsF6,True,1.1920928955078125e-07,LiBPFPB,0.5910008460230971,0.5910007268138076
12617,LiAsF6,LiAsF6,True,1.1920928955078125e-07,LiBPFPB,0.5910008460230971,0.5910007268138076
12618,LiAsF6,LiAsF6,True,1.1920928955078125e-07,LiBPFPB,0.5910008460230971,0.5910007268138076
12619,LiAsF6,LiAsF6,True,1.1920928955078125e-07,LiBPFPB,0.5910008460230971,0.5910007268138076
12620,LiAsF6,LiAsF6,True,1.1920928955078125e-07,LiBPFPB,0.5910008460230971,0.5910007268138076
12621,LiAsF6,LiAsF6,True,1.1920928955078125e-07,LiBPFPB,0.5910008460230971,0.5910007268138076
12622,LiAsF6,LiAsF6,True,1.1920928955078125e-07,LiBPFPB,0.5910008460230971,0.5910007268138076
12623,LiAsF6,LiAsF6,True,1.1920928955078125e-07,LiBPFPB,0.5910008460230971,0.5910007268138076
12624,LiAsF6,LiAsF6,True,1.1920928955078125e-07,LiBPFPB,0.5910008460230971,0.5910007268138076
12625,LiAsF6,LiAsF6,True,1.1920928955078125e-07,LiBPFPB,0.5910008460230971,0.5910007268138076
12626,LiAsF6,LiAsF6,True,1.1920928955078125e-07,LiBPFPB,0.5910008460230971,0.5910007268138076
12627,LiAsF6,LiAsF6,True,1.1920928955078125e-07,LiBPFPB,0.5910008460230971,0.5910007268138076
12628,LiAsF6,LiAsF6,True,1.1920928955078125e-07,LiBPFPB,0.5910008460230971,0.5910007268138076
12629,LiAsF6,LiAsF6,True,1.1920928955078125e-07,LiBPFPB,0.5910008460230971,0.5910007268138076
12630,LiAsF6,LiAsF6,True,1.1920928955078125e-07,LiBPFPB,0.5910008460230971,0.5910007268138076
12631,LiAsF6,LiAsF6,True,1.1920928955078125e-07,LiBPFPB,0.5910008460230971,0.5910007268138076
12632,LiAsF6,LiAsF6,True,1.1920928955078125e-07,LiBPFPB,0.5910008460230971,0.5910007268138076
12633,LiAsF6,LiAsF6,True,1.1920928955078125e-07,LiBPFPB,0.5910008460230971,0.5910007268138076
12634,LiAsF6,LiAsF6,True,1.1920928955078125e-07,LiBPFPB,0.5910008460230971,0.5910007268138076
12635,LiAsF6,LiAsF6,True,1.1920928955078125e-07,LiBPFPB,0.5910008460230971,0.5910007268138076
12636,LiAsF6,LiAsF6,True,1.1920928955078125e-07,LiBPFPB,0.5910008460230971,0.5910007268138076
12637,LiAsF6,LiAsF6,True,1.1920928955078125e-07,LiBPFPB,0.5910008460230971,0.5910007268138076
12638,LiAsF6,LiAsF6,True,1.1920928955078125e-07,LiBPFPB,0.5910008460230971,0.5910007268138076
12639,LiAsF6,LiAsF6,True,1.1920928955078125e-07,LiBPFPB,0.5910008460230971,0.5910007268138076
12640,LiAsF6,LiAsF6,True,1.1920928955078125e-07,LiBPFPB,0.5910008460230971,0.5910007268138076
12641,LiAsF6,LiAsF6,True,1.1920928955078125e-07,LiBPFPB,0.5910008460230971,0.5910007268138076
12642,LiAsF6,LiAsF6,True,1.1920928955078125e-07,LiBPFPB,0.5910008460230971,0.5910007268138076
12643,LiAsF6,LiAsF6,True,1.1920928955078125e-07,LiBPFPB,0.5910008460230971,0.5910007268138076
12644,LiAsF6,LiAsF6,True,1.1920928955078125e-07,LiBPFPB,0.5910008460230971,0.5910007268138076
12645,LiAsF6,LiAsF6,True,1.1920928955078125e-07,LiBPFPB,0.5910008460230971,0.5910007268138076
12646,LiAsF6,LiAsF6,True,1.1920928955078125e-07,LiBPFPB,0.5910008460230971,0.5910007268138076
12647,LiAsF6,LiAsF6,True,1.1920928955078125e-07,LiBPFPB,0.5910008460230971,0.5910007268138076
12648,LiAsF6,LiAsF6,True,1.1920928955078125e-07,LiBPFPB,0.5910008460230971,0.5910007268138076
12649,LiAsF6,LiAsF6,True,1.1920928955078125e-07,LiBPFPB,0.5910008460230971,0.5910007268138076
12650,LiAsF6,LiAsF6,True,1.1920928955078125e-07,LiBPFPB,0.5910008460230971,0.5910007268138076
12651,LiAsF6,LiAsF6,True,1.1920928955078125e-07,LiBPFPB,0.5910008460230971,0.5910007268138076
12652,LiAsF6,LiAsF6,True,1.1920928955078125e-07,LiBPFPB,0.5910008460230971,0.5910007268138076
12653,LiAsF6,LiAsF6,True,1.1920928955078125e-07,LiBPFPB,0.5910008460230971,0.5910007268138076
12654,LiAsF6,LiAsF6,True,1.1920928955078125e-07,LiBPFPB,0.5910008460230971,0.5910007268138076
12655,LiAsF6,LiAsF6,True,1.1920928955078125e-07,LiBPFPB,0.5910008460230971,0.5910007268138076
12656,LiAsF6,LiAsF6,True,1.1920928955078125e-07,LiBPFPB,0.5910008460230971,0.5910007268138076
12657,LiAsF6,LiAsF6,True,1.1920928955078125e-07,LiBPFPB,0.5910008460230971,0.5910007268138076
12658,LiAsF6,LiAsF6,True,1.1920928955078125e-07,LiBPFPB,0.5910008460230971,0.5910007268138076
12659,LiAsF6,LiAsF6,True,1.1920928955078125e-07,LiBPFPB,0.5910008460230971,0.5910007268138076
12660,LiAsF6,LiAsF6,True,1.1920928955078125e-07,LiBPFPB,0.5910008460230971,0.5910007268138076
12661,LiAsF6,LiAsF6,True,1.1920928955078125e-07,LiBPFPB,0.5910008460230971,0.5910007268138076
12662,LiAsF6,LiAsF6,True,1.1920928955078125e-07,LiBPFPB,0.5910008460230971,0.5910007268138076
12663,LiAsF6,LiAsF6,True,1.1920928955078125e-07,LiBPFPB,0.5910008460230971,0.5910007268138076
12664,LiAsF6,LiAsF6,True,1.1920928955078125e-07,LiBPFPB,0.5910008460230971,0.5910007268138076
12665,LiAsF6,LiAsF6,True,1.1920928955078125e-07,LiBPFPB,0.5910008460230971,0.5910007268138076
12666,LiAsF6,LiAsF6,True,1.1920928955078125e-07,LiBPFPB,0.5910008460230971,0.5910007268138076
12667,LiAsF6,LiAsF6,True,1.1920928955078125e-07,LiBPFPB,0.5910008460230971,0.5910007268138076
12668,LiAsF6,LiAsF6,True,1.1920928955078125e-07,LiBPFPB,0.5910008460230971,0.5910007268138076
12669,LiAsF6,LiAsF6,True,1.1920928955078125e-07,LiBPFPB,0.5910008460230971,0.5910007268138076
12670,LiAsF6,LiAsF6,True,1.1920928955078125e-07,LiBPFPB,0.5910008460230971,0.5910007268138076
12671,LiAsF6,LiAsF6,True,1.1920928955078125e-07,LiBPFPB,0.5910008460230971,0.5910007268138076
12672,LiAsF6,LiAsF6,True,1.1920928955078125e-07,LiBPFPB,0.5910008460230971,0.5910007268138076
12673,LiAsF6,LiAsF6,True,1.1920928955078125e-07,LiBPFPB,0.5910008460230971,0.5910007268138076
12674,LiAsF6,LiAsF6,True,1.1920928955078125e-07,LiBPFPB,0.5910008460230971,0.5910007268138076
12675,LiAsF6,LiAsF6,True,1.1920928955078125e-07,LiBPFPB,0.5910008460230971,0.5910007268138076
12676,LiAsF6,LiAsF6,True,1.1920928955078125e-07,LiBPFPB,0.5910008460230971,0.5910007268138076
12677,LiAsF6,LiAsF6,True,1.1920928955078125e-07,LiBPFPB,0.5910008460230971,0.5910007268138076
12678,LiAsF6,LiAsF6,True,1.1920928955078125e-07,LiBPFPB,0.5910008460230971,0.5910007268138076
12679,LiAsF6,LiAsF6,True,1.1920928955078125e-07,LiBPFPB,0.5910008460230971,0.5910007268138076
12680,LiAsF6,LiAsF6,True,1.1920928955078125e-07,LiBPFPB,0.5910008460230971,0.5910007268138076
12681,LiAsF6,LiAsF6,True,1.1920928955078125e-07,LiBPFPB,0.5910008460230971,0.5910007268138076
12682,LiAsF6,LiAsF6,True,1.1920928955078125e-07,LiBPFPB,0.5910008460230971,0.5910007268138076
12683,LiAsF6,LiAsF6,True,1.1920928955078125e-07,LiBPFPB,0.5910008460230971,0.5910007268138076
12684,LiAsF6,LiAsF6,True,1.1920928955078125e-07,LiBPFPB,0.5910008460230971,0.5910007268138076
12685,LiAsF6,LiAsF6,True,1.1920928955078125e-07,LiBPFPB,0.5910008460230971,0.5910007268138076
12686,LiAsF6,LiAsF6,True,1.1920928955078125e-07,LiBPFPB,0.5910008460230971,0.5910007268138076
12687,LiAsF6,LiAsF6,True,1.1920928955078125e-07,LiBPFPB,0.5910008460230971,0.5910007268138076
12688,LiAsF6,LiAsF6,True,1.1920928955078125e-07,LiBPFPB,0.5910008460230971,0.5910007268138076
12689,LiAsF6,LiAsF6,True,1.1920928955078125e-07,LiBPFPB,0.5910008460230971,0.5910007268138076
12690,LiAsF6,LiAsF6,True,1.1920928955078125e-07,LiBPFPB,0.5910008460230971,0.5910007268138076
12691,LiAsF6,LiAsF6,True,1.1920928955078125e-07,LiBPFPB,0.5910008460230971,0.5910007268138076
12692,LiAsF6,LiAsF6,True,1.1920928955078125e-07,LiBPFPB,0.5910008460230971,0.5910007268138076
12693,LiAsF6,LiAsF6,True,1.1920928955078125e-07,LiBPFPB,0.5910008460230971,0.5910007268138076
12694,LiAsF6,LiAsF6,True,1.1920928955078125e-07,LiBPFPB,0.5910008460230971,0.5910007268138076
12695,LiAsF6,LiAsF6,True,1.1920928955078125e-07,LiBPFPB,0.5910008460230971,0.5910007268138076
12696,LiAsF6,LiAsF6,True,1.1920928955078125e-07,LiBPFPB,0.5910008460230971,0.5910007268138076
12697,LiAsF6,LiAsF6,True,1.1920928955078125e-07,LiBPFPB,0.5910008460230971,0.5910007268138076
12698,LiAsF6,LiAsF6,True,1.1920928955078125e-07,LiBPFPB,0.5910008460230971,0.5910007268138076
12699,LiAsF6,LiAsF6,True,1.1920928955078125e-07,LiBPFPB,0.5910008460230971,0.5910007268138076
12700,LiAsF6,LiAsF6,True,1.1920928955078125e-07,LiBPFPB,0.5910008460230971,0.5910007268138076
12701,LiAsF6,LiAsF6,True,1.1920928955078125e-07,LiBPFPB,0.5910008460230971,0.5910007268138076
12702,LiAsF6,LiAsF6,True,1.1920928955078125e-07,LiBPFPB,0.5910008460230971,0.5910007268138076
12703,LiAsF6,LiAsF6,True,1.1920928955078125e-07,LiBPFPB,0.5910008460230971,0.5910007268138076
12704,LiAsF6,LiAsF6,True,1.1920928955078125e-07,LiBPFPB,0.5910008460230971,0.5910007268138076
12705,LiAsF6,LiAsF6,True,1.1920928955078125e-07,LiBPFPB,0.5910008460230971,0.5910007268138076
12706,LiAsF6,LiAsF6,True,1.1920928955078125e-07,LiBPFPB,0.5910008460230971,0.5910007268138076
12707,LiAsF6,LiAsF6,True,1.1920928955078125e-07,LiBPFPB,0.5910008460230971,0.5910007268138076
12708,LiAsF6,LiAsF6,True,1.1920928955078125e-07,LiBPFPB,0.5910008460230971,0.5910007268138076
12709,LiAsF6,LiAsF6,True,1.1920928955078125e-07,LiBPFPB,0.5910008460230971,0.5910007268138076
12710,LiAsF6,LiAsF6,True,1.1920928955078125e-07,LiBPFPB,0.5910008460230971,0.5910007268138076
12711,LiAsF6,LiAsF6,True,1.1920928955078125e-07,LiBPFPB,0.5910008460230971,0.5910007268138076
12712,LiAsF6,LiAsF6,True,1.1920928955078125e-07,LiBPFPB,0.5910008460230971,0.5910007268138076
12713,LiAsF6,LiAsF6,True,1.1920928955078125e-07,LiBPFPB,0.5910008460230971,0.5910007268138076
12714,LiAsF6,LiAsF6,True,1.1920928955078125e-07,LiBPFPB,0.5910008460230971,0.5910007268138076
12715,LiAsF6,LiAsF6,True,1.1920928955078125e-07,LiBPFPB,0.5910008460230971,0.5910007268138076
12716,LiAsF6,LiAsF6,True,1.1920928955078125e-07,LiBPFPB,0.5910008460230971,0.5910007268138076
12717,LiAsF6,LiAsF6,True,1.1920928955078125e-07,LiBPFPB,0.5910008460230971,0.5910007268138076
12718,LiAsF6,LiAsF6,True,1.1920928955078125e-07,LiBPFPB,0.5910008460230971,0.5910007268138076
12719,LiAsF6,LiAsF6,True,1.1920928955078125e-07,LiBPFPB,0.5910008460230971,0.5910007268138076
12720,LiAsF6,LiAsF6,True,1.1920928955078125e-07,LiBPFPB,0.5910008460230971,0.5910007268138076
12721,LiAsF6,LiAsF6,True,1.1920928955078125e-07,LiBPFPB,0.5910008460230971,0.5910007268138076
12722,LiAsF6,LiAsF6,True,1.1920928955078125e-07,LiBPFPB,0.5910008460230971,0.5910007268138076
12723,LiAsF6,LiAsF6,True,1.1920928955078125e-07,LiBPFPB,0.5910008460230971,0.5910007268138076
12724,LiAsF6,LiAsF6,True,1.1920928955078125e-07,LiBPFPB,0.5910008460230971,0.5910007268138076
12725,LiAsF6,LiAsF6,True,1.1920928955078125e-07,LiBPFPB,0.5910008460230971,0.5910007268138076
12726,LiAsF6,LiAsF6,True,1.1920928955078125e-07,LiBPFPB,0.5910008460230971,0.5910007268138076
12727,LiAsF6,LiAsF6,True,1.1920928955078125e-07,LiBPFPB,0.5910008460230971,0.5910007268138076
12728,LiAsF6,LiAsF6,True,1.1920928955078125e-07,LiBPFPB,0.5910008460230971,0.5910007268138076
12729,LiAsF6,LiAsF6,True,1.1920928955078125e-07,LiBPFPB,0.5910008460230971,0.5910007268138076
12730,LiAsF6,LiAsF6,True,1.1920928955078125e-07,LiBPFPB,0.5910008460230971,0.5910007268138076
12731,LiAsF6,LiAsF6,True,1.1920928955078125e-07,LiBPFPB,0.5910008460230971,0.5910007268138076
12732,LiAsF6,LiAsF6,True,1.1920928955078125e-07,LiBPFPB,0.5910008460230971,0.5910007268138076
12733,LiAsF6,LiAsF6,True,1.1920928955078125e-07,LiBPFPB,0.5910008460230971,0.5910007268138076
12734,LiAsF6,LiAsF6,True,1.1920928955078125e-07,LiBPFPB,0.5910008460230971,0.5910007268138076
12735,LiAsF6,LiAsF6,True,1.1920928955078125e-07,LiBPFPB,0.5910008460230971,0.5910007268138076
12736,LiAsF6,LiAsF6,True,1.1920928955078125e-07,LiBPFPB,0.5910008460230971,0.5910007268138076
12737,LiAsF6,LiAsF6,True,1.1920928955078125e-07,LiBPFPB,0.5910008460230971,0.5910007268138076
12738,LiAsF6,LiAsF6,True,1.1920928955078125e-07,LiBPFPB,0.5910008460230971,0.5910007268138076
12739,LiAsF6,LiAsF6,True,1.1920928955078125e-07,LiBPFPB,0.5910008460230971,0.5910007268138076
12740,LiAsF6,LiAsF6,True,1.1920928955078125e-07,LiBPFPB,0.5910008460230971,0.5910007268138076
12741,LiAsF6,LiAsF6,True,1.1920928955078125e-07,LiBPFPB,0.5910008460230971,0.5910007268138076
12742,LiAsF6,LiAsF6,True,1.1920928955078125e-07,LiBPFPB,0.5910008460230971,0.5910007268138076
12743,LiAsF6,LiAsF6,True,1.1920928955078125e-07,LiBPFPB,0.5910008460230971,0.5910007268138076
12744,LiAsF6,LiAsF6,True,1.1920928955078125e-07,LiBPFPB,0.5910008460230971,0.5910007268138076
12745,LiAsF6,LiAsF6,True,1.1920928955078125e-07,LiBPFPB,0.5910008460230971,0.5910007268138076
12746,LiAsF6,LiAsF6,True,1.1920928955078125e-07,LiBPFPB,0.5910008460230971,0.5910007268138076
12747,LiAsF6,LiAsF6,True,1.1920928955078125e-07,LiBPFPB,0.5910008460230971,0.5910007268138076
12748,LiAsF6,LiAsF6,True,1.1920928955078125e-07,LiBPFPB,0.5910008460230971,0.5910007268138076
12749,LiAsF6,LiAsF6,True,1.1920928955078125e-07,LiBPFPB,0.5910008460230971,0.5910007268138076
12750,LiAsF6,LiAsF6,True,1.1920928955078125e-07,LiBPFPB,0.5910008460230971,0.5910007268138076
12751,LiAsF6,LiAsF6,True,1.1920928955078125e-07,LiBPFPB,0.5910008460230971,0.5910007268138076
12752,LiAsF6,LiAsF6,True,1.1920928955078125e-07,LiBPFPB,0.5910008460230971,0.5910007268138076
12753,LiAsF6,LiAsF6,True,1.1920928955078125e-07,LiBPFPB,0.5910008460230971,0.5910007268138076
12754,LiAsF6,LiAsF6,True,1.1920928955078125e-07,LiBPFPB,0.5910008460230971,0.5910007268138076
12755,LiAsF6,LiAsF6,True,1.1920928955078125e-07,LiBPFPB,0.5910008460230971,0.5910007268138076
12756,LiAsF6,LiAsF6,True,1.1920928955078125e-07,LiBPFPB,0.5910008460230971,0.5910007268138076
12757,LiAsF6,LiAsF6,True,1.1920928955078125e-07,LiBPFPB,0.5910008460230971,0.5910007268138076
12758,LiAsF6,LiAsF6,True,1.1920928955078125e-07,LiBPFPB,0.5910008460230971,0.5910007268138076
12759,LiAsF6,LiAsF6,True,1.1920928955078125e-07,LiBPFPB,0.5910008460230971,0.5910007268138076
12760,LiAsF6,LiAsF6,True,1.1920928955078125e-07,LiBPFPB,0.5910008460230971,0.5910007268138076
12761,LiAsF6,LiAsF6,True,1.1920928955078125e-07,LiBPFPB,0.5910008460230971,0.5910007268138076
12762,LiAsF6,LiAsF6,True,1.1920928955078125e-07,LiBPFPB,0.5910008460230971,0.5910007268138076
12763,LiAsF6,LiAsF6,True,1.1920928955078125e-07,LiBPFPB,0.5910008460230971,0.5910007268138076
12764,LiAsF6,LiAsF6,True,1.1920928955078125e-07,LiBPFPB,0.5910008460230971,0.5910007268138076
12765,LiAsF6,LiAsF6,True,1.1920928955078125e-07,LiBPFPB,0.5910008460230971,0.5910007268138076
12766,LiAsF6,LiAsF6,True,1.1920928955078125e-07,LiBPFPB,0.5910008460230971,0.5910007268138076
12767,LiAsF6,LiAsF6,True,1.1920928955078125e-07,LiBPFPB,0.5910008460230971,0.5910007268138076
12768,LiAsF6,LiAsF6,True,1.1920928955078125e-07,LiBPFPB,0.5910008460230971,0.5910007268138076
12769,LiAsF6,LiAsF6,True,1.1920928955078125e-07,LiBPFPB,0.5910008460230971,0.5910007268138076
12770,LiAsF6,LiAsF6,True,1.1920928955078125e-07,LiBPFPB,0.5910008460230971,0.5910007268138076
12771,LiAsF6,LiAsF6,True,1.1920928955078125e-07,LiBPFPB,0.5910008460230971,0.5910007268138076
12772,LiAsF6,LiAsF6,True,1.1920928955078125e-07,LiBPFPB,0.5910008460230971,0.5910007268138076
12773,LiAsF6,LiAsF6,True,1.1920928955078125e-07,LiBPFPB,0.5910008460230971,0.5910007268138076
12774,LiAsF6,LiAsF6,True,1.1920928955078125e-07,LiBPFPB,0.5910008460230971,0.5910007268138076
12775,LiAsF6,LiAsF6,True,1.1920928955078125e-07,LiBPFPB,0.5910008460230971,0.5910007268138076
12776,LiAsF6,LiAsF6,True,1.1920928955078125e-07,LiBPFPB,0.5910008460230971,0.5910007268138076
12777,LiAsF6,LiAsF6,True,1.1920928955078125e-07,LiBPFPB,0.5910008460230971,0.5910007268138076
12778,LiAsF6,LiAsF6,True,1.1920928955078125e-07,LiBPFPB,0.5910008460230971,0.5910007268138076
12779,LiAsF6,LiAsF6,True,1.1920928955078125e-07,LiBPFPB,0.5910008460230971,0.5910007268138076
12780,LiAsF6,LiAsF6,True,1.1920928955078125e-07,LiBPFPB,0.5910008460230971,0.5910007268138076
12781,LiAsF6,LiAsF6,True,1.1920928955078125e-07,LiBPFPB,0.5910008460230971,0.5910007268138076
12782,LiAsF6,LiAsF6,True,1.1920928955078125e-07,LiBPFPB,0.5910008460230971,0.5910007268138076
12783,LiAsF6,LiAsF6,True,1.1920928955078125e-07,LiBPFPB,0.5910008460230971,0.5910007268138076
12784,LiAsF6,LiAsF6,True,1.1920928955078125e-07,LiBPFPB,0.5910008460230971,0.5910007268138076
12785,LiAsF6,LiAsF6,True,1.1920928955078125e-07,LiBPFPB,0.5910008460230971,0.5910007268138076
12786,LiAsF6,LiAsF6,True,1.1920928955078125e-07,LiBPFPB,0.5910008460230971,0.5910007268138076
12787,LiAsF6,LiAsF6,True,1.1920928955078125e-07,LiBPFPB,0.5910008460230971,0.5910007268138076
12788,LiAsF6,LiAsF6,True,1.1920928955078125e-07,LiBPFPB,0.5910008460230971,0.5910007268138076
12789,LiAsF6,LiAsF6,True,1.1920928955078125e-07,LiBPFPB,0.5910008460230971,0.5910007268138076
12790,LiAsF6,LiAsF6,True,1.1920928955078125e-07,LiBPFPB,0.5910008460230971,0.5910007268138076
12791,LiAsF6,LiAsF6,True,1.1920928955078125e-07,LiBPFPB,0.5910008460230971,0.5910007268138076
12792,LiAsF6,LiAsF6,True,1.1920928955078125e-07,LiBPFPB,0.5910008460230971,0.5910007268138076
12793,LiAsF6,LiAsF6,True,1.1920928955078125e-07,LiBPFPB,0.5910008460230971,0.5910007268138076
12794,LiAsF6,LiAsF6,True,1.1920928955078125e-07,LiBPFPB,0.5910008460230971,0.5910007268138076
12795,LiAsF6,LiAsF6,True,1.1920928955078125e-07,LiBPFPB,0.5910008460230971,0.5910007268138076
12796,LiAsF6,LiAsF6,True,1.1920928955078125e-07,LiBPFPB,0.5910008460230971,0.5910007268138076
12797,LiAsF6,LiAsF6,True,1.1920928955078125e-07,LiBPFPB,0.5910008460230971,0.5910007268138076
12798,LiAsF6,LiAsF6,True,1.1920928955078125e-07,LiBPFPB,0.5910008460230971,0.5910007268138076
12799,LiAsF6,LiAsF6,True,1.1920928955078125e-07,LiBPFPB,0.5910008460230971,0.5910007268138076
12800,LiAsF6,LiAsF6,True,1.1920928955078125e-07,LiBPFPB,0.5910008460230971,0.5910007268138076
12801,LiAsF6,LiAsF6,True,1.1920928955078125e-07,LiBPFPB,0.5910008460230971,0.5910007268138076
12802,LiAsF6,LiAsF6,True,1.1920928955078125e-07,LiBPFPB,0.5910008460230971,0.5910007268138076
12803,LiAsF6,LiAsF6,True,1.1920928955078125e-07,LiBPFPB,0.5910008460230971,0.5910007268138076
12804,LiAsF6,LiAsF6,True,1.1920928955078125e-07,LiBPFPB,0.5910008460230971,0.5910007268138076
12805,LiAsF6,LiAsF6,True,1.1920928955078125e-07,LiBPFPB,0.5910008460230971,0.5910007268138076
12806,LiAsF6,LiAsF6,True,1.1920928955078125e-07,LiBPFPB,0.5910008460230971,0.5910007268138076
12807,LiAsF6,LiAsF6,True,1.1920928955078125e-07,LiBPFPB,0.5910008460230971,0.5910007268138076
12808,LiAsF6,LiAsF6,True,1.1920928955078125e-07,LiBPFPB,0.5910008460230971,0.5910007268138076
12809,LiAsF6,LiAsF6,True,1.1920928955078125e-07,LiBPFPB,0.5910008460230971,0.5910007268138076
12810,LiAsF6,LiAsF6,True,1.1920928955078125e-07,LiBPFPB,0.5910008460230971,0.5910007268138076
12811,LiAsF6,LiAsF6,True,1.1920928955078125e-07,LiBPFPB,0.5910008460230971,0.5910007268138076
12812,LiAsF6,LiAsF6,True,1.1920928955078125e-07,LiBPFPB,0.5910008460230971,0.5910007268138076
12813,LiAsF6,LiAsF6,True,1.1920928955078125e-07,LiBPFPB,0.5910008460230971,0.5910007268138076
12814,LiAsF6,LiAsF6,True,1.1920928955078125e-07,LiBPFPB,0.5910008460230971,0.5910007268138076
12815,LiAsF6,LiAsF6,True,1.1920928955078125e-07,LiBPFPB,0.5910008460230971,0.5910007268138076
12816,LiAsF6,LiAsF6,True,1.1920928955078125e-07,LiBPFPB,0.5910008460230971,0.5910007268138076
12817,LiAsF6,LiAsF6,True,1.1920928955078125e-07,LiBPFPB,0.5910008460230971,0.5910007268138076
12818,LiAsF6,LiAsF6,True,1.1920928955078125e-07,LiBPFPB,0.5910008460230971,0.5910007268138076
12819,LiAsF6,LiAsF6,True,1.1920928955078125e-07,LiBPFPB,0.5910008460230971,0.5910007268138076
12820,LiAsF6,LiAsF6,True,1.1920928955078125e-07,LiBPFPB,0.5910008460230971,0.5910007268138076
12821,LiAsF6,LiAsF6,True,1.1920928955078125e-07,LiBPFPB,0.5910008460230971,0.5910007268138076
12822,LiAsF6,LiAsF6,True,1.1920928955078125e-07,LiBPFPB,0.5910008460230971,0.5910007268138076
12823,LiAsF6,LiAsF6,True,1.1920928955078125e-07,LiBPFPB,0.5910008460230971,0.5910007268138076
12824,LiAsF6,LiAsF6,True,1.1920928955078125e-07,LiBPFPB,0.5910008460230971,0.5910007268138076
12825,LiAsF6,LiAsF6,True,1.1920928955078125e-07,LiBPFPB,0.5910008460230971,0.5910007268138076
12826,LiAsF6,LiAsF6,True,1.1920928955078125e-07,LiBPFPB,0.5910008460230971,0.5910007268138076
12827,LiAsF6,LiAsF6,True,1.1920928955078125e-07,LiBPFPB,0.5910008460230971,0.5910007268138076
12828,LiAsF6,LiAsF6,True,1.1920928955078125e-07,LiBPFPB,0.5910008460230971,0.5910007268138076
12829,LiAsF6,LiAsF6,True,1.1920928955078125e-07,LiBPFPB,0.5910008460230971,0.5910007268138076
12830,LiAsF6,LiAsF6,True,1.1920928955078125e-07,LiBPFPB,0.5910008460230971,0.5910007268138076
12831,LiAsF6,LiAsF6,True,1.1920928955078125e-07,LiBPFPB,0.5910008460230971,0.5910007268138076
12832,LiAsF6,LiAsF6,True,1.1920928955078125e-07,LiBPFPB,0.5910008460230971,0.5910007268138076
12833,LiAsF6,LiAsF6,True,1.1920928955078125e-07,LiBPFPB,0.5910008460230971,0.5910007268138076
12834,LiAsF6,LiAsF6,True,1.1920928955078125e-07,LiBPFPB,0.5910008460230971,0.5910007268138076
12835,LiAsF6,LiAsF6,True,1.1920928955078125e-07,LiBPFPB,0.5910008460230971,0.5910007268138076
12836,LiAsF6,LiAsF6,True,1.1920928955078125e-07,LiBPFPB,0.5910008460230971,0.5910007268138076
12837,LiAsF6,LiAsF6,True,1.1920928955078125e-07,LiBPFPB,0.5910008460230971,0.5910007268138076
12838,LiAsF6,LiAsF6,True,1.1920928955078125e-07,LiBPFPB,0.5910008460230971,0.5910007268138076
12839,LiAsF6,LiAsF6,True,1.1920928955078125e-07,LiBPFPB,0.5910008460230971,0.5910007268138076
12840,LiAsF6,LiAsF6,True,1.1920928955078125e-07,LiBPFPB,0.5910008460230971,0.5910007268138076
12841,LiAsF6,LiAsF6,True,1.1920928955078125e-07,LiBPFPB,0.5910008460230971,0.5910007268138076
12842,LiAsF6,LiAsF6,True,1.1920928955078125e-07,LiBPFPB,0.5910008460230971,0.5910007268138076
12843,LiAsF6,LiAsF6,True,1.1920928955078125e-07,LiBPFPB,0.5910008460230971,0.5910007268138076
12844,LiAsF6,LiAsF6,True,1.1920928955078125e-07,LiBPFPB,0.5910008460230971,0.5910007268138076
12845,LiAsF6,LiAsF6,True,1.1920928955078125e-07,LiBPFPB,0.5910008460230971,0.5910007268138076
12846,LiAsF6,LiAsF6,True,1.1920928955078125e-07,LiBPFPB,0.5910008460230971,0.5910007268138076
12847,LiAsF6,LiAsF6,True,1.1920928955078125e-07,LiBPFPB,0.5910008460230971,0.5910007268138076
12848,LiAsF6,LiAsF6,True,1.1920928955078125e-07,LiBPFPB,0.5910008460230971,0.5910007268138076
12849,LiAsF6,LiAsF6,True,1.1920928955078125e-07,LiBPFPB,0.5910008460230971,0.5910007268138076
12850,LiAsF6,LiAsF6,True,1.1920928955078125e-07,LiBPFPB,0.5910008460230971,0.5910007268138076
12851,LiAsF6,LiAsF6,True,1.1920928955078125e-07,LiBPFPB,0.5910008460230971,0.5910007268138076
12852,LiAsF6,LiAsF6,True,1.1920928955078125e-07,LiBPFPB,0.5910008460230971,0.5910007268138076
12853,LiAsF6,LiAsF6,True,1.1920928955078125e-07,LiBPFPB,0.5910008460230971,0.5910007268138076
12854,LiAsF6,LiAsF6,True,1.1920928955078125e-07,LiBPFPB,0.5910008460230971,0.5910007268138076
12855,LiAsF6,LiAsF6,True,1.1920928955078125e-07,LiBPFPB,0.5910008460230971,0.5910007268138076
12856,LiAsF6,LiAsF6,True,1.1920928955078125e-07,LiBPFPB,0.5910008460230971,0.5910007268138076
12857,LiAsF6,LiAsF6,True,1.1920928955078125e-07,LiBPFPB,0.5910008460230971,0.5910007268138076
12858,LiAsF6,LiAsF6,True,1.1920928955078125e-07,LiBPFPB,0.5910008460230971,0.5910007268138076
12859,LiAsF6,LiAsF6,True,1.1920928955078125e-07,LiBPFPB,0.5910008460230971,0.5910007268138076
12860,LiAsF6,LiAsF6,True,1.1920928955078125e-07,LiBPFPB,0.5910008460230971,0.5910007268138076
12861,LiAsF6,LiAsF6,True,1.1920928955078125e-07,LiBPFPB,0.5910008460230971,0.5910007268138076
12862,LiAsF6,LiAsF6,True,1.1920928955078125e-07,LiBPFPB,0.5910008460230971,0.5910007268138076
12863,LiAsF6,LiAsF6,True,1.1920928955078125e-07,LiBPFPB,0.5910008460230971,0.5910007268138076
12864,LiAsF6,LiAsF6,True,1.1920928955078125e-07,LiBPFPB,0.5910008460230971,0.5910007268138076
12865,LiAsF6,LiAsF6,True,1.1920928955078125e-07,LiBPFPB,0.5910008460230971,0.5910007268138076
12866,LiAsF6,LiAsF6,True,1.1920928955078125e-07,LiBPFPB,0.5910008460230971,0.5910007268138076
12867,LiAsF6,LiAsF6,True,1.1920928955078125e-07,LiBPFPB,0.5910008460230971,0.5910007268138076
12868,LiAsF6,LiAsF6,True,1.1920928955078125e-07,LiBPFPB,0.5910008460230971,0.5910007268138076
12869,LiAsF6,LiAsF6,True,1.1920928955078125e-07,LiBPFPB,0.5910008460230971,0.5910007268138076
12870,LiAsF6,LiAsF6,True,1.1920928955078125e-07,LiBPFPB,0.5910008460230971,0.5910007268138076
12871,LiAsF6,LiAsF6,True,1.1920928955078125e-07,LiBPFPB,0.5910008460230971,0.5910007268138076
12872,LiAsF6,LiAsF6,True,1.1920928955078125e-07,LiBPFPB,0.5910008460230971,0.5910007268138076
12873,LiAsF6,LiAsF6,True,1.1920928955078125e-07,LiBPFPB,0.5910008460230971,0.5910007268138076
12874,LiAsF6,LiAsF6,True,1.1920928955078125e-07,LiBPFPB,0.5910008460230971,0.5910007268138076
12875,LiAsF6,LiAsF6,True,1.1920928955078125e-07,LiBPFPB,0.5910008460230971,0.5910007268138076
12876,LiAsF6,LiAsF6,True,1.1920928955078125e-07,LiBPFPB,0.5910008460230971,0.5910007268138076
12877,LiAsF6,LiAsF6,True,1.1920928955078125e-07,LiBPFPB,0.5910008460230971,0.5910007268138076
12878,LiAsF6,LiAsF6,True,1.1920928955078125e-07,LiBPFPB,0.5910008460230971,0.5910007268138076
12879,LiAsF6,LiAsF6,True,1.1920928955078125e-07,LiBPFPB,0.5910008460230971,0.5910007268138076
12880,LiAsF6,LiAsF6,True,1.1920928955078125e-07,LiBPFPB,0.5910008460230971,0.5910007268138076
12881,LiAsF6,LiAsF6,True,1.1920928955078125e-07,LiBPFPB,0.5910008460230971,0.5910007268138076
12882,LiAsF6,LiAsF6,True,1.1920928955078125e-07,LiBPFPB,0.5910008460230971,0.5910007268138076
12883,LiAsF6,LiAsF6,True,1.1920928955078125e-07,LiBPFPB,0.5910008460230971,0.5910007268138076
12884,LiAsF6,LiAsF6,True,1.1920928955078125e-07,LiBPFPB,0.5910008460230971,0.5910007268138076
12885,LiAsF6,LiAsF6,True,1.1920928955078125e-07,LiBPFPB,0.5910008460230971,0.5910007268138076
12886,LiAsF6,LiAsF6,True,1.1920928955078125e-07,LiBPFPB,0.5910008460230971,0.5910007268138076
12887,LiAsF6,LiAsF6,True,1.1920928955078125e-07,LiBPFPB,0.5910008460230971,0.5910007268138076
12888,LiAsF6,LiAsF6,True,1.1920928955078125e-07,LiBPFPB,0.5910008460230971,0.5910007268138076
12889,LiAsF6,LiAsF6,True,1.1920928955078125e-07,LiBPFPB,0.5910008460230971,0.5910007268138076
12890,LiAsF6,LiAsF6,True,1.1920928955078125e-07,LiBPFPB,0.5910008460230971,0.5910007268138076
12891,LiAsF6,LiAsF6,True,1.1920928955078125e-07,LiBPFPB,0.5910008460230971,0.5910007268138076
12892,LiAsF6,LiAsF6,True,1.1920928955078125e-07,LiBPFPB,0.5910008460230971,0.5910007268138076
12893,LiAsF6,LiAsF6,True,1.1920928955078125e-07,LiBPFPB,0.5910008460230971,0.5910007268138076
12894,LiAsF6,LiAsF6,True,1.1920928955078125e-07,LiBPFPB,0.5910008460230971,0.5910007268138076
12895,LiAsF6,LiAsF6,True,1.1920928955078125e-07,LiBPFPB,0.5910008460230971,0.5910007268138076
12896,LiAsF6,LiAsF6,True,1.1920928955078125e-07,LiBPFPB,0.5910008460230971,0.5910007268138076
12897,LiAsF6,LiAsF6,True,1.1920928955078125e-07,LiBPFPB,0.5910008460230971,0.5910007268138076
12898,LiAsF6,LiAsF6,True,1.1920928955078125e-07,LiBPFPB,0.5910008460230971,0.5910007268138076
12899,LiAsF6,LiAsF6,True,1.1920928955078125e-07,LiBPFPB,0.5910008460230971,0.5910007268138076
12900,LiAsF6,LiAsF6,True,1.1920928955078125e-07,LiBPFPB,0.5910008460230971,0.5910007268138076
12901,LiAsF6,LiAsF6,True,1.1920928955078125e-07,LiBPFPB,0.5910008460230971,0.5910007268138076
12902,LiAsF6,LiAsF6,True,1.1920928955078125e-07,LiBPFPB,0.5910008460230971,0.5910007268138076
12903,LiAsF6,LiAsF6,True,1.1920928955078125e-07,LiBPFPB,0.5910008460230971,0.5910007268138076
12904,LiAsF6,LiAsF6,True,1.1920928955078125e-07,LiBPFPB,0.5910008460230971,0.5910007268138076
12905,LiAsF6,LiAsF6,True,1.1920928955078125e-07,LiBPFPB,0.5910008460230971,0.5910007268138076
12906,LiAsF6,LiAsF6,True,1.1920928955078125e-07,LiBPFPB,0.5910008460230971,0.5910007268138076
12907,LiAsF6,LiAsF6,True,1.1920928955078125e-07,LiBPFPB,0.5910008460230971,0.5910007268138076
12908,LiAsF6,LiAsF6,True,1.1920928955078125e-07,LiBPFPB,0.5910008460230971,0.5910007268138076
12909,LiAsF6,LiAsF6,True,1.1920928955078125e-07,LiBPFPB,0.5910008460230971,0.5910007268138076
12910,LiAsF6,LiAsF6,True,1.1920928955078125e-07,LiBPFPB,0.5910008460230971,0.5910007268138076
12911,LiAsF6,LiAsF6,True,1.1920928955078125e-07,LiBPFPB,0.5910008460230971,0.5910007268138076
12912,LiAsF6,LiAsF6,True,1.1920928955078125e-07,LiBPFPB,0.5910008460230971,0.5910007268138076
12913,LiAsF6,LiAsF6,True,1.1920928955078125e-07,LiBPFPB,0.5910008460230971,0.5910007268138076
12914,LiAsF6,LiAsF6,True,1.1920928955078125e-07,LiBPFPB,0.5910008460230971,0.5910007268138076
12915,LiAsF6,LiAsF6,True,1.1920928955078125e-07,LiBPFPB,0.5910008460230971,0.5910007268138076
12916,LiAsF6,LiAsF6,True,1.1920928955078125e-07,LiBPFPB,0.5910008460230971,0.5910007268138076
12917,LiAsF6,LiAsF6,True,1.1920928955078125e-07,LiBPFPB,0.5910008460230971,0.5910007268138076
12918,LiAsF6,LiAsF6,True,1.1920928955078125e-07,LiBPFPB,0.5910008460230971,0.5910007268138076
12919,LiAsF6,LiAsF6,True,1.1920928955078125e-07,LiBPFPB,0.5910008460230971,0.5910007268138076
12920,LiAsF6,LiAsF6,True,1.1920928955078125e-07,LiBPFPB,0.5910008460230971,0.5910007268138076
12921,LiAsF6,LiAsF6,True,1.1920928955078125e-07,LiBPFPB,0.5910008460230971,0.5910007268138076
12922,LiAsF6,LiAsF6,True,1.1920928955078125e-07,LiBPFPB,0.5910008460230971,0.5910007268138076
12923,LiAsF6,LiAsF6,True,1.1920928955078125e-07,LiBPFPB,0.5910008460230971,0.5910007268138076
12924,LiAsF6,LiAsF6,True,1.1920928955078125e-07,LiBPFPB,0.5910008460230971,0.5910007268138076
12925,LiAsF6,LiAsF6,True,1.1920928955078125e-07,LiBPFPB,0.5910008460230971,0.5910007268138076
12926,LiAsF6,LiAsF6,True,1.1920928955078125e-07,LiBPFPB,0.5910008460230971,0.5910007268138076
12927,LiAsF6,LiAsF6,True,1.1920928955078125e-07,LiBPFPB,0.5910008460230971,0.5910007268138076
12928,LiAsF6,LiAsF6,True,1.1920928955078125e-07,LiBPFPB,0.5910008460230971,0.5910007268138076
12929,LiAsF6,LiAsF6,True,1.1920928955078125e-07,LiBPFPB,0.5910008460230971,0.5910007268138076
12930,LiAsF6,LiAsF6,True,1.1920928955078125e-07,LiBPFPB,0.5910008460230971,0.5910007268138076
12931,LiAsF6,LiAsF6,True,1.1920928955078125e-07,LiBPFPB,0.5910008460230971,0.5910007268138076
12932,LiAsF6,LiAsF6,True,1.1920928955078125e-07,LiBPFPB,0.5910008460230971,0.5910007268138076
12933,LiAsF6,LiAsF6,True,1.1920928955078125e-07,LiBPFPB,0.5910008460230971,0.5910007268138076
12934,LiAsF6,LiAsF6,True,1.1920928955078125e-07,LiBPFPB,0.5910008460230971,0.5910007268138076
12935,LiAsF6,LiAsF6,True,1.1920928955078125e-07,LiBPFPB,0.5910008460230971,0.5910007268138076
12936,LiAsF6,LiAsF6,True,1.1920928955078125e-07,LiBPFPB,0.5910008460230971,0.5910007268138076
12937,LiAsF6,LiAsF6,True,1.1920928955078125e-07,LiBPFPB,0.5910008460230971,0.5910007268138076
12938,LiAsF6,LiAsF6,True,1.1920928955078125e-07,LiBPFPB,0.5910008460230971,0.5910007268138076
12939,LiAsF6,LiAsF6,True,1.1920928955078125e-07,LiBPFPB,0.5910008460230971,0.5910007268138076
12940,LiAsF6,LiAsF6,True,1.1920928955078125e-07,LiBPFPB,0.5910008460230971,0.5910007268138076
12941,LiAsF6,LiAsF6,True,1.1920928955078125e-07,LiBPFPB,0.5910008460230971,0.5910007268138076
12942,LiAsF6,LiAsF6,True,1.1920928955078125e-07,LiBPFPB,0.5910008460230971,0.5910007268138076
12943,LiAsF6,LiAsF6,True,1.1920928955078125e-07,LiBPFPB,0.5910008460230971,0.5910007268138076
12944,LiAsF6,LiAsF6,True,1.1920928955078125e-07,LiBPFPB,0.5910008460230971,0.5910007268138076
12945,LiAsF6,LiAsF6,True,1.1920928955078125e-07,LiBPFPB,0.5910008460230971,0.5910007268138076
12946,LiAsF6,LiAsF6,True,1.1920928955078125e-07,LiBPFPB,0.5910008460230971,0.5910007268138076
12947,LiAsF6,LiAsF6,True,1.1920928955078125e-07,LiBPFPB,0.5910008460230971,0.5910007268138076
12948,LiAsF6,LiAsF6,True,1.1920928955078125e-07,LiBPFPB,0.5910008460230971,0.5910007268138076
12949,LiAsF6,LiAsF6,True,1.1920928955078125e-07,LiBPFPB,0.5910008460230971,0.5910007268138076
12950,LiAsF6,LiAsF6,True,1.1920928955078125e-07,LiBPFPB,0.5910008460230971,0.5910007268138076
12951,LiAsF6,LiAsF6,True,1.1920928955078125e-07,LiBPFPB,0.5910008460230971,0.5910007268138076
12952,LiAsF6,LiAsF6,True,1.1920928955078125e-07,LiBPFPB,0.5910008460230971,0.5910007268138076
12953,LiAsF6,LiAsF6,True,1.1920928955078125e-07,LiBPFPB,0.5910008460230971,0.5910007268138076
12954,LiAsF6,LiAsF6,True,1.1920928955078125e-07,LiBPFPB,0.5910008460230971,0.5910007268138076
12955,LiAsF6,LiAsF6,True,1.1920928955078125e-07,LiBPFPB,0.5910008460230971,0.5910007268138076
12956,LiAsF6,LiAsF6,True,1.1920928955078125e-07,LiBPFPB,0.5910008460230971,0.5910007268138076
12957,LiAsF6,LiAsF6,True,1.1920928955078125e-07,LiBPFPB,0.5910008460230971,0.5910007268138076
12958,LiAsF6,LiAsF6,True,1.1920928955078125e-07,LiBPFPB,0.5910008460230971,0.5910007268138076
12959,LiAsF6,LiAsF6,True,1.1920928955078125e-07,LiBPFPB,0.5910008460230971,0.5910007268138076
12960,LiAsF6,LiAsF6,True,1.1920928955078125e-07,LiBPFPB,0.5910008460230971,0.5910007268138076
12961,LiAsF6,LiAsF6,True,1.1920928955078125e-07,LiBPFPB,0.5910008460230971,0.5910007268138076
12962,LiAsF6,LiAsF6,True,1.1920928955078125e-07,LiBPFPB,0.5910008460230971,0.5910007268138076
12963,LiAsF6,LiAsF6,True,1.1920928955078125e-07,LiBPFPB,0.5910008460230971,0.5910007268138076
12964,LiAsF6,LiAsF6,True,1.1920928955078125e-07,LiBPFPB,0.5910008460230971,0.5910007268138076
12965,LiAsF6,LiAsF6,True,1.1920928955078125e-07,LiBPFPB,0.5910008460230971,0.5910007268138076
12966,LiAsF6,LiAsF6,True,1.1920928955078125e-07,LiBPFPB,0.5910008460230971,0.5910007268138076
12967,LiAsF6,LiAsF6,True,1.1920928955078125e-07,LiBPFPB,0.5910008460230971,0.5910007268138076
12968,LiAsF6,LiAsF6,True,1.1920928955078125e-07,LiBPFPB,0.5910008460230971,0.5910007268138076
12969,LiAsF6,LiAsF6,True,1.1920928955078125e-07,LiBPFPB,0.5910008460230971,0.5910007268138076
12970,LiAsF6,LiAsF6,True,1.1920928955078125e-07,LiBPFPB,0.5910008460230971,0.5910007268138076
12971,LiAsF6,LiAsF6,True,1.1920928955078125e-07,LiBPFPB,0.5910008460230971,0.5910007268138076
12972,LiAsF6,LiAsF6,True,1.1920928955078125e-07,LiBPFPB,0.5910008460230971,0.5910007268138076
12973,LiAsF6,LiAsF6,True,1.1920928955078125e-07,LiBPFPB,0.5910008460230971,0.5910007268138076
12974,LiAsF6,LiAsF6,True,1.1920928955078125e-07,LiBPFPB,0.5910008460230971,0.5910007268138076
12975,LiAsF6,LiAsF6,True,1.1920928955078125e-07,LiBPFPB,0.5910008460230971,0.5910007268138076
12976,LiAsF6,LiAsF6,True,1.1920928955078125e-07,LiBPFPB,0.5910008460230971,0.5910007268138076
12977,LiAsF6,LiAsF6,True,1.1920928955078125e-07,LiBPFPB,0.5910008460230971,0.5910007268138076
12978,LiAsF6,LiAsF6,True,1.1920928955078125e-07,LiBPFPB,0.5910008460230971,0.5910007268138076
12979,LiAsF6,LiAsF6,True,1.1920928955078125e-07,LiBPFPB,0.5910008460230971,0.5910007268138076
12980,LiAsF6,LiAsF6,True,1.1920928955078125e-07,LiBPFPB,0.5910008460230971,0.5910007268138076
12981,LiAsF6,LiAsF6,True,1.1920928955078125e-07,LiBPFPB,0.5910008460230971,0.5910007268138076
12982,LiAsF6,LiAsF6,True,1.1920928955078125e-07,LiBPFPB,0.5910008460230971,0.5910007268138076
12983,LiAsF6,LiAsF6,True,1.1920928955078125e-07,LiBPFPB,0.5910008460230971,0.5910007268138076
12984,LiAsF6,LiAsF6,True,1.1920928955078125e-07,LiBPFPB,0.5910008460230971,0.5910007268138076
12985,LiAsF6,LiAsF6,True,1.1920928955078125e-07,LiBPFPB,0.5910008460230971,0.5910007268138076
12986,LiAsF6,LiAsF6,True,1.1920928955078125e-07,LiBPFPB,0.5910008460230971,0.5910007268138076
12987,LiAsF6,LiAsF6,True,1.1920928955078125e-07,LiBPFPB,0.5910008460230971,0.5910007268138076
12988,LiAsF6,LiAsF6,True,1.1920928955078125e-07,LiBPFPB,0.5910008460230971,0.5910007268138076
12989,LiAsF6,LiAsF6,True,1.1920928955078125e-07,LiBPFPB,0.5910008460230971,0.5910007268138076
12990,LiAsF6,LiAsF6,True,1.1920928955078125e-07,LiBPFPB,0.5910008460230971,0.5910007268138076
12991,LiAsF6,LiAsF6,True,1.1920928955078125e-07,LiBPFPB,0.5910008460230971,0.5910007268138076
12992,LiAsF6,LiAsF6,True,1.1920928955078125e-07,LiBPFPB,0.5910008460230971,0.5910007268138076
12993,LiAsF6,LiAsF6,True,1.1920928955078125e-07,LiBPFPB,0.5910008460230971,0.5910007268138076
12994,LiAsF6,LiAsF6,True,1.1920928955078125e-07,LiBPFPB,0.5910008460230971,0.5910007268138076
12995,LiAsF6,LiAsF6,True,1.1920928955078125e-07,LiBPFPB,0.5910008460230971,0.5910007268138076
12996,LiAsF6,LiAsF6,True,1.1920928955078125e-07,LiBPFPB,0.5910008460230971,0.5910007268138076
12997,LiAsF6,LiAsF6,True,1.1920928955078125e-07,LiBPFPB,0.5910008460230971,0.5910007268138076
12998,LiAsF6,LiAsF6,True,1.1920928955078125e-07,LiBPFPB,0.5910008460230971,0.5910007268138076
12999,LiAsF6,LiAsF6,True,1.1920928955078125e-07,LiBPFPB,0.5910008460230971,0.5910007268138076
13000,LiAsF6,LiAsF6,True,1.1920928955078125e-07,LiBPFPB,0.5910008460230971,0.5910007268138076
13001,LiAsF6,LiAsF6,True,1.1920928955078125e-07,LiBPFPB,0.5910008460230971,0.5910007268138076
13002,LiAsF6,LiAsF6,True,1.1920928955078125e-07,LiBPFPB,0.5910008460230971,0.5910007268138076
13003,LiAsF6,LiAsF6,True,1.1920928955078125e-07,LiBPFPB,0.5910008460230971,0.5910007268138076
13004,LiAsF6,LiAsF6,True,1.1920928955078125e-07,LiBPFPB,0.5910008460230971,0.5910007268138076
13005,LiAsF6,LiAsF6,True,1.1920928955078125e-07,LiBPFPB,0.5910008460230971,0.5910007268138076
13006,LiAsF6,LiAsF6,True,1.1920928955078125e-07,LiBPFPB,0.5910008460230971,0.5910007268138076
13007,LiAsF6,LiAsF6,True,1.1920928955078125e-07,LiBPFPB,0.5910008460230971,0.5910007268138076
13008,LiAsF6,LiAsF6,True,1.1920928955078125e-07,LiBPFPB,0.5910008460230971,0.5910007268138076
13009,LiAsF6,LiAsF6,True,1.1920928955078125e-07,LiBPFPB,0.5910008460230971,0.5910007268138076
13010,LiAsF6,LiAsF6,True,1.1920928955078125e-07,LiBPFPB,0.5910008460230971,0.5910007268138076
13011,LiAsF6,LiAsF6,True,1.1920928955078125e-07,LiBPFPB,0.5910008460230971,0.5910007268138076
13012,LiAsF6,LiAsF6,True,1.1920928955078125e-07,LiBPFPB,0.5910008460230971,0.5910007268138076
13013,LiAsF6,LiAsF6,True,1.1920928955078125e-07,LiBPFPB,0.5910008460230971,0.5910007268138076
13014,LiAsF6,LiAsF6,True,1.1920928955078125e-07,LiBPFPB,0.5910008460230971,0.5910007268138076
13015,LiAsF6,LiAsF6,True,1.1920928955078125e-07,LiBPFPB,0.5910008460230971,0.5910007268138076
13016,LiAsF6,LiAsF6,True,1.1920928955078125e-07,LiBPFPB,0.5910008460230971,0.5910007268138076
13017,LiAsF6,LiAsF6,True,1.1920928955078125e-07,LiBPFPB,0.5910008460230971,0.5910007268138076
13018,LiAsF6,LiAsF6,True,1.1920928955078125e-07,LiBPFPB,0.5910008460230971,0.5910007268138076
13019,LiAsF6,LiAsF6,True,1.1920928955078125e-07,LiBPFPB,0.5910008460230971,0.5910007268138076
13020,LiAsF6,LiAsF6,True,1.1920928955078125e-07,LiBPFPB,0.5910008460230971,0.5910007268138076
13021,LiAsF6,LiAsF6,True,1.1920928955078125e-07,LiBPFPB,0.5910008460230971,0.5910007268138076
13022,LiAsF6,LiAsF6,True,1.1920928955078125e-07,LiBPFPB,0.5910008460230971,0.5910007268138076
13023,LiAsF6,LiAsF6,True,1.1920928955078125e-07,LiBPFPB,0.5910008460230971,0.5910007268138076
13024,LiAsF6,LiAsF6,True,1.1920928955078125e-07,LiBPFPB,0.5910008460230971,0.5910007268138076
13025,LiAsF6,LiAsF6,True,1.1920928955078125e-07,LiBPFPB,0.5910008460230971,0.5910007268138076
13026,LiAsF6,LiAsF6,True,1.1920928955078125e-07,LiBPFPB,0.5910008460230971,0.5910007268138076
13027,LiAsF6,LiAsF6,True,1.1920928955078125e-07,LiBPFPB,0.5910008460230971,0.5910007268138076
13028,LiAsF6,LiAsF6,True,1.1920928955078125e-07,LiBPFPB,0.5910008460230971,0.5910007268138076
13029,LiAsF6,LiAsF6,True,1.1920928955078125e-07,LiBPFPB,0.5910008460230971,0.5910007268138076
13030,LiAsF6,LiAsF6,True,1.1920928955078125e-07,LiBPFPB,0.5910008460230971,0.5910007268138076
13031,LiAsF6,LiAsF6,True,1.1920928955078125e-07,LiBPFPB,0.5910008460230971,0.5910007268138076
13032,LiAsF6,LiAsF6,True,1.1920928955078125e-07,LiBPFPB,0.5910008460230971,0.5910007268138076
13033,LiAsF6,LiAsF6,True,1.1920928955078125e-07,LiBPFPB,0.5910008460230971,0.5910007268138076
13034,LiAsF6,LiAsF6,True,1.1920928955078125e-07,LiBPFPB,0.5910008460230971,0.5910007268138076
13035,LiAsF6,LiAsF6,True,1.1920928955078125e-07,LiBPFPB,0.5910008460230971,0.5910007268138076
13036,LiAsF6,LiAsF6,True,1.1920928955078125e-07,LiBPFPB,0.5910008460230971,0.5910007268138076
13037,LiAsF6,LiAsF6,True,1.1920928955078125e-07,LiBPFPB,0.5910008460230971,0.5910007268138076
13038,LiAsF6,LiAsF6,True,1.1920928955078125e-07,LiBPFPB,0.5910008460230971,0.5910007268138076
13039,LiAsF6,LiAsF6,True,1.1920928955078125e-07,LiBPFPB,0.5910008460230971,0.5910007268138076
13040,LiAsF6,LiAsF6,True,1.1920928955078125e-07,LiBPFPB,0.5910008460230971,0.5910007268138076
13041,LiAsF6,LiAsF6,True,1.1920928955078125e-07,LiBPFPB,0.5910008460230971,0.5910007268138076
13042,LiAsF6,LiAsF6,True,1.1920928955078125e-07,LiBPFPB,0.5910008460230971,0.5910007268138076
13043,LiAsF6,LiAsF6,True,1.1920928955078125e-07,LiBPFPB,0.5910008460230971,0.5910007268138076
13044,LiAsF6,LiAsF6,True,1.1920928955078125e-07,LiBPFPB,0.5910008460230971,0.5910007268138076
13045,LiAsF6,LiAsF6,True,1.1920928955078125e-07,LiBPFPB,0.5910008460230971,0.5910007268138076
13046,LiAsF6,LiAsF6,True,1.1920928955078125e-07,LiBPFPB,0.5910008460230971,0.5910007268138076
13047,LiAsF6,LiAsF6,True,1.1920928955078125e-07,LiBPFPB,0.5910008460230971,0.5910007268138076
13048,LiAsF6,LiAsF6,True,1.1920928955078125e-07,LiBPFPB,0.5910008460230971,0.5910007268138076
13049,LiAsF6,LiAsF6,True,1.1920928955078125e-07,LiBPFPB,0.5910008460230971,0.5910007268138076
13050,LiAsF6,LiAsF6,True,1.1920928955078125e-07,LiBPFPB,0.5910008460230971,0.5910007268138076
13051,LiAsF6,LiAsF6,True,1.1920928955078125e-07,LiBPFPB,0.5910008460230971,0.5910007268138076
13052,LiAsF6,LiAsF6,True,1.1920928955078125e-07,LiBPFPB,0.5910008460230971,0.5910007268138076
13053,LiAsF6,LiAsF6,True,1.1920928955078125e-07,LiBPFPB,0.5910008460230971,0.5910007268138076
13054,LiAsF6,LiAsF6,True,1.1920928955078125e-07,LiBPFPB,0.5910008460230971,0.5910007268138076
13055,LiAsF6,LiAsF6,True,1.1920928955078125e-07,LiBPFPB,0.5910008460230971,0.5910007268138076
13056,LiAsF6,LiAsF6,True,1.1920928955078125e-07,LiBPFPB,0.5910008460230971,0.5910007268138076
13057,LiAsF6,LiAsF6,True,1.1920928955078125e-07,LiBPFPB,0.5910008460230971,0.5910007268138076
13058,LiAsF6,LiAsF6,True,1.1920928955078125e-07,LiBPFPB,0.5910008460230971,0.5910007268138076
13059,LiAsF6,LiAsF6,True,1.1920928955078125e-07,LiBPFPB,0.5910008460230971,0.5910007268138076
13060,LiAsF6,LiAsF6,True,1.1920928955078125e-07,LiBPFPB,0.5910008460230971,0.5910007268138076
13061,LiAsF6,LiAsF6,True,1.1920928955078125e-07,LiBPFPB,0.5910008460230971,0.5910007268138076
13062,LiAsF6,LiAsF6,True,1.1920928955078125e-07,LiBPFPB,0.5910008460230971,0.5910007268138076
13063,LiAsF6,LiAsF6,True,1.1920928955078125e-07,LiBPFPB,0.5910008460230971,0.5910007268138076
13064,LiAsF6,LiAsF6,True,1.1920928955078125e-07,LiBPFPB,0.5910008460230971,0.5910007268138076
13065,LiAsF6,LiAsF6,True,1.1920928955078125e-07,LiBPFPB,0.5910008460230971,0.5910007268138076
13066,LiAsF6,LiAsF6,True,1.1920928955078125e-07,LiBPFPB,0.5910008460230971,0.5910007268138076
13067,LiAsF6,LiAsF6,True,1.1920928955078125e-07,LiBPFPB,0.5910008460230971,0.5910007268138076
13068,LiAsF6,LiAsF6,True,1.1920928955078125e-07,LiBPFPB,0.5910008460230971,0.5910007268138076
13069,LiAsF6,LiAsF6,True,1.1920928955078125e-07,LiBPFPB,0.5910008460230971,0.5910007268138076
13070,LiAsF6,LiAsF6,True,1.1920928955078125e-07,LiBPFPB,0.5910008460230971,0.5910007268138076
13071,LiAsF6,LiAsF6,True,1.1920928955078125e-07,LiBPFPB,0.5910008460230971,0.5910007268138076
13072,LiAsF6,LiAsF6,True,1.1920928955078125e-07,LiBPFPB,0.5910008460230971,0.5910007268138076
13073,LiAsF6,LiAsF6,True,1.1920928955078125e-07,LiBPFPB,0.5910008460230971,0.5910007268138076
13074,LiAsF6,LiAsF6,True,1.1920928955078125e-07,LiBPFPB,0.5910008460230971,0.5910007268138076
13075,LiAsF6,LiAsF6,True,1.1920928955078125e-07,LiBPFPB,0.5910008460230971,0.5910007268138076
13076,LiAsF6,LiAsF6,True,1.1920928955078125e-07,LiBPFPB,0.5910008460230971,0.5910007268138076
13077,LiAsF6,LiAsF6,True,1.1920928955078125e-07,LiBPFPB,0.5910008460230971,0.5910007268138076
13078,LiAsF6,LiAsF6,True,1.1920928955078125e-07,LiBPFPB,0.5910008460230971,0.5910007268138076
13079,LiAsF6,LiAsF6,True,1.1920928955078125e-07,LiBPFPB,0.5910008460230971,0.5910007268138076
13080,LiAsF6,LiAsF6,True,1.1920928955078125e-07,LiBPFPB,0.5910008460230971,0.5910007268138076
13081,LiAsF6,LiAsF6,True,1.1920928955078125e-07,LiBPFPB,0.5910008460230971,0.5910007268138076
13082,LiAsF6,LiAsF6,True,1.1920928955078125e-07,LiBPFPB,0.5910008460230971,0.5910007268138076
13083,LiAsF6,LiAsF6,True,1.1920928955078125e-07,LiBPFPB,0.5910008460230971,0.5910007268138076
13084,LiAsF6,LiAsF6,True,1.1920928955078125e-07,LiBPFPB,0.5910008460230971,0.5910007268138076
13085,LiAsF6,LiAsF6,True,1.1920928955078125e-07,LiBPFPB,0.5910008460230971,0.5910007268138076
13086,LiAsF6,LiAsF6,True,1.1920928955078125e-07,LiBPFPB,0.5910008460230971,0.5910007268138076
13087,LiAsF6,LiAsF6,True,1.1920928955078125e-07,LiBPFPB,0.5910008460230971,0.5910007268138076
13088,LiAsF6,LiAsF6,True,1.1920928955078125e-07,LiBPFPB,0.5910008460230971,0.5910007268138076
13089,LiAsF6,LiAsF6,True,1.1920928955078125e-07,LiBPFPB,0.5910008460230971,0.5910007268138076
13090,LiAsF6,LiAsF6,True,1.1920928955078125e-07,LiBPFPB,0.5910008460230971,0.5910007268138076
13091,LiAsF6,LiAsF6,True,1.1920928955078125e-07,LiBPFPB,0.5910008460230971,0.5910007268138076
13092,LiAsF6,LiAsF6,True,1.1920928955078125e-07,LiBPFPB,0.5910008460230971,0.5910007268138076
13093,LiAsF6,LiAsF6,True,1.1920928955078125e-07,LiBPFPB,0.5910008460230971,0.5910007268138076
13094,LiAsF6,LiAsF6,True,1.1920928955078125e-07,LiBPFPB,0.5910008460230971,0.5910007268138076
13095,LiAsF6,LiAsF6,True,1.1920928955078125e-07,LiBPFPB,0.5910008460230971,0.5910007268138076
13096,LiAsF6,LiAsF6,True,1.1920928955078125e-07,LiBPFPB,0.5910008460230971,0.5910007268138076
13097,LiAsF6,LiAsF6,True,1.1920928955078125e-07,LiBPFPB,0.5910008460230971,0.5910007268138076
13098,LiAsF6,LiAsF6,True,1.1920928955078125e-07,LiBPFPB,0.5910008460230971,0.5910007268138076
13099,LiAsF6,LiAsF6,True,1.1920928955078125e-07,LiBPFPB,0.5910008460230971,0.5910007268138076
13100,LiAsF6,LiAsF6,True,1.1920928955078125e-07,LiBPFPB,0.5910008460230971,0.5910007268138076
13101,LiAsF6,LiAsF6,True,1.1920928955078125e-07,LiBPFPB,0.5910008460230971,0.5910007268138076
13102,LiAsF6,LiAsF6,True,1.1920928955078125e-07,LiBPFPB,0.5910008460230971,0.5910007268138076
13103,LiAsF6,LiAsF6,True,1.1920928955078125e-07,LiBPFPB,0.5910008460230971,0.5910007268138076
13104,LiAsF6,LiAsF6,True,1.1920928955078125e-07,LiBPFPB,0.5910008460230971,0.5910007268138076
13105,LiAsF6,LiAsF6,True,1.1920928955078125e-07,LiBPFPB,0.5910008460230971,0.5910007268138076
13106,LiAsF6,LiAsF6,True,1.1920928955078125e-07,LiBPFPB,0.5910008460230971,0.5910007268138076
13107,LiAsF6,LiAsF6,True,1.1920928955078125e-07,LiBPFPB,0.5910008460230971,0.5910007268138076
13108,LiAsF6,LiAsF6,True,1.1920928955078125e-07,LiBPFPB,0.5910008460230971,0.5910007268138076
13109,LiAsF6,LiAsF6,True,1.1920928955078125e-07,LiBPFPB,0.5910008460230971,0.5910007268138076
13110,LiAsF6,LiAsF6,True,1.1920928955078125e-07,LiBPFPB,0.5910008460230971,0.5910007268138076
13111,LiAsF6,LiAsF6,True,1.1920928955078125e-07,LiBPFPB,0.5910008460230971,0.5910007268138076
13112,LiAsF6,LiAsF6,True,1.1920928955078125e-07,LiBPFPB,0.5910008460230971,0.5910007268138076
13113,LiAsF6,LiAsF6,True,1.1920928955078125e-07,LiBPFPB,0.5910008460230971,0.5910007268138076
13114,LiAsF6,LiAsF6,True,1.1920928955078125e-07,LiBPFPB,0.5910008460230971,0.5910007268138076
13115,LiAsF6,LiAsF6,True,1.1920928955078125e-07,LiBPFPB,0.5910008460230971,0.5910007268138076
13116,LiAsF6,LiAsF6,True,1.1920928955078125e-07,LiBPFPB,0.5910008460230971,0.5910007268138076
13117,LiAsF6,LiAsF6,True,1.1920928955078125e-07,LiBPFPB,0.5910008460230971,0.5910007268138076
13118,LiAsF6,LiAsF6,True,1.1920928955078125e-07,LiBPFPB,0.5910008460230971,0.5910007268138076
13119,LiAsF6,LiAsF6,True,1.1920928955078125e-07,LiBPFPB,0.5910008460230971,0.5910007268138076
13120,LiAsF6,LiAsF6,True,1.1920928955078125e-07,LiBPFPB,0.5910008460230971,0.5910007268138076
13121,LiAsF6,LiAsF6,True,1.1920928955078125e-07,LiBPFPB,0.5910008460230971,0.5910007268138076
13122,LiAsF6,LiAsF6,True,1.1920928955078125e-07,LiBPFPB,0.5910008460230971,0.5910007268138076
13123,LiAsF6,LiAsF6,True,1.1920928955078125e-07,LiBPFPB,0.5910008460230971,0.5910007268138076
13124,LiAsF6,LiAsF6,True,1.1920928955078125e-07,LiBPFPB,0.5910008460230971,0.5910007268138076
13125,LiAsF6,LiAsF6,True,1.1920928955078125e-07,LiBPFPB,0.5910008460230971,0.5910007268138076
13126,LiAsF6,LiAsF6,True,1.1920928955078125e-07,LiBPFPB,0.5910008460230971,0.5910007268138076
13127,LiAsF6,LiAsF6,True,1.1920928955078125e-07,LiBPFPB,0.5910008460230971,0.5910007268138076
13128,LiAsF6,LiAsF6,True,1.1920928955078125e-07,LiBPFPB,0.5910008460230971,0.5910007268138076
13129,LiAsF6,LiAsF6,True,1.1920928955078125e-07,LiBPFPB,0.5910008460230971,0.5910007268138076
13130,LiAsF6,LiAsF6,True,1.1920928955078125e-07,LiBPFPB,0.5910008460230971,0.5910007268138076
13131,LiAsF6,LiAsF6,True,1.1920928955078125e-07,LiBPFPB,0.5910008460230971,0.5910007268138076
13132,LiAsF6,LiAsF6,True,1.1920928955078125e-07,LiBPFPB,0.5910008460230971,0.5910007268138076
13133,LiAsF6,LiAsF6,True,1.1920928955078125e-07,LiBPFPB,0.5910008460230971,0.5910007268138076
13134,LiAsF6,LiAsF6,True,1.1920928955078125e-07,LiBPFPB,0.5910008460230971,0.5910007268138076
13135,LiAsF6,LiAsF6,True,1.1920928955078125e-07,LiBPFPB,0.5910008460230971,0.5910007268138076
13136,LiAsF6,LiAsF6,True,1.1920928955078125e-07,LiBPFPB,0.5910008460230971,0.5910007268138076
13137,LiAsF6,LiAsF6,True,1.1920928955078125e-07,LiBPFPB,0.5910008460230971,0.5910007268138076
13138,LiPF6,LiPF6,True,0.0,LiCF3SO3,2.3030468948764367,2.3030468948764367
13139,LiPF6,LiPF6,True,0.0,LiCF3SO3,2.3030468948764367,2.3030468948764367
13140,LiPF6,LiPF6,True,0.0,LiCF3SO3,2.3030468948764367,2.3030468948764367
13141,LiPF6,LiPF6,True,0.0,LiCF3SO3,2.3030468948764367,2.3030468948764367
13142,LiPF6,LiPF6,True,0.0,LiCF3SO3,2.3030468948764367,2.3030468948764367
13143,LiPF6,LiPF6,True,0.0,LiCF3SO3,2.3030468948764367,2.3030468948764367
13144,LiPF6,LiPF6,True,0.0,LiCF3SO3,2.3030468948764367,2.3030468948764367
13145,LiPF6,LiPF6,True,0.0,LiCF3SO3,2.3030468948764367,2.3030468948764367
13146,LiPF6,LiPF6,True,0.0,LiCF3SO3,2.3030468948764367,2.3030468948764367
13147,LiPF6,LiPF6,True,0.0,LiCF3SO3,2.3030468948764367,2.3030468948764367
13148,LiPF6,LiPF6,True,0.0,LiCF3SO3,2.3030468948764367,2.3030468948764367
13149,LiPF6,LiPF6,True,0.0,LiCF3SO3,2.3030468948764367,2.3030468948764367
13150,LiPF6,LiPF6,True,0.0,LiCF3SO3,2.3030468948764367,2.3030468948764367
13151,LiPF6,LiPF6,True,0.0,LiCF3SO3,2.3030468948764367,2.3030468948764367
13152,LiPF6,LiPF6,True,0.0,LiCF3SO3,2.3030468948764367,2.3030468948764367
13153,LiPF6,LiPF6,True,0.0,LiCF3SO3,2.3030468948764367,2.3030468948764367
13154,LiPF6,LiPF6,True,0.0,LiCF3SO3,2.3030468948764367,2.3030468948764367
13155,LiPF6,LiPF6,True,0.0,LiCF3SO3,2.3030468948764367,2.3030468948764367
13156,LiPF6,LiPF6,True,0.0,LiCF3SO3,2.3030468948764367,2.3030468948764367
13157,LiPF6,LiPF6,True,0.0,LiCF3SO3,2.3030468948764367,2.3030468948764367
13158,LiPF6,LiPF6,True,0.0,LiCF3SO3,2.3030468948764367,2.3030468948764367
13159,LiPF6,LiPF6,True,0.0,LiCF3SO3,2.3030468948764367,2.3030468948764367
13160,LiPF6,LiPF6,True,0.0,LiCF3SO3,2.3030468948764367,2.3030468948764367
13161,LiPF6,LiPF6,True,0.0,LiCF3SO3,2.3030468948764367,2.3030468948764367
13162,LiPF6,LiPF6,True,0.0,LiCF3SO3,2.3030468948764367,2.3030468948764367
13163,LiPF6,LiPF6,True,0.0,LiCF3SO3,2.3030468948764367,2.3030468948764367
13164,LiPF6,LiPF6,True,0.0,LiCF3SO3,2.3030468948764367,2.3030468948764367
13165,LiPF6,LiPF6,True,0.0,LiCF3SO3,2.3030468948764367,2.3030468948764367
13166,LiPF6,LiPF6,True,0.0,LiCF3SO3,2.3030468948764367,2.3030468948764367
13167,LiPF6,LiPF6,True,0.0,LiCF3SO3,2.3030468948764367,2.3030468948764367
13168,LiPF6,LiPF6,True,0.0,LiCF3SO3,2.3030468948764367,2.3030468948764367
13169,LiPF6,LiPF6,True,0.0,LiCF3SO3,2.3030468948764367,2.3030468948764367
13170,LiPF6,LiPF6,True,0.0,LiCF3SO3,2.3030468948764367,2.3030468948764367
13171,LiCF3SO3,LiCF3SO3,True,0.0,LiPF6,2.3030468948764367,2.3030468948764367
13172,LiCF3SO3,LiCF3SO3,True,0.0,LiPF6,2.3030468948764367,2.3030468948764367
13173,LiCF3SO3,LiCF3SO3,True,0.0,LiPF6,2.3030468948764367,2.3030468948764367
13174,LiCF3SO3,LiCF3SO3,True,0.0,LiPF6,2.3030468948764367,2.3030468948764367
13175,LiCF3SO3,LiCF3SO3,True,0.0,LiPF6,2.3030468948764367,2.3030468948764367
13176,LiCF3SO3,LiCF3SO3,True,0.0,LiPF6,2.3030468948764367,2.3030468948764367
13177,LiCF3SO3,LiCF3SO3,True,0.0,LiPF6,2.3030468948764367,2.3030468948764367
13178,LiCF3SO3,LiCF3SO3,True,0.0,LiPF6,2.3030468948764367,2.3030468948764367
13179,LiCF3SO3,LiCF3SO3,True,0.0,LiPF6,2.3030468948764367,2.3030468948764367
13180,LiCF3SO3,LiCF3SO3,True,0.0,LiPF6,2.3030468948764367,2.3030468948764367
13181,LiCF3SO3,LiCF3SO3,True,0.0,LiPF6,2.3030468948764367,2.3030468948764367
13182,LiCF3SO3,LiCF3SO3,True,0.0,LiPF6,2.3030468948764367,2.3030468948764367
13183,LiCF3SO3,LiCF3SO3,True,0.0,LiPF6,2.3030468948764367,2.3030468948764367
13184,LiCF3SO3,LiCF3SO3,True,0.0,LiPF6,2.3030468948764367,2.3030468948764367
13185,LiCF3SO3,LiCF3SO3,True,0.0,LiPF6,2.3030468948764367,2.3030468948764367
13186,LiCF3SO3,LiCF3SO3,True,0.0,LiPF6,2.3030468948764367,2.3030468948764367
13187,LiCF3SO3,LiCF3SO3,True,0.0,LiPF6,2.3030468948764367,2.3030468948764367
13188,LiCF3SO3,LiCF3SO3,True,0.0,LiPF6,2.3030468948764367,2.3030468948764367
13189,LiCF3SO3,LiCF3SO3,True,0.0,LiPF6,2.3030468948764367,2.3030468948764367
13190,LiCF3SO3,LiCF3SO3,True,0.0,LiPF6,2.3030468948764367,2.3030468948764367
13191,LiCF3SO3,LiCF3SO3,True,0.0,LiPF6,2.3030468948764367,2.3030468948764367
13192,LiCF3SO3,LiCF3SO3,True,0.0,LiPF6,2.3030468948764367,2.3030468948764367
13193,LiCF3SO3,LiCF3SO3,True,0.0,LiPF6,2.3030468948764367,2.3030468948764367
13194,LiCF3SO3,LiCF3SO3,True,0.0,LiPF6,2.3030468948764367,2.3030468948764367
13195,LiCF3SO3,LiCF3SO3,True,0.0,LiPF6,2.3030468948764367,2.3030468948764367
13196,LiCF3SO3,LiCF3SO3,True,0.0,LiPF6,2.3030468948764367,2.3030468948764367
13197,LiCF3SO3,LiCF3SO3,True,0.0,LiPF6,2.3030468948764367,2.3030468948764367
13198,LiCF3SO3,LiCF3SO3,True,0.0,LiPF6,2.3030468948764367,2.3030468948764367
13199,LiCF3SO3,LiCF3SO3,True,0.0,LiPF6,2.3030468948764367,2.3030468948764367
13200,LiCF3SO3,LiCF3SO3,True,0.0,LiPF6,2.3030468948764367,2.3030468948764367
13201,LiCF3SO3,LiCF3SO3,True,0.0,LiPF6,2.3030468948764367,2.3030468948764367
13202,LiCF3SO3,LiCF3SO3,True,0.0,LiPF6,2.3030468948764367,2.3030468948764367
13203,LiCF3SO3,LiCF3SO3,True,0.0,LiPF6,2.3030468948764367,2.3030468948764367
13204,LiCF3SO3,LiCF3SO3,True,0.0,LiPF6,2.3030468948764367,2.3030468948764367
13205,LiCF3SO3,LiCF3SO3,True,0.0,LiPF6,2.3030468948764367,2.3030468948764367
13206,LiCF3SO3,LiCF3SO3,True,0.0,LiPF6,2.3030468948764367,2.3030468948764367
13207,LiCF3SO3,LiCF3SO3,True,0.0,LiPF6,2.3030468948764367,2.3030468948764367
13208,LiCF3SO3,LiCF3SO3,True,0.0,LiPF6,2.3030468948764367,2.3030468948764367
13209,LiN(CF3SO2)2,LiN(CF3SO2)2,True,0.0,LiTFSI,0.08006247560491905,0.08006247560491905
13210,LiN(CF3SO2)2,LiN(CF3SO2)2,True,0.0,LiTFSI,0.08006247560491905,0.08006247560491905
13211,LiN(CF3SO2)2,LiN(CF3SO2)2,True,0.0,LiTFSI,0.08006247560491905,0.08006247560491905
13212,LiN(CF3SO2)2,LiN(CF3SO2)2,True,0.0,LiTFSI,0.08006247560491905,0.08006247560491905
13213,LiN(CF3SO2)2,LiN(CF3SO2)2,True,0.0,LiTFSI,0.08006247560491905,0.08006247560491905
13214,LiN(CF3SO2)2,LiN(CF3SO2)2,True,0.0,LiTFSI,0.08006247560491905,0.08006247560491905
13215,LiN(CF3SO2)2,LiN(CF3SO2)2,True,0.0,LiTFSI,0.08006247560491905,0.08006247560491905
13216,LiN(CF3SO2)2,LiN(CF3SO2)2,True,0.0,LiTFSI,0.08006247560491905,0.08006247560491905
13217,LiN(CF3SO2)2,LiN(CF3SO2)2,True,0.0,LiTFSI,0.08006247560491905,0.08006247560491905
13218,LiN(CF3SO2)2,LiN(CF3SO2)2,True,0.0,LiTFSI,0.08006247560491905,0.08006247560491905
13219,LiN(CF3SO2)2,LiN(CF3SO2)2,True,0.0,LiTFSI,0.08006247560491905,0.08006247560491905
13220,LiN(CF3SO2)2,LiN(CF3SO2)2,True,0.0,LiTFSI,0.08006247560491905,0.08006247560491905
13221,LiN(CF3SO2)2,LiN(CF3SO2)2,True,0.0,LiTFSI,0.08006247560491905,0.08006247560491905
13222,LiN(CF3SO2)2,LiN(CF3SO2)2,True,0.0,LiTFSI,0.08006247560491905,0.08006247560491905
13223,LiN(CF3SO2)2,LiN(CF3SO2)2,True,0.0,LiTFSI,0.08006247560491905,0.08006247560491905
13224,LiN(CF3SO2)2,LiN(CF3SO2)2,True,0.0,LiTFSI,0.08006247560491905,0.08006247560491905
13225,LiN(CF3SO2)2,LiN(CF3SO2)2,True,0.0,LiTFSI,0.08006247560491905,0.08006247560491905
13226,LiN(CF3SO2)2,LiN(CF3SO2)2,True,0.0,LiTFSI,0.08006247560491905,0.08006247560491905
13227,LiN(CF3SO2)2,LiN(CF3SO2)2,True,0.0,LiTFSI,0.08006247560491905,0.08006247560491905
13228,LiN(CF3SO2)2,LiN(CF3SO2)2,True,0.0,LiTFSI,0.08006247560491905,0.08006247560491905
13229,LiN(CF3SO2)2,LiN(CF3SO2)2,True,0.0,LiTFSI,0.08006247560491905,0.08006247560491905
13230,LiN(CF3SO2)2,LiN(CF3SO2)2,True,0.0,LiTFSI,0.08006247560491905,0.08006247560491905
13231,LiN(CF3SO2)2,LiN(CF3SO2)2,True,0.0,LiTFSI,0.08006247560491905,0.08006247560491905
13232,LiN(CF3SO2)2,LiN(CF3SO2)2,True,0.0,LiTFSI,0.08006247560491905,0.08006247560491905
13233,LiN(CF3SO2)2,LiN(CF3SO2)2,True,0.0,LiTFSI,0.08006247560491905,0.08006247560491905
13234,LiN(CF3SO2)2,LiN(CF3SO2)2,True,0.0,LiTFSI,0.08006247560491905,0.08006247560491905
13235,LiN(CF3SO2)2,LiN(CF3SO2)2,True,0.0,LiTFSI,0.08006247560491905,0.08006247560491905
13236,LiN(CF3SO2)2,LiN(CF3SO2)2,True,0.0,LiTFSI,0.08006247560491905,0.08006247560491905
13237,LiN(CF3SO2)2,LiN(CF3SO2)2,True,0.0,LiTFSI,0.08006247560491905,0.08006247560491905
13238,LiN(CF3SO2)2,LiN(CF3SO2)2,True,0.0,LiTFSI,0.08006247560491905,0.08006247560491905
13239,LiN(CF3SO2)2,LiN(CF3SO2)2,True,0.0,LiTFSI,0.08006247560491905,0.08006247560491905
13240,LiN(CF3SO2)2,LiN(CF3SO2)2,True,0.0,LiTFSI,0.08006247560491905,0.08006247560491905
13241,LiN(CF3SO2)2,LiN(CF3SO2)2,True,0.0,LiTFSI,0.08006247560491905,0.08006247560491905
13242,LiN(CF3SO2)2,LiN(CF3SO2)2,True,0.0,LiTFSI,0.08006247560491905,0.08006247560491905
13243,LiN(CF3SO2)2,LiN(CF3SO2)2,True,0.0,LiTFSI,0.08006247560491905,0.08006247560491905
13244,LiN(CF3SO2)2,LiN(CF3SO2)2,True,0.0,LiTFSI,0.08006247560491905,0.08006247560491905
13245,LiN(CF3SO2)2,LiN(CF3SO2)2,True,0.0,LiTFSI,0.08006247560491905,0.08006247560491905
13246,LiN(CF3SO2)2,LiN(CF3SO2)2,True,0.0,LiTFSI,0.08006247560491905,0.08006247560491905
13247,LiN(CF3SO2)2,LiN(CF3SO2)2,True,0.0,LiTFSI,0.08006247560491905,0.08006247560491905
13248,LiN(CF3SO2)2,LiN(CF3SO2)2,True,0.0,LiTFSI,0.08006247560491905,0.08006247560491905
13249,LiN(CF3SO2)2,LiN(CF3SO2)2,True,0.0,LiTFSI,0.08006247560491905,0.08006247560491905
13250,LiN(CF3SO2)2,LiN(CF3SO2)2,True,0.0,LiTFSI,0.08006247560491905,0.08006247560491905
13251,LiN(CF3SO2)2,LiN(CF3SO2)2,True,0.0,LiTFSI,0.08006247560491905,0.08006247560491905
13252,LiN(CF3SO2)2,LiN(CF3SO2)2,True,0.0,LiTFSI,0.08006247560491905,0.08006247560491905
13253,LiN(CF3SO2)2,LiN(CF3SO2)2,True,0.0,LiTFSI,0.08006247560491905,0.08006247560491905
13254,LiN(CF3SO2)2,LiN(CF3SO2)2,True,0.0,LiTFSI,0.08006247560491905,0.08006247560491905
13255,LiN(CF3SO2)2,LiN(CF3SO2)2,True,0.0,LiTFSI,0.08006247560491905,0.08006247560491905
13256,LiN(CF3SO2)2,LiN(CF3SO2)2,True,0.0,LiTFSI,0.08006247560491905,0.08006247560491905
13257,LiN(CF3SO2)2,LiN(CF3SO2)2,True,0.0,LiTFSI,0.08006247560491905,0.08006247560491905
13258,LiN(CF3SO2)2,LiN(CF3SO2)2,True,0.0,LiTFSI,0.08006247560491905,0.08006247560491905
13259,LiN(CF3SO2)2,LiN(CF3SO2)2,True,0.0,LiTFSI,0.08006247560491905,0.08006247560491905
13260,LiN(CF3SO2)2,LiN(CF3SO2)2,True,0.0,LiTFSI,0.08006247560491905,0.08006247560491905
13261,LiN(CF3SO2)2,LiN(CF3SO2)2,True,0.0,LiTFSI,0.08006247560491905,0.08006247560491905
13262,LiN(CF3SO2)2,LiN(CF3SO2)2,True,0.0,LiTFSI,0.08006247560491905,0.08006247560491905
13263,LiN(CF3SO2)2,LiN(CF3SO2)2,True,0.0,LiTFSI,0.08006247560491905,0.08006247560491905
13264,LiN(CF3SO2)2,LiN(CF3SO2)2,True,0.0,LiTFSI,0.08006247560491905,0.08006247560491905
13265,LiN(CF3SO2)2,LiN(CF3SO2)2,True,0.0,LiTFSI,0.08006247560491905,0.08006247560491905
13266,LiN(CF3SO2)2,LiN(CF3SO2)2,True,0.0,LiTFSI,0.08006247560491905,0.08006247560491905
13267,LiN(CF3SO2)2,LiN(CF3SO2)2,True,0.0,LiTFSI,0.08006247560491905,0.08006247560491905
13268,LiN(CF3SO2)2,LiN(CF3SO2)2,True,0.0,LiTFSI,0.08006247560491905,0.08006247560491905
13269,LiN(CF3SO2)2,LiN(CF3SO2)2,True,0.0,LiTFSI,0.08006247560491905,0.08006247560491905
13270,LiN(CF3SO2)2,LiN(CF3SO2)2,True,0.0,LiTFSI,0.08006247560491905,0.08006247560491905
13271,LiN(CF3SO2)2,LiN(CF3SO2)2,True,0.0,LiTFSI,0.08006247560491905,0.08006247560491905
13272,LiN(CF3SO2)2,LiN(CF3SO2)2,True,0.0,LiTFSI,0.08006247560491905,0.08006247560491905
13273,LiN(CF3SO2)2,LiN(CF3SO2)2,True,0.0,LiTFSI,0.08006247560491905,0.08006247560491905
13274,LiN(CF3SO2)2,LiN(CF3SO2)2,True,0.0,LiTFSI,0.08006247560491905,0.08006247560491905
13275,LiN(CF3SO2)2,LiN(CF3SO2)2,True,0.0,LiTFSI,0.08006247560491905,0.08006247560491905
13276,LiN(CF3SO2)2,LiN(CF3SO2)2,True,0.0,LiTFSI,0.08006247560491905,0.08006247560491905
13277,LiN(CF3SO2)2,LiN(CF3SO2)2,True,0.0,LiTFSI,0.08006247560491905,0.08006247560491905
13278,LiN(CF3SO2)2,LiN(CF3SO2)2,True,0.0,LiTFSI,0.08006247560491905,0.08006247560491905
13279,LiBF4,LiBF4,True,0.0,LiPF6,4.9577303274784965,4.9577303274784965
13280,LiBF4,LiBF4,True,0.0,LiPF6,4.9577303274784965,4.9577303274784965
13281,LiBF4,LiBF4,True,0.0,LiPF6,4.9577303274784965,4.9577303274784965
13282,LiBF4,LiBF4,True,0.0,LiPF6,4.9577303274784965,4.9577303274784965
13283,LiBF4,LiBF4,True,0.0,LiPF6,4.9577303274784965,4.9577303274784965
13284,LiBF4,LiBF4,True,0.0,LiPF6,4.9577303274784965,4.9577303274784965
13285,LiBF4,LiBF4,True,0.0,LiPF6,4.9577303274784965,4.9577303274784965
13286,LiBF4,LiBF4,True,0.0,LiPF6,4.9577303274784965,4.9577303274784965
13287,LiBF4,LiBF4,True,0.0,LiPF6,4.9577303274784965,4.9577303274784965
13288,LiBF4,LiBF4,True,0.0,LiPF6,4.9577303274784965,4.9577303274784965
13289,LiBF4,LiBF4,True,0.0,LiPF6,4.9577303274784965,4.9577303274784965
13290,LiBF4,LiBF4,True,0.0,LiPF6,4.9577303274784965,4.9577303274784965
13291,LiBF4,LiBF4,True,0.0,LiPF6,4.9577303274784965,4.9577303274784965
13292,LiBF4,LiBF4,True,0.0,LiPF6,4.9577303274784965,4.9577303274784965
13293,LiBF4,LiBF4,True,0.0,LiPF6,4.9577303274784965,4.9577303274784965
13294,LiBF4,LiBF4,True,0.0,LiPF6,4.9577303274784965,4.9577303274784965
13295,LiBF4,LiBF4,True,0.0,LiPF6,4.9577303274784965,4.9577303274784965
13296,LiBF4,LiBF4,True,0.0,LiPF6,4.9577303274784965,4.9577303274784965
13297,LiBF4,LiBF4,True,0.0,LiPF6,4.9577303274784965,4.9577303274784965
13298,LiBF4,LiBF4,True,0.0,LiPF6,4.9577303274784965,4.9577303274784965
13299,LiBF4,LiBF4,True,0.0,LiPF6,4.9577303274784965,4.9577303274784965
13300,LiBF4,LiBF4,True,0.0,LiPF6,4.9577303274784965,4.9577303274784965
13301,LiBF4,LiBF4,True,0.0,LiPF6,4.9577303274784965,4.9577303274784965
13302,LiBF4,LiBF4,True,0.0,LiPF6,4.9577303274784965,4.9577303274784965
13303,LiBF4,LiBF4,True,0.0,LiPF6,4.9577303274784965,4.9577303274784965
